-- MySQL dump 10.10
--
-- Host: localhost    Database: asterisk_db
-- ------------------------------------------------------
-- Server version	5.0.26

/*!40101 SET @OLD_CHARACTER_SET_CLIENT=@@CHARACTER_SET_CLIENT */;
/*!40101 SET @OLD_CHARACTER_SET_RESULTS=@@CHARACTER_SET_RESULTS */;
/*!40101 SET @OLD_COLLATION_CONNECTION=@@COLLATION_CONNECTION */;
/*!40101 SET NAMES utf8 */;
/*!40103 SET @OLD_TIME_ZONE=@@TIME_ZONE */;
/*!40103 SET TIME_ZONE='+00:00' */;
/*!40014 SET @OLD_UNIQUE_CHECKS=@@UNIQUE_CHECKS, UNIQUE_CHECKS=0 */;
/*!40014 SET @OLD_FOREIGN_KEY_CHECKS=@@FOREIGN_KEY_CHECKS, FOREIGN_KEY_CHECKS=0 */;
/*!40101 SET @OLD_SQL_MODE=@@SQL_MODE, SQL_MODE='NO_AUTO_VALUE_ON_ZERO' */;
/*!40111 SET @OLD_SQL_NOTES=@@SQL_NOTES, SQL_NOTES=0 */;

--
-- Table structure for table `adresses`
--

DROP TABLE IF EXISTS `adresses`;
CREATE TABLE `adresses` (
  `adresses_id` bigint(20) NOT NULL,
  `additionalname` varchar(255) default NULL,
  `comment` varchar(255) default NULL,
  `fax` varchar(255) default NULL,
  `starttime` datetime default NULL,
  `state_id` bigint(20) default NULL,
  `street` varchar(255) default NULL,
  `town` varchar(255) default NULL,
  `updatetime` datetime default NULL,
  `zip` varchar(255) default NULL,
  `deleted` varchar(255) default NULL,
  PRIMARY KEY  (`adresses_id`),
  KEY `FKCE8EE5A42C0EB75F` (`state_id`),
  CONSTRAINT `FKCE8EE5A42C0EB75F` FOREIGN KEY (`state_id`) REFERENCES `states` (`state_id`)
) ENGINE=InnoDB DEFAULT CHARSET=latin1;

--
-- Dumping data for table `adresses`
--

LOCK TABLES `adresses` WRITE;
/*!40000 ALTER TABLE `adresses` DISABLE KEYS */;
INSERT INTO `adresses` VALUES (1,'no','','fax','2008-05-22 10:40:58',1,'street','town',NULL,'zip',NULL);
/*!40000 ALTER TABLE `adresses` ENABLE KEYS */;
UNLOCK TABLES;

--
-- Table structure for table `adresses_emails`
--

DROP TABLE IF EXISTS `adresses_emails`;
CREATE TABLE `adresses_emails` (
  `adresses_emails_id` bigint(20) NOT NULL,
  `adresses_id` bigint(20) default NULL,
  `mail_id` bigint(20) default NULL,
  `starttime` datetime default NULL,
  `updatetime` datetime default NULL,
  `deleted` varchar(255) default NULL,
  PRIMARY KEY  (`adresses_emails_id`),
  KEY `FKA30D5F52F6BD76CE` (`mail_id`),
  KEY `FKA30D5F5257E78C0E` (`adresses_id`),
  CONSTRAINT `FKA30D5F5257E78C0E` FOREIGN KEY (`adresses_id`) REFERENCES `adresses` (`adresses_id`),
  CONSTRAINT `FKA30D5F52F6BD76CE` FOREIGN KEY (`mail_id`) REFERENCES `emails` (`mail_id`)
) ENGINE=InnoDB DEFAULT CHARSET=latin1;

--
-- Dumping data for table `adresses_emails`
--

LOCK TABLES `adresses_emails` WRITE;
/*!40000 ALTER TABLE `adresses_emails` DISABLE KEYS */;
INSERT INTO `adresses_emails` VALUES (1,1,1,'2008-05-22 10:40:59',NULL,'false');
/*!40000 ALTER TABLE `adresses_emails` ENABLE KEYS */;
UNLOCK TABLES;

--
-- Table structure for table `adresses_phones`
--

DROP TABLE IF EXISTS `adresses_phones`;
CREATE TABLE `adresses_phones` (
  `adresses_phone_id` bigint(20) NOT NULL,
  `adresses_id` bigint(20) default NULL,
  `phone_id` bigint(20) default NULL,
  `starttime` datetime default NULL,
  `updatetime` datetime default NULL,
  `deleted` varchar(255) default NULL,
  PRIMARY KEY  (`adresses_phone_id`)
) ENGINE=InnoDB DEFAULT CHARSET=latin1;

--
-- Dumping data for table `adresses_phones`
--

LOCK TABLES `adresses_phones` WRITE;
/*!40000 ALTER TABLE `adresses_phones` DISABLE KEYS */;
/*!40000 ALTER TABLE `adresses_phones` ENABLE KEYS */;
UNLOCK TABLES;

--
-- Table structure for table `banned_conference_users`
--

DROP TABLE IF EXISTS `banned_conference_users`;
CREATE TABLE `banned_conference_users` (
  `confno` int(11) NOT NULL,
  `username` varchar(80) NOT NULL,
  PRIMARY KEY  (`confno`,`username`),
  KEY `FK9533342656638416` (`username`),
  KEY `FK95333426B05407C2` (`confno`)
) ENGINE=MyISAM DEFAULT CHARSET=latin1;

--
-- Dumping data for table `banned_conference_users`
--

LOCK TABLES `banned_conference_users` WRITE;
/*!40000 ALTER TABLE `banned_conference_users` DISABLE KEYS */;
/*!40000 ALTER TABLE `banned_conference_users` ENABLE KEYS */;
UNLOCK TABLES;

--
-- Table structure for table `cdr`
--

DROP TABLE IF EXISTS `cdr`;
CREATE TABLE `cdr` (
  `tmp_key` bigint(20) NOT NULL auto_increment,
  `accountcode` varchar(20) NOT NULL,
  `amaflags` bigint(20) NOT NULL,
  `billsec` bigint(20) NOT NULL,
  `calldate` datetime NOT NULL,
  `channel` varchar(80) NOT NULL,
  `clid` varchar(80) NOT NULL,
  `dcontext` varchar(80) NOT NULL,
  `disposition` varchar(45) NOT NULL,
  `dst` varchar(80) NOT NULL,
  `dstchannel` varchar(80) NOT NULL,
  `duration` bigint(20) NOT NULL,
  `lastapp` varchar(80) NOT NULL,
  `lastdata` varchar(80) NOT NULL,
  `src` varchar(80) NOT NULL,
  `uniqueid` varchar(32) NOT NULL,
  `userfield` varchar(255) NOT NULL,
  PRIMARY KEY  (`tmp_key`),
  KEY `src_dst_index` (`dst`,`src`)
) ENGINE=MyISAM AUTO_INCREMENT=79 DEFAULT CHARSET=latin1;

--
-- Dumping data for table `cdr`
--

LOCK TABLES `cdr` WRITE;
/*!40000 ALTER TABLE `cdr` DISABLE KEYS */;
INSERT INTO `cdr` VALUES (1,'',3,13,'2008-05-28 17:02:44','SIP/janny-08206e38','\"janny\" <janny>','conference','ANSWERED','s','',14,'Hangup','','janny','',''),(2,'',3,14,'2008-05-28 17:03:01','SIP/janny-08206e38','\"janny\" <janny>','conference','ANSWERED','s','',14,'Hangup','','janny','',''),(3,'',3,14,'2008-05-28 17:04:35','SIP/janny-08203228','\"janny\" <janny>','conference','ANSWERED','s','',14,'Hangup','','janny','',''),(4,'',3,13,'2008-05-28 17:06:24','SIP/janny-081fae78','\"janny\" <janny>','conference','ANSWERED','s','',13,'Hangup','','janny','',''),(5,'',3,13,'2008-05-28 17:07:06','SIP/janny-081f8ce0','\"janny\" <janny>','conference','ANSWERED','s','',13,'Hangup','','janny','',''),(6,'',3,5,'2008-05-28 17:09:18','SIP/janny-081f73e0','\"janny\" <janny>','conference','ANSWERED','s','',5,'BackGround','conf-getconfno','janny','',''),(7,'',3,14,'2008-05-28 17:09:34','SIP/janny-081fcc28','\"janny\" <janny>','conference','ANSWERED','s','',14,'Hangup','','janny','',''),(8,'',3,93,'2008-05-28 17:12:22','SIP/janny-081f8970','\"janny\" <janny>','conference','ANSWERED','24','',93,'MeetMe','24|csTvM|','janny','',''),(9,'',3,180,'2008-05-28 17:17:31','SIP/janny-081f5bf0','\"janny\" <janny>','conference','ANSWERED','24','',180,'MeetMe','24|csTvM|','janny','',''),(10,'',3,74,'2008-05-29 11:36:51','SIP/janny-081f9600','\"janny\" <janny>','conference','ANSWERED','24','',75,'MeetMe','24|csTvM|','janny','',''),(11,'',3,33,'2008-05-29 11:38:13','SIP/janny-081f43c0','\"janny\" <janny>','conference','ANSWERED','24','',33,'MeetMe','24|csTvM|','janny','',''),(12,'',3,28,'2008-05-29 11:38:54','SIP/janny-081f43c8','\"janny\" <janny>','conference','ANSWERED','24','',28,'MeetMe','24|csTvM|','janny','',''),(13,'',3,200,'2008-05-29 11:46:04','SIP/janny-081f5bb0','\"janny\" <janny>','conference','ANSWERED','24','',200,'MeetMe','24|csTvM|','janny','',''),(14,'',3,109,'2008-05-29 11:52:11','SIP/janny-082061f8','\"janny\" <janny>','conference','ANSWERED','24','',109,'MeetMe','24|csTvM|','janny','',''),(15,'',3,28,'2008-05-29 11:54:01','SIP/janny-08206138','\"janny\" <janny>','conference','ANSWERED','24','',29,'MeetMe','24|csTvM|','janny','',''),(16,'',3,66,'2008-05-29 11:54:32','SIP/janny-08206138','\"janny\" <janny>','conference','ANSWERED','24','',66,'MeetMe','24|csTvM|','janny','',''),(17,'',3,14,'2008-05-29 11:55:39','SIP/janny-08206138','\"janny\" <janny>','conference','ANSWERED','s','',14,'Hangup','','janny','',''),(18,'',3,25,'2008-05-29 11:55:57','SIP/janny-082157c8','\"janny\" <janny>','conference','ANSWERED','24','',25,'MeetMe','24|csTvM|','janny','',''),(19,'',3,28,'2008-05-29 12:20:47','SIP/janny-08216d58','\"janny\" <janny>','conference','ANSWERED','24','',28,'MeetMe','24|csTvM|','janny','',''),(20,'',3,82,'2008-05-29 12:21:22','SIP/janny-081f8598','\"janny\" <janny>','conference','ANSWERED','24','',82,'MeetMe','24|csTvM|','janny','',''),(21,'',3,534,'2008-05-29 12:33:31','SIP/janny-081f5bb0','\"janny\" <janny>','conference','ANSWERED','24','',535,'MeetMe','24|csTvM|','janny','',''),(22,'',3,55,'2008-05-29 13:00:00','SIP/janny-08206138','\"janny\" <janny>','conference','ANSWERED','24','',55,'MeetMe','24|csTvM|','janny','',''),(23,'',3,268,'2008-05-29 13:11:25','SIP/janny-08216d58','\"janny\" <janny>','conference','ANSWERED','24','',269,'MeetMe','24|csTvM|','janny','',''),(24,'',3,173,'2008-05-29 13:21:33','SIP/janny-082157c8','\"janny\" <janny>','conference','ANSWERED','24','',173,'MeetMe','24|csTvM|','janny','',''),(25,'',3,156,'2008-05-29 13:50:03','SIP/janny-08216d58','\"janny\" <janny>','conference','ANSWERED','24','',156,'MeetMe','24|csTvM|','janny','',''),(26,'',3,111,'2008-05-29 13:59:27','SIP/janny-08216d58','\"janny\" <janny>','conference','ANSWERED','24','',111,'MeetMe','24|csTvM|','janny','',''),(27,'',3,70,'2008-05-29 14:02:29','SIP/janny-082157c8','\"janny\" <janny>','conference','ANSWERED','24','',70,'MeetMe','24|csTvM|','janny','',''),(28,'',3,151,'2008-05-29 14:04:19','SIP/janny-08206348','\"janny\" <janny>','conference','ANSWERED','24','',152,'MeetMe','24|csTvM|','janny','',''),(29,'',3,77,'2008-05-29 14:06:52','SIP/janny-08206348','\"janny\" <janny>','conference','ANSWERED','24','',77,'MeetMe','24|csTvM|','janny','',''),(30,'',3,302,'2008-05-29 14:08:54','SIP/janny-082157c8','\"janny\" <janny>','conference','ANSWERED','24','',302,'GotoIf','0?Encode','janny','',''),(31,'',3,9,'2008-05-29 14:14:04','SIP/janny-082157c8','\"janny\" <janny>','conference','ANSWERED','s','',9,'Hangup','','janny','',''),(32,'',3,17,'2008-05-29 14:14:42','SIP/janny-08206348','\"janny\" <janny>','conference','ANSWERED','24','',18,'GotoIf','0?Encode','janny','',''),(33,'',3,224,'2008-05-29 14:15:16','SIP/janny-08206348','\"janny\" <janny>','conference','ANSWERED','24','',224,'MeetMe','24|csTvM|','janny','',''),(34,'',3,907,'2008-05-29 14:19:02','SIP/janny-08206348','\"janny\" <janny>','conference','ANSWERED','24','',908,'MeetMe','24|csTvM|','janny','',''),(35,'',3,93,'2008-05-29 14:34:51','SIP/janny-081f8800','\"janny\" <janny>','conference','ANSWERED','24','',94,'MeetMe','24|csTvM|','janny','',''),(36,'',3,21,'2008-05-29 15:01:42','SIP/janny-081fab28','\"janny\" <janny>','conference','ANSWERED','24','',22,'GotoIf','0?Encode','janny','',''),(37,'',3,23,'2008-05-29 15:19:03','SIP/janny-081f5778','\"janny\" <janny>','conference','ANSWERED','24','',24,'GotoIf','0?Encode','janny','',''),(38,'',3,271,'2008-05-29 15:45:16','SIP/janny-081f9598','\"janny\" <janny>','conference','ANSWERED','24','',271,'MeetMe','24|csTvM|','janny','',''),(39,'',3,317,'2008-05-29 15:50:50','SIP/janny-081f5620','\"janny\" <janny>','conference','ANSWERED','24','',317,'MeetMe','24|csTvM|','janny','',''),(40,'',3,6,'2008-05-29 15:56:08','SIP/janny-081fec78','\"janny\" <janny>','conference','ANSWERED','s','',6,'WaitExten','8','janny','',''),(41,'',3,443,'2008-05-29 15:56:17','SIP/janny-081f5620','\"janny\" <janny>','conference','ANSWERED','24','',443,'MeetMe','24|csTvM|','janny','',''),(42,'',3,17,'2008-05-29 16:19:31','SIP/janny-081f5620','\"janny\" <janny>','conference','ANSWERED','24','',17,'MeetMe','24|csTvM|','janny','',''),(43,'',3,28,'2008-05-29 16:22:53','SIP/janny-0820c6f0','\"janny\" <janny>','conference','ANSWERED','24','',29,'MeetMe','24|csTvM|','janny','',''),(44,'',3,496,'2008-05-29 16:25:05','SIP/janny-081f6f98','\"janny\" <janny>','conference','ANSWERED','24','',496,'GotoIf','0?Encode','janny','',''),(45,'',3,8,'2008-05-29 16:33:57','SIP/janny-082021a0','\"janny\" <janny>','conference','ANSWERED','s','',8,'Hangup','','janny','',''),(46,'',3,2627,'2008-05-29 16:34:16','SIP/janny-081f56f0','\"janny\" <janny>','conference','ANSWERED','24','',2627,'MeetMe','24|csTvM|','janny','',''),(47,'',3,257,'2008-05-29 17:18:05','SIP/janny-081f56f0','\"janny\" <janny>','conference','ANSWERED','24','',257,'MeetMe','24|csTvM|','janny','',''),(48,'',3,14,'2008-05-29 17:22:24','SIP/janny-081f56f0','\"janny\" <janny>','conference','ANSWERED','24','',14,'MeetMe','24|csTvM|','janny','',''),(49,'',3,6,'2008-05-30 08:50:26','SIP/janny-08209620','\"janny\" <janny>','conference','ANSWERED','s','',6,'Hangup','','janny','',''),(50,'',3,52,'2008-05-30 08:51:37','SIP/janny-08214838','\"janny\" <janny>','conference','ANSWERED','24','',52,'MeetMe','24|csTvM|','janny','',''),(51,'',3,29,'2008-05-30 08:52:30','SIP/janny-081f5d40','\"janny\" <janny>','conference','ANSWERED','24','',30,'MeetMe','24|csTvM|','janny','',''),(52,'',3,8,'2008-05-30 08:53:01','SIP/janny-081f5d40','\"janny\" <janny>','conference','ANSWERED','s','',8,'WaitExten','8','janny','',''),(53,'',3,32,'2008-05-30 08:53:14','SIP/janny-081f5d40','\"janny\" <janny>','conference','ANSWERED','24','',32,'MeetMe','24|csTvM|','janny','',''),(54,'',3,290,'2008-05-30 08:48:55','SIP/janny-081f9738','\"janny\" <janny>','conference','ANSWERED','24','',291,'MeetMe','24|csTvM|','janny','',''),(55,'',3,261,'2008-05-30 08:53:56','SIP/janny-081f5b78','\"janny\" <janny>','conference','ANSWERED','24','',261,'MeetMe','24|csTvM|','janny','',''),(56,'',3,13,'2008-05-30 08:58:18','SIP/janny-082216f8','\"janny\" <janny>','conference','ANSWERED','s','',13,'Hangup','','janny','',''),(57,'',3,11,'2008-05-30 09:10:53','SIP/janny-08201cd8','\"janny\" <janny>','conference','ANSWERED','s','',11,'Hangup','','janny','',''),(58,'',3,6,'2008-05-30 09:23:00','SIP/janny-0823dd80','\"janny\" <janny>','conference','ANSWERED','s','',6,'Hangup','','janny','',''),(59,'',3,167,'2008-05-30 09:23:21','SIP/janny-0823dd80','\"janny\" <janny>','conference','ANSWERED','24','',167,'MeetMe','24|csTvM|','janny','',''),(60,'',3,2957,'2008-05-30 11:12:29','SIP/janny-082696e8','\"janny\" <janny>','conference','ANSWERED','24','',2957,'MeetMe','24|csTvM|','janny','',''),(61,'',3,15,'2008-05-30 12:01:47','SIP/janny-08201cd8','\"janny\" <janny>','conference','ANSWERED','s','',15,'Hangup','','janny','',''),(62,'',3,14,'2008-05-30 12:02:11','SIP/janny-08201cd8','\"janny\" <janny>','conference','ANSWERED','s','',14,'Hangup','','janny','',''),(63,'',3,16,'2008-05-30 12:03:00','SIP/janny-082b0fa0','\"janny\" <janny>','conference','ANSWERED','25','',16,'MeetMe','25|csTvM|','janny','',''),(64,'',3,5,'2008-05-30 12:03:18','SIP/janny-082696e8','\"janny\" <janny>','conference','ANSWERED','s','',5,'BackGround','conf-getconfno','janny','',''),(65,'',3,478,'2008-05-30 12:03:26','SIP/janny-082b0fa0','\"janny\" <janny>','conference','ANSWERED','24','',478,'MeetMe','24|csTvM|','janny','',''),(66,'',3,447,'2008-05-30 12:12:16','SIP/janny-081f43a0','\"janny\" <janny>','conference','ANSWERED','24','',447,'MeetMe','24|csTvM|','janny','',''),(67,'',3,12378,'2008-05-30 08:58:36','SIP/janny-082216f8','\"janny\" <janny>','conference','ANSWERED','24','',12378,'GotoIf','0?Encode','janny','',''),(68,'',3,11642,'2008-05-30 09:11:30','SIP/janny-081f8560','\"janny\" <janny>','conference','ANSWERED','24','',11642,'GotoIf','0?Encode','janny','',''),(69,'',3,4682,'2008-05-30 11:08:40','SIP/janny-0823dd80','\"janny\" <janny>','conference','ANSWERED','24','',4683,'GotoIf','0?Encode','janny','',''),(70,'',3,142,'2008-05-30 12:24:32','SIP/janny-082afe08','\"janny\" <janny>','conference','ANSWERED','24','',142,'GotoIf','0?Encode','janny','',''),(71,'',3,59,'2008-05-30 12:27:50','SIP/janny-081f43a0','\"janny\" <janny>','conference','ANSWERED','24','',59,'GotoIf','0?Encode','janny','',''),(72,'',3,29,'2008-05-30 12:28:58','SIP/janny-082c0e90','\"janny\" <janny>','conference','ANSWERED','24','',29,'GotoIf','0?Encode','janny','',''),(73,'',3,15,'2008-05-30 12:29:40','SIP/janny-082c0e90','\"janny\" <janny>','conference','ANSWERED','s','',15,'Hangup','','janny','',''),(74,'',3,14,'2008-05-30 12:30:10','SIP/janny-082047f8','\"janny\" <janny>','conference','ANSWERED','s','',14,'Hangup','','janny','',''),(75,'',3,9,'2008-05-30 12:30:44','SIP/janny-082c0e90','\"janny\" <janny>','conference','ANSWERED','s','',9,'Hangup','','janny','',''),(76,'',3,169,'2008-05-30 12:31:01','SIP/janny-08298aa8','\"janny\" <janny>','conference','ANSWERED','24','',169,'GotoIf','0?Encode','janny','',''),(77,'',3,15,'2008-05-30 12:37:42','SIP/janny-082c0e90','\"janny\" <janny>','conference','ANSWERED','24','',15,'GotoIf','0?Encode','janny','',''),(78,'',3,4448,'2008-05-30 12:41:25','SIP/janny-08298aa8','\"janny\" <janny>','conference','ANSWERED','24','',4448,'MeetMe','24|csTvM|','janny','','');
/*!40000 ALTER TABLE `cdr` ENABLE KEYS */;
UNLOCK TABLES;

--
-- Table structure for table `conference_users`
--

DROP TABLE IF EXISTS `conference_users`;
CREATE TABLE `conference_users` (
  `id` int(11) NOT NULL,
  `joinDate` bigint(20) default NULL,
  `muted` bit(1) NOT NULL,
  `talking` bit(1) NOT NULL,
  `conference` int(11) NOT NULL,
  `username` varchar(80) default NULL,
  PRIMARY KEY  (`id`,`conference`),
  KEY `FK6808F12556638416` (`username`),
  KEY `FK6808F1252C73C8F9` (`conference`)
) ENGINE=MyISAM DEFAULT CHARSET=latin1;

--
-- Dumping data for table `conference_users`
--

LOCK TABLES `conference_users` WRITE;
/*!40000 ALTER TABLE `conference_users` DISABLE KEYS */;
/*!40000 ALTER TABLE `conference_users` ENABLE KEYS */;
UNLOCK TABLES;

--
-- Table structure for table `configuration`
--

DROP TABLE IF EXISTS `configuration`;
CREATE TABLE `configuration` (
  `configuration_id` bigint(20) NOT NULL,
  `comment` varchar(255) default NULL,
  `conf_key` varchar(255) default NULL,
  `conf_value` varchar(255) default NULL,
  `starttime` datetime default NULL,
  `updatetime` datetime default NULL,
  `deleted` varchar(255) default NULL,
  `user_id` bigint(20) default NULL,
  PRIMARY KEY  (`configuration_id`)
) ENGINE=InnoDB DEFAULT CHARSET=latin1;

--
-- Dumping data for table `configuration`
--

LOCK TABLES `configuration` WRITE;
/*!40000 ALTER TABLE `configuration` DISABLE KEYS */;
INSERT INTO `configuration` VALUES (1,'This Class is used for Authentification-Crypting. Be carefull what you do here! If you change it while running previous Pass of users will not be workign anymore! for more Information see http://code.google.com/p/openmeetings/wiki/CustomCryptMechanism','crypt_ClassName','org.openmeetings.utils.crypt.MD5Implementation','2008-05-22 10:40:57',NULL,'false',NULL),(2,'','allow_frontend_register','0','2008-05-22 10:40:57',NULL,'false',NULL),(3,'','default_group_id','1','2008-05-22 10:40:57',NULL,'false',NULL),(4,'','default_domain_id','1','2008-05-22 10:40:57',NULL,'false',NULL),(5,'this is the smtp server to send messages','smtp_server','poczta.o2.pl','2008-05-22 10:40:57',NULL,'false',NULL),(6,'this is the smtp server port normally 25','smtp_port','','2008-05-22 10:40:57',NULL,'false',NULL),(7,'all send EMails by the system will have this address','system_email_addr','qualipso@o2.pl','2008-05-22 10:40:57',NULL,'false',NULL),(8,'System auth email username','email_username','qualipso','2008-05-22 10:40:57',NULL,'false',NULL),(9,'System auth email password','email_userpass','qualipso.x7','2008-05-22 10:40:57',NULL,'false',NULL),(10,'Default System Language ID see language.xml','default_lang_id','1','2008-05-22 10:40:57',NULL,'false',NULL),(11,'Path To SWF-Tools','swftools_path','','2008-05-22 10:40:57',NULL,'false',NULL),(12,'Path to ImageMagick tools','imagemagick_path','','2008-05-22 10:40:57',NULL,'false',NULL),(13,'Feed URL','rss_feed1','http://groups.google.com/group/openmeetings-dev/feed/atom_v1_0_msgs.xml','2008-05-22 10:40:57',NULL,'false',NULL),(14,'Feed URL 2','rss_feed2','http://groups.google.com/group/openmeetings-user/feed/atom_v1_0_msgs.xml','2008-05-22 10:40:57',NULL,'false',NULL),(15,'User get a EMail with their Account data. Values: 0(No) or 1(Yes)','sendEmailAtRegister','0','2008-05-22 10:40:57',NULL,'false',NULL),(16,'User must activate their account by clicking on the activation-link in the registering Email. Values: 0(No) or 1(Yes) It makes no sense to make this(sendEmailWithVerficationCode) 1(Yes) while sendEmailAtRegister is 0(No) cause you needto send a EMail.','sendEmailWithVerficationCode','0','2008-05-22 10:40:57',NULL,'false',NULL);
/*!40000 ALTER TABLE `configuration` ENABLE KEYS */;
UNLOCK TABLES;

--
-- Table structure for table `emails`
--

DROP TABLE IF EXISTS `emails`;
CREATE TABLE `emails` (
  `mail_id` bigint(20) NOT NULL,
  `comment` varchar(255) default NULL,
  `email` varchar(255) default NULL,
  `startdate` datetime default NULL,
  `updatedate` datetime default NULL,
  `deleted` varchar(255) default NULL,
  PRIMARY KEY  (`mail_id`)
) ENGINE=InnoDB DEFAULT CHARSET=latin1;

--
-- Dumping data for table `emails`
--

LOCK TABLES `emails` WRITE;
/*!40000 ALTER TABLE `emails` DISABLE KEYS */;
INSERT INTO `emails` VALUES (1,'','jannny@man.poznan.pl','2008-05-22 10:40:58',NULL,'false');
/*!40000 ALTER TABLE `emails` ENABLE KEYS */;
UNLOCK TABLES;

--
-- Table structure for table `errortypes`
--

DROP TABLE IF EXISTS `errortypes`;
CREATE TABLE `errortypes` (
  `errortype_id` bigint(20) NOT NULL,
  `starttime` datetime default NULL,
  `updatetime` datetime default NULL,
  `deleted` varchar(255) default NULL,
  `fieldvalues_id` bigint(20) default NULL,
  PRIMARY KEY  (`errortype_id`),
  KEY `FK62B08B71DBAC5730` (`fieldvalues_id`),
  CONSTRAINT `FK62B08B71DBAC5730` FOREIGN KEY (`fieldvalues_id`) REFERENCES `fieldvalues` (`fieldvalues_id`)
) ENGINE=InnoDB DEFAULT CHARSET=latin1;

--
-- Dumping data for table `errortypes`
--

LOCK TABLES `errortypes` WRITE;
/*!40000 ALTER TABLE `errortypes` DISABLE KEYS */;
INSERT INTO `errortypes` VALUES (1,'2008-05-22 10:40:52',NULL,'false',322),(2,'2008-05-22 10:40:52',NULL,'false',323);
/*!40000 ALTER TABLE `errortypes` ENABLE KEYS */;
UNLOCK TABLES;

--
-- Table structure for table `errorvalues`
--

DROP TABLE IF EXISTS `errorvalues`;
CREATE TABLE `errorvalues` (
  `errorvalues_id` bigint(20) NOT NULL,
  `starttime` datetime default NULL,
  `updatetime` datetime default NULL,
  `deleted` varchar(255) default NULL,
  `fieldvalues_id` bigint(20) default NULL,
  `errortype_id` bigint(20) default NULL,
  PRIMARY KEY  (`errorvalues_id`),
  KEY `FKF576C92A3E0B32E4` (`errortype_id`),
  KEY `FKF576C92ADBAC5730` (`fieldvalues_id`),
  CONSTRAINT `FKF576C92A3E0B32E4` FOREIGN KEY (`errortype_id`) REFERENCES `errortypes` (`errortype_id`),
  CONSTRAINT `FKF576C92ADBAC5730` FOREIGN KEY (`fieldvalues_id`) REFERENCES `fieldvalues` (`fieldvalues_id`)
) ENGINE=InnoDB DEFAULT CHARSET=latin1;

--
-- Dumping data for table `errorvalues`
--

LOCK TABLES `errorvalues` WRITE;
/*!40000 ALTER TABLE `errorvalues` DISABLE KEYS */;
INSERT INTO `errorvalues` VALUES (1,'2008-05-22 10:40:52',NULL,'false',334,1),(2,'2008-05-22 10:40:52',NULL,'false',319,1),(3,'2008-05-22 10:40:53',NULL,'false',320,1),(4,'2008-05-22 10:40:53',NULL,'false',321,2),(5,'2008-05-22 10:40:53',NULL,'false',324,1),(6,'2008-05-22 10:40:53',NULL,'false',330,1),(7,'2008-05-22 10:40:53',NULL,'false',331,1),(8,'2008-05-22 10:40:53',NULL,'false',332,2),(9,'2008-05-22 10:40:53',NULL,'false',318,1),(10,'2008-05-22 10:40:53',NULL,'false',335,1),(11,'2008-05-22 10:40:53',NULL,'false',336,1),(12,'2008-05-22 10:40:53',NULL,'false',337,1),(13,'2008-05-22 10:40:53',NULL,'false',103,1),(14,'2008-05-22 10:40:53',NULL,'false',338,1),(15,'2008-05-22 10:40:54',NULL,'false',105,1),(16,'2008-05-22 10:40:54',NULL,'false',107,1),(17,'2008-05-22 10:40:54',NULL,'false',106,1),(18,'2008-05-22 10:40:54',NULL,'false',236,1),(19,'2008-05-22 10:40:54',NULL,'false',339,1),(20,'2008-05-22 10:40:54',NULL,'false',340,1),(21,'2008-05-22 10:40:54',NULL,'false',341,1),(22,'2008-05-22 10:40:54',NULL,'false',342,1),(23,'2008-05-22 10:40:54',NULL,'false',343,2),(24,'2008-05-22 10:40:56',NULL,'false',345,1),(25,'2008-05-22 10:40:56',NULL,'false',346,1),(26,'2008-05-22 10:40:56',NULL,'false',347,1),(27,'2008-05-22 10:40:56',NULL,'false',358,1),(28,'2008-05-22 10:40:56',NULL,'false',357,2),(29,'2008-05-22 10:40:56',NULL,'false',358,1),(30,'2008-05-22 10:40:56',NULL,'false',403,2),(31,'2008-05-22 10:40:56',NULL,'false',533,1),(32,'2008-05-22 10:40:56',NULL,'false',534,1),(33,'2008-05-22 10:40:56',NULL,'false',535,1),(34,'2008-05-22 10:40:56',NULL,'false',538,1);
/*!40000 ALTER TABLE `errorvalues` ENABLE KEYS */;
UNLOCK TABLES;

--
-- Table structure for table `extensions_conf`
--

DROP TABLE IF EXISTS `extensions_conf`;
CREATE TABLE `extensions_conf` (
  `id` bigint(20) NOT NULL auto_increment,
  `app` varchar(40) NOT NULL,
  `appdata` text,
  `context` varchar(40) NOT NULL,
  `exten` varchar(40) NOT NULL,
  `priority` int(11) NOT NULL,
  PRIMARY KEY  (`id`),
  UNIQUE KEY `context` (`context`,`exten`,`priority`),
  KEY `exten_index` (`exten`)
) ENGINE=MyISAM AUTO_INCREMENT=187 DEFAULT CHARSET=latin1;

--
-- Dumping data for table `extensions_conf`
--

LOCK TABLES `extensions_conf` WRITE;
/*!40000 ALTER TABLE `extensions_conf` DISABLE KEYS */;
INSERT INTO `extensions_conf` VALUES (175,'Goto','conference|s|1','psnc-sip','conference',1),(176,'Set','mainloop = 1','conference','s',1),(177,'Answer','','conference','s',2),(178,'Wait','2','conference','s',3),(179,'Background','conf-getconfno','conference','s',4),(180,'WaitExten','8','conference','s',5),(181,'Set','mainloop = $[${mainloop}+1]','conference','s',10),(182,'GotoIf','$[${mainloop} <= 3]?3','conference','s',11),(183,'HangUp','','conference','s',12),(184,'Goto','s|10','conference','t',1),(185,'Background','conf-invalid','conference','i',1),(186,'Goto','s|10','conference','i',2);
/*!40000 ALTER TABLE `extensions_conf` ENABLE KEYS */;
UNLOCK TABLES;

--
-- Table structure for table `fieldlanguage`
--

DROP TABLE IF EXISTS `fieldlanguage`;
CREATE TABLE `fieldlanguage` (
  `language_id` bigint(20) NOT NULL,
  `name` varchar(255) default NULL,
  `starttime` datetime default NULL,
  `updatetime` datetime default NULL,
  `deleted` varchar(255) default NULL,
  PRIMARY KEY  (`language_id`)
) ENGINE=InnoDB DEFAULT CHARSET=latin1;

--
-- Dumping data for table `fieldlanguage`
--

LOCK TABLES `fieldlanguage` WRITE;
/*!40000 ALTER TABLE `fieldlanguage` DISABLE KEYS */;
INSERT INTO `fieldlanguage` VALUES (1,'english','2008-05-22 10:36:56',NULL,'false'),(2,'deutsch','2008-05-22 10:37:09',NULL,'false'),(3,'french','2008-05-22 10:37:15',NULL,'false'),(4,'italian','2008-05-22 10:37:20',NULL,'false'),(5,'portugues','2008-05-22 10:37:24',NULL,'false'),(6,'spanish','2008-05-22 10:37:30',NULL,'false'),(7,'russian','2008-05-22 10:37:35',NULL,'false'),(8,'swedish','2008-05-22 10:37:47',NULL,'false'),(9,'chinese simplified','2008-05-22 10:37:59',NULL,'false'),(10,'chinese traditional','2008-05-22 10:38:15',NULL,'false'),(11,'korean','2008-05-22 10:38:38',NULL,'false'),(12,'arabic','2008-05-22 10:39:10',NULL,'false'),(13,'japanese','2008-05-22 10:39:39',NULL,'false'),(14,'indonesian','2008-05-22 10:40:11',NULL,'false');
/*!40000 ALTER TABLE `fieldlanguage` ENABLE KEYS */;
UNLOCK TABLES;

--
-- Table structure for table `fieldlanguagesvalues`
--

DROP TABLE IF EXISTS `fieldlanguagesvalues`;
CREATE TABLE `fieldlanguagesvalues` (
  `fieldlanguagesvalues_id` bigint(20) NOT NULL,
  `starttime` datetime default NULL,
  `updatetime` datetime default NULL,
  `deleted` varchar(255) default NULL,
  `fieldvalues_id` bigint(20) NOT NULL,
  `language_id` bigint(20) NOT NULL,
  `value` varchar(255) default NULL,
  PRIMARY KEY  (`fieldlanguagesvalues_id`),
  KEY `FK3BFBC0C3DBAC5730` (`fieldvalues_id`),
  CONSTRAINT `FK3BFBC0C3DBAC5730` FOREIGN KEY (`fieldvalues_id`) REFERENCES `fieldvalues` (`fieldvalues_id`)
) ENGINE=InnoDB DEFAULT CHARSET=latin1;

--
-- Dumping data for table `fieldlanguagesvalues`
--

LOCK TABLES `fieldlanguagesvalues` WRITE;
/*!40000 ALTER TABLE `fieldlanguagesvalues` DISABLE KEYS */;
INSERT INTO `fieldlanguagesvalues` VALUES (1,'2008-05-22 10:36:56',NULL,'false',1,1,'Conference'),(2,'2008-05-22 10:36:56',NULL,'false',2,1,'Meeting'),(3,'2008-05-22 10:36:56',NULL,'false',3,1,'Events'),(4,'2008-05-22 10:36:56',NULL,'false',4,1,'Settings'),(5,'2008-05-22 10:36:56',NULL,'false',5,1,'Profile'),(6,'2008-05-22 10:36:56',NULL,'false',6,1,'Administration'),(7,'2008-05-22 10:36:56',NULL,'false',7,1,'Stop'),(8,'2008-05-22 10:36:56',NULL,'false',8,1,'Record'),(9,'2008-05-22 10:36:56',NULL,'false',9,1,'No file available'),(10,'2008-05-22 10:36:56',NULL,'false',10,1,'Record by Teacher'),(11,'2008-05-22 10:36:56',NULL,'false',11,1,'Connected users:'),(12,'2008-05-22 10:36:56',NULL,'false',12,1,'Start a conference'),(13,'2008-05-22 10:36:56',NULL,'false',13,1,'My Name'),(14,'2008-05-22 10:36:56',NULL,'false',14,1,'VideoConference'),(15,'2008-05-22 10:36:56',NULL,'false',15,1,'File Upload'),(16,'2008-05-22 10:36:56',NULL,'false',16,1,'Refresh list'),(17,'2008-05-22 10:36:56',NULL,'false',17,1,'To Main File'),(18,'2008-05-22 10:36:57',NULL,'false',18,1,'new poll'),(19,'2008-05-22 10:36:57',NULL,'false',19,1,'A new poll for the conference.'),(20,'2008-05-22 10:36:57',NULL,'false',20,1,'Question:'),(21,'2008-05-22 10:36:57',NULL,'false',21,1,'Type of poll:'),(22,'2008-05-22 10:36:57',NULL,'false',22,1,'Create'),(23,'2008-05-22 10:36:57',NULL,'false',23,1,'Info: Each connected user receives a message with the new poll.'),(24,'2008-05-22 10:36:57',NULL,'false',24,1,'Create a poll'),(25,'2008-05-22 10:36:57',NULL,'false',25,1,'Cancel'),(26,'2008-05-22 10:36:57',NULL,'false',26,1,'Yes/No'),(27,'2008-05-22 10:36:57',NULL,'false',27,1,'Numeric 1-10'),(28,'2008-05-22 10:36:57',NULL,'false',28,1,'Poll'),(29,'2008-05-22 10:36:57',NULL,'false',29,1,'Must be Moderator to create an question'),(30,'2008-05-22 10:36:57',NULL,'false',30,1,'Your vote is registered.'),(31,'2008-05-22 10:36:57',NULL,'false',31,1,'Your have already voted in this poll.'),(32,'2008-05-22 10:36:57',NULL,'false',32,1,'Vote !'),(33,'2008-05-22 10:36:57',NULL,'false',33,1,'Your response:'),(34,'2008-05-22 10:36:57',NULL,'false',34,1,'Yes'),(35,'2008-05-22 10:36:57',NULL,'false',35,1,'No'),(36,'2008-05-22 10:36:57',NULL,'false',36,1,'will wissen:'),(37,'2008-05-22 10:36:57',NULL,'false',37,1,'Poll results'),(38,'2008-05-22 10:36:57',NULL,'false',38,1,'Question:'),(39,'2008-05-22 10:36:57',NULL,'false',39,1,'Results:'),(40,'2008-05-22 10:36:57',NULL,'false',40,1,'Answers:'),(41,'2008-05-22 10:36:57',NULL,'false',41,1,'No polls have been started.'),(42,'2008-05-22 10:36:57',NULL,'false',42,1,'Vote!'),(43,'2008-05-22 10:36:57',NULL,'false',43,1,'Meeting (max 4 seats)'),(44,'2008-05-22 10:36:57',NULL,'false',44,1,'Conference (max 50 seats)'),(45,'2008-05-22 10:36:57',NULL,'false',45,1,'Type'),(46,'2008-05-22 10:36:57',NULL,'false',46,1,'Other seats'),(47,'2008-05-22 10:36:57',NULL,'false',47,1,'Already chosen'),(48,'2008-05-22 10:36:57',NULL,'false',48,1,'enter'),(49,'2008-05-22 10:36:57',NULL,'false',49,1,'The moderator has left the meeting.'),(50,'2008-05-22 10:36:57',NULL,'false',50,1,'System information'),(51,'2008-05-22 10:36:57',NULL,'false',51,1,'Choose device'),(52,'2008-05-22 10:36:57',NULL,'false',52,1,'Choose webcam:'),(53,'2008-05-22 10:36:57',NULL,'false',53,1,'Choose micro:'),(54,'2008-05-22 10:36:57',NULL,'false',54,1,'ok'),(55,'2008-05-22 10:36:57',NULL,'false',55,1,'cancel'),(56,'2008-05-22 10:36:57',NULL,'false',56,1,'You need to reconnect.'),(57,'2008-05-22 10:36:57',NULL,'false',57,1,'Edit setup.'),(58,'2008-05-22 10:36:57',NULL,'false',58,1,'Course:'),(59,'2008-05-22 10:36:57',NULL,'false',59,1,'Language:'),(60,'2008-05-22 10:36:57',NULL,'false',60,1,'ok'),(61,'2008-05-22 10:36:57',NULL,'false',61,1,'cancel'),(62,'2008-05-22 10:36:57',NULL,'false',62,1,'Clear whiteboard'),(63,'2008-05-22 10:36:57',NULL,'false',63,1,'Do you want that the whiteboard to be emptied before a new picture is added?'),(64,'2008-05-22 10:36:57',NULL,'false',64,1,'Don\'t ask again'),(65,'2008-05-22 10:36:58',NULL,'false',65,1,'no'),(66,'2008-05-22 10:36:58',NULL,'false',66,1,'Edit setup'),(67,'2008-05-22 10:36:58',NULL,'false',67,1,'Confirmation request before emptying the whiteboard.'),(68,'2008-05-22 10:36:58',NULL,'false',68,1,'User Info'),(69,'2008-05-22 10:36:58',NULL,'false',69,1,'Clear DrawArea'),(70,'2008-05-22 10:36:58',NULL,'false',70,1,'Undo'),(71,'2008-05-22 10:36:58',NULL,'false',71,1,'Redo'),(72,'2008-05-22 10:36:58',NULL,'false',72,1,'Select an Object'),(73,'2008-05-22 10:36:58',NULL,'false',73,1,'Text'),(74,'2008-05-22 10:36:58',NULL,'false',74,1,'Paint'),(75,'2008-05-22 10:36:58',NULL,'false',75,1,'Draw line'),(76,'2008-05-22 10:36:58',NULL,'false',76,1,'Draw underline'),(77,'2008-05-22 10:36:58',NULL,'false',77,1,'Rectangle'),(78,'2008-05-22 10:36:58',NULL,'false',78,1,'Ellipse'),(79,'2008-05-22 10:36:58',NULL,'false',79,1,'Arrow'),(80,'2008-05-22 10:36:58',NULL,'false',80,1,'delete chosen Item'),(81,'2008-05-22 10:36:58',NULL,'false',81,1,'Apply for moderation'),(82,'2008-05-22 10:36:58',NULL,'false',82,1,'apply'),(83,'2008-05-22 10:36:58',NULL,'false',83,1,'cancel'),(84,'2008-05-22 10:36:58',NULL,'false',84,1,'Become moderator'),(85,'2008-05-22 10:36:58',NULL,'false',85,1,'close'),(86,'2008-05-22 10:36:58',NULL,'false',86,1,'italic'),(87,'2008-05-22 10:36:58',NULL,'false',87,1,'bold'),(88,'2008-05-22 10:36:58',NULL,'false',88,1,'WAITING'),(89,'2008-05-22 10:36:58',NULL,'false',89,1,'A User wants to apply for moderation:'),(90,'2008-05-22 10:36:58',NULL,'false',90,1,'accept'),(91,'2008-05-22 10:36:58',NULL,'false',91,1,'reject'),(92,'2008-05-22 10:36:58',NULL,'false',92,1,'cancel'),(93,'2008-05-22 10:36:58',NULL,'false',93,1,'Sending request to following Users'),(94,'2008-05-22 10:36:58',NULL,'false',94,1,'Accepted'),(95,'2008-05-22 10:36:58',NULL,'false',95,1,'Rejected'),(96,'2008-05-22 10:36:58',NULL,'false',96,1,'Change Moderator'),(97,'2008-05-22 10:36:58',NULL,'false',97,1,'You are not moderating this course!'),(98,'2008-05-22 10:36:58',NULL,'false',98,1,'Moderator:'),(99,'2008-05-22 10:36:58',NULL,'false',99,1,'This Room is full. Sorry please try again later.'),(100,'2008-05-22 10:36:58',NULL,'false',100,1,'Ellipse'),(101,'2008-05-22 10:36:58',NULL,'false',101,1,'close'),(102,'2008-05-22 10:36:58',NULL,'false',102,1,'input data error'),(103,'2008-05-22 10:36:58',NULL,'false',103,1,'4 or more characters; capitalization matters!'),(104,'2008-05-22 10:36:58',NULL,'false',104,1,'userpass must be at least 4 characters'),(105,'2008-05-22 10:36:58',NULL,'false',105,1,'The username is already taken'),(106,'2008-05-22 10:36:58',NULL,'false',106,1,'The email is already registered'),(107,'2008-05-22 10:36:58',NULL,'false',107,1,'System error please contact System-Admins'),(108,'2008-05-22 10:36:58',NULL,'false',108,1,'Login'),(109,'2008-05-22 10:36:58',NULL,'false',109,1,'User:'),(110,'2008-05-22 10:36:58',NULL,'false',110,1,'Pass:'),(111,'2008-05-22 10:36:58',NULL,'false',111,1,'Language'),(112,'2008-05-22 10:36:58',NULL,'false',112,1,'Sign In'),(113,'2008-05-22 10:36:58',NULL,'false',113,1,'Sign Up'),(114,'2008-05-22 10:36:58',NULL,'false',114,1,'User:'),(115,'2008-05-22 10:36:58',NULL,'false',115,1,'Pass:'),(116,'2008-05-22 10:36:58',NULL,'false',116,1,'ReType:'),(117,'2008-05-22 10:36:59',NULL,'false',117,1,'Firstname:'),(118,'2008-05-22 10:36:59',NULL,'false',118,1,'Lastname:'),(119,'2008-05-22 10:36:59',NULL,'false',119,1,'Mail:'),(120,'2008-05-22 10:36:59',NULL,'false',120,1,'Country:'),(121,'2008-05-22 10:36:59',NULL,'false',121,1,'Register'),(122,'2008-05-22 10:36:59',NULL,'false',122,1,'Cancel'),(123,'2008-05-22 10:36:59',NULL,'false',123,1,'Not a member?'),(124,'2008-05-22 10:36:59',NULL,'false',124,1,'Home'),(125,'2008-05-22 10:36:59',NULL,'false',125,1,'Users'),(126,'2008-05-22 10:36:59',NULL,'false',126,1,'Groups'),(127,'2008-05-22 10:36:59',NULL,'false',127,1,'Organisations'),(128,'2008-05-22 10:36:59',NULL,'false',128,1,'Meeting-Rooms'),(129,'2008-05-22 10:36:59',NULL,'false',129,1,'public'),(130,'2008-05-22 10:36:59',NULL,'false',130,1,'Organisation'),(131,'2008-05-22 10:36:59',NULL,'false',131,1,'enter'),(132,'2008-05-22 10:36:59',NULL,'false',132,1,'Login'),(133,'2008-05-22 10:36:59',NULL,'false',133,1,'Password'),(134,'2008-05-22 10:36:59',NULL,'false',134,1,'Retype'),(135,'2008-05-22 10:36:59',NULL,'false',135,1,'Firstname'),(136,'2008-05-22 10:36:59',NULL,'false',136,1,'Lastname'),(137,'2008-05-22 10:36:59',NULL,'false',137,1,'Mail'),(138,'2008-05-22 10:36:59',NULL,'false',138,1,'Birthday'),(139,'2008-05-22 10:36:59',NULL,'false',139,1,'Street/No'),(140,'2008-05-22 10:36:59',NULL,'false',140,1,'ZIP/Town'),(141,'2008-05-22 10:36:59',NULL,'false',141,1,'Country'),(142,'2008-05-22 10:36:59',NULL,'false',142,1,'Adress-Info'),(143,'2008-05-22 10:36:59',NULL,'false',143,1,'Userdata'),(144,'2008-05-22 10:36:59',NULL,'false',144,1,'save'),(145,'2008-05-22 10:36:59',NULL,'false',145,1,'Save'),(146,'2008-05-22 10:36:59',NULL,'false',146,1,'USER-ID'),(147,'2008-05-22 10:36:59',NULL,'false',147,1,'Login'),(148,'2008-05-22 10:36:59',NULL,'false',148,1,'Firstname'),(149,'2008-05-22 10:36:59',NULL,'false',149,1,'Lastname'),(150,'2008-05-22 10:36:59',NULL,'false',150,1,'show next'),(151,'2008-05-22 10:37:00',NULL,'false',151,1,'show pre'),(152,'2008-05-22 10:37:00',NULL,'false',152,1,'delete record'),(153,'2008-05-22 10:37:00',NULL,'false',153,1,'cancel'),(154,'2008-05-22 10:37:00',NULL,'false',154,1,'delete'),(155,'2008-05-22 10:37:00',NULL,'false',155,1,'new record'),(156,'2008-05-22 10:37:00',NULL,'false',156,1,'refresh record'),(157,'2008-05-22 10:37:00',NULL,'false',157,1,'delete record'),(158,'2008-05-22 10:37:00',NULL,'false',158,1,'status'),(159,'2008-05-22 10:37:00',NULL,'false',159,1,'disabled'),(160,'2008-05-22 10:37:00',NULL,'false',160,1,'enabled'),(161,'2008-05-22 10:37:00',NULL,'false',161,1,'Organisations'),(162,'2008-05-22 10:37:00',NULL,'false',162,1,'calendar'),(163,'2008-05-22 10:37:00',NULL,'false',163,1,'close'),(164,'2008-05-22 10:37:00',NULL,'false',164,1,'Organisation-ID'),(165,'2008-05-22 10:37:00',NULL,'false',165,1,'Name'),(166,'2008-05-22 10:37:00',NULL,'false',166,1,'User'),(167,'2008-05-22 10:37:00',NULL,'false',167,1,'Moderator'),(168,'2008-05-22 10:37:00',NULL,'false',168,1,'Admin'),(169,'2008-05-22 10:37:00',NULL,'false',169,1,'userlevel'),(170,'2008-05-22 10:37:00',NULL,'false',170,1,'Organisation'),(171,'2008-05-22 10:37:00',NULL,'false',171,1,'name'),(172,'2008-05-22 10:37:00',NULL,'false',172,1,'add organisation'),(173,'2008-05-22 10:37:00',NULL,'false',173,1,'add organisation'),(174,'2008-05-22 10:37:01',NULL,'false',174,1,'cancel'),(175,'2008-05-22 10:37:01',NULL,'false',175,1,'add'),(176,'2008-05-22 10:37:01',NULL,'false',176,1,'remove organisation'),(177,'2008-05-22 10:37:01',NULL,'false',177,1,'user'),(178,'2008-05-22 10:37:01',NULL,'false',178,1,'add user'),(179,'2008-05-22 10:37:01',NULL,'false',179,1,'delete user'),(180,'2008-05-22 10:37:01',NULL,'false',180,1,'add user'),(181,'2008-05-22 10:37:01',NULL,'false',181,1,'search user'),(182,'2008-05-22 10:37:01',NULL,'false',182,1,'search'),(183,'2008-05-22 10:37:01',NULL,'false',183,1,'user'),(184,'2008-05-22 10:37:01',NULL,'false',184,1,'Organisation'),(185,'2008-05-22 10:37:01',NULL,'false',185,1,'enter'),(186,'2008-05-22 10:37:01',NULL,'false',186,1,'Conferencerooms'),(187,'2008-05-22 10:37:01',NULL,'false',187,1,'Conferencerooms'),(188,'2008-05-22 10:37:01',NULL,'false',188,1,'id'),(189,'2008-05-22 10:37:01',NULL,'false',189,1,'Name'),(190,'2008-05-22 10:37:01',NULL,'false',190,1,'public'),(191,'2008-05-22 10:37:01',NULL,'false',191,1,'Organisations'),(192,'2008-05-22 10:37:01',NULL,'false',192,1,'Meetingrooms'),(193,'2008-05-22 10:37:01',NULL,'false',193,1,'Name'),(194,'2008-05-22 10:37:01',NULL,'false',194,1,'Type'),(195,'2008-05-22 10:37:01',NULL,'false',195,1,'Public'),(196,'2008-05-22 10:37:01',NULL,'false',196,1,'Comment'),(197,'2008-05-22 10:37:01',NULL,'false',197,1,'save'),(198,'2008-05-22 10:37:01',NULL,'false',198,1,'load'),(199,'2008-05-22 10:37:01',NULL,'false',199,1,'save as'),(200,'2008-05-22 10:37:01',NULL,'false',200,1,'Filename'),(201,'2008-05-22 10:37:01',NULL,'false',201,1,'filename'),(202,'2008-05-22 10:37:01',NULL,'false',202,1,'cancel'),(203,'2008-05-22 10:37:01',NULL,'false',203,1,'save'),(204,'2008-05-22 10:37:01',NULL,'false',204,1,'error'),(205,'2008-05-22 10:37:01',NULL,'false',205,1,'loading'),(206,'2008-05-22 10:37:01',NULL,'false',206,1,'objects loaded'),(207,'2008-05-22 10:37:01',NULL,'false',207,1,'snychronizing clients, clients to wait:'),(208,'2008-05-22 10:37:01',NULL,'false',208,1,'Loading Imagedata'),(209,'2008-05-22 10:37:01',NULL,'false',209,1,'snychronizing clients, clients to wait:'),(210,'2008-05-22 10:37:01',NULL,'false',210,1,'clear drawarea'),(211,'2008-05-22 10:37:01',NULL,'false',211,1,'clear drawarea, all data on whiteboard will be lost'),(212,'2008-05-22 10:37:01',NULL,'false',212,1,'Confirm before loading a file'),(213,'2008-05-22 10:37:01',NULL,'false',213,1,'Send invitation'),(214,'2008-05-22 10:37:01',NULL,'false',214,1,'Send invitation'),(215,'2008-05-22 10:37:01',NULL,'false',215,1,'Subject'),(216,'2008-05-22 10:37:01',NULL,'false',216,1,'Recipient'),(217,'2008-05-22 10:37:02',NULL,'false',217,1,'Message'),(218,'2008-05-22 10:37:02',NULL,'false',218,1,'Send'),(219,'2008-05-22 10:37:02',NULL,'false',219,1,'cancel'),(220,'2008-05-22 10:37:02',NULL,'false',220,1,'send'),(221,'2008-05-22 10:37:02',NULL,'false',221,1,'Userdata'),(222,'2008-05-22 10:37:02',NULL,'false',222,1,'Your nickname for this conference'),(223,'2008-05-22 10:37:02',NULL,'false',223,1,'Nick'),(224,'2008-05-22 10:37:02',NULL,'false',224,1,'Firstname'),(225,'2008-05-22 10:37:02',NULL,'false',225,1,'Lastname'),(226,'2008-05-22 10:37:02',NULL,'false',226,1,'Email'),(227,'2008-05-22 10:37:02',NULL,'false',227,1,'Language'),(228,'2008-05-22 10:37:02',NULL,'false',228,1,'enter'),(229,'2008-05-22 10:37:02',NULL,'false',229,1,'Loading'),(230,'2008-05-22 10:37:02',NULL,'false',230,1,'Data loading, please wait!'),(231,'2008-05-22 10:37:02',NULL,'false',231,1,'Wrong Password'),(232,'2008-05-22 10:37:02',NULL,'false',232,1,'Please enter two identical passwords with at least 4 characters'),(233,'2008-05-22 10:37:02',NULL,'false',233,1,'Wrong Mail'),(234,'2008-05-22 10:37:02',NULL,'false',234,1,'You have entered an invalid Mail-Adress'),(235,'2008-05-22 10:37:02',NULL,'false',235,1,'Registration Complete'),(236,'2008-05-22 10:37:02',NULL,'false',236,1,'Your account has been created. You can login now.'),(237,'2008-05-22 10:37:02',NULL,'false',237,1,'You cannot share your screen at the moment. Somebody else already share\'s its screen.'),(238,'2008-05-22 10:37:02',NULL,'false',238,1,'Sharing forbidden'),(239,'2008-05-22 10:37:02',NULL,'false',239,1,'Share your Screen'),(240,'2008-05-22 10:37:03',NULL,'false',240,1,'Bad Bandwidth: You have not been able to syncronize the Screen. Frames will be dropped. If this Warning is shown often you could ask the moderator to reduce the Quality.'),(241,'2008-05-22 10:37:03',NULL,'false',241,1,'Screen of:'),(242,'2008-05-22 10:37:03',NULL,'false',242,1,'Paint'),(243,'2008-05-22 10:37:03',NULL,'false',243,1,'Document'),(244,'2008-05-22 10:37:03',NULL,'false',244,1,'Chat'),(245,'2008-05-22 10:37:03',NULL,'false',245,1,'Files'),(246,'2008-05-22 10:37:03',NULL,'false',246,1,'Members'),(247,'2008-05-22 10:37:03',NULL,'false',247,1,'Download original document'),(248,'2008-05-22 10:37:03',NULL,'false',248,1,'Download pdf document'),(249,'2008-05-22 10:37:03',NULL,'false',249,1,'Load Presentation to whiteboard'),(250,'2008-05-22 10:37:03',NULL,'false',250,1,'Configuration'),(251,'2008-05-22 10:37:03',NULL,'false',251,1,'Drag this Object'),(252,'2008-05-22 10:37:03',NULL,'false',252,1,'Resize this Object'),(253,'2008-05-22 10:37:03',NULL,'false',253,1,'%'),(254,'2008-05-22 10:37:03',NULL,'false',254,1,'of'),(255,'2008-05-22 10:37:03',NULL,'false',255,1,'Go to first Page'),(256,'2008-05-22 10:37:03',NULL,'false',256,1,'Go to previous Page'),(257,'2008-05-22 10:37:03',NULL,'false',257,1,'Go to next Page'),(258,'2008-05-22 10:37:04',NULL,'false',258,1,'Go to last Page'),(259,'2008-05-22 10:37:04',NULL,'false',259,1,'Zoom --'),(260,'2008-05-22 10:37:04',NULL,'false',260,1,'Zoom ++'),(261,'2008-05-22 10:37:04',NULL,'false',261,1,'Mr.'),(262,'2008-05-22 10:37:04',NULL,'false',262,1,'Ms.'),(263,'2008-05-22 10:37:04',NULL,'false',263,1,'Configuration'),(264,'2008-05-22 10:37:04',NULL,'false',264,1,'ID'),(265,'2008-05-22 10:37:04',NULL,'false',265,1,'Key'),(266,'2008-05-22 10:37:04',NULL,'false',266,1,'Configuration'),(267,'2008-05-22 10:37:04',NULL,'false',267,1,'Key'),(268,'2008-05-22 10:37:04',NULL,'false',268,1,'last update'),(269,'2008-05-22 10:37:04',NULL,'false',269,1,'updatedby'),(270,'2008-05-22 10:37:04',NULL,'false',270,1,'comment'),(271,'2008-05-22 10:37:04',NULL,'false',271,1,'Value'),(272,'2008-05-22 10:37:04',NULL,'false',272,1,'of'),(273,'2008-05-22 10:37:04',NULL,'false',273,1,'Users'),(274,'2008-05-22 10:37:04',NULL,'false',274,1,'delete user from organisation'),(275,'2008-05-22 10:37:04',NULL,'false',275,1,'delete'),(276,'2008-05-22 10:37:04',NULL,'false',276,1,'This user is already member of this organisation.'),(277,'2008-05-22 10:37:04',NULL,'false',277,1,'News'),(278,'2008-05-22 10:37:04',NULL,'false',278,1,'Quicklinks'),(279,'2008-05-22 10:37:04',NULL,'false',279,1,'Goto Conference'),(280,'2008-05-22 10:37:04',NULL,'false',280,1,'Goto Auditorium'),(281,'2008-05-22 10:37:04',NULL,'false',281,1,'Help and Support'),(282,'2008-05-22 10:37:04',NULL,'false',282,1,'http://code.google.com/p/openmeetings/'),(283,'2008-05-22 10:37:04',NULL,'false',283,1,'http://groups.google.com/group/openmeetings-user'),(284,'2008-05-22 10:37:04',NULL,'false',284,1,'Report a bug!'),(285,'2008-05-22 10:37:04',NULL,'false',285,1,'more'),(286,'2008-05-22 10:37:04',NULL,'false',286,1,'Project Webside (code.google.com/p/openmeetings/)'),(287,'2008-05-22 10:37:04',NULL,'false',287,1,'User Mailing List (groups.google.com/group/openmeetings-user)'),(288,'2008-05-22 10:37:04',NULL,'false',288,1,'Remember Login'),(289,'2008-05-22 10:37:04',NULL,'false',289,1,'Content'),(290,'2008-05-22 10:37:04',NULL,'false',290,1,'My Home Page'),(291,'2008-05-22 10:37:04',NULL,'false',291,1,'My Scheduled Meetings'),(292,'2008-05-22 10:37:04',NULL,'false',292,1,'My Scheduled Events'),(293,'2008-05-22 10:37:04',NULL,'false',293,1,'Public Meetings'),(294,'2008-05-22 10:37:04',NULL,'false',294,1,'Private Meetings'),(295,'2008-05-22 10:37:04',NULL,'false',295,1,'Public Events'),(296,'2008-05-22 10:37:04',NULL,'false',296,1,'Private Events'),(297,'2008-05-22 10:37:04',NULL,'false',297,1,'Public Content'),(298,'2008-05-22 10:37:04',NULL,'false',298,1,'Private Content'),(299,'2008-05-22 10:37:04',NULL,'false',299,1,'Personal Content'),(300,'2008-05-22 10:37:04',NULL,'false',300,1,''),(301,'2008-05-22 10:37:04',NULL,'false',301,1,'Moderation'),(302,'2008-05-22 10:37:04',NULL,'false',302,1,'Apply for Moderation'),(303,'2008-05-22 10:37:04',NULL,'false',303,1,'Polls'),(304,'2008-05-22 10:37:04',NULL,'false',304,1,'Choose a file'),(305,'2008-05-22 10:37:04',NULL,'false',305,1,'Settings'),(306,'2008-05-22 10:37:04',NULL,'false',306,1,'Cam and Mic Settings'),(307,'2008-05-22 10:37:04',NULL,'false',307,1,'Whiteboard Settings'),(308,'2008-05-22 10:37:04',NULL,'false',308,1,'Exit'),(309,'2008-05-22 10:37:04',NULL,'false',309,1,'Back to Rooms'),(310,'2008-05-22 10:37:05',NULL,'false',310,1,'Logout'),(311,'2008-05-22 10:37:05',NULL,'false',311,1,'Forgot your password?'),(312,'2008-05-22 10:37:05',NULL,'false',312,1,'Reset Password'),(313,'2008-05-22 10:37:05',NULL,'false',313,1,'By Mail'),(314,'2008-05-22 10:37:05',NULL,'false',314,1,'By Login'),(315,'2008-05-22 10:37:05',NULL,'false',315,1,'Your Mail'),(316,'2008-05-22 10:37:05',NULL,'false',316,1,'Your Login'),(317,'2008-05-22 10:37:05',NULL,'false',317,1,'Send Mail with reset Link'),(318,'2008-05-22 10:37:05',NULL,'false',318,1,'No such email address was found. Make sure you enter the same email address you used to create your account.'),(319,'2008-05-22 10:37:05',NULL,'false',319,1,'Please enter either a Mail or a Username'),(320,'2008-05-22 10:37:05',NULL,'false',320,1,'There is no User connected to this Username'),(321,'2008-05-22 10:37:05',NULL,'false',321,1,'The email containing a special link has been sent to your email address, please check your mailbox. If you still have not received a email, please adjust your email spam settings and resend confirmation email.'),(322,'2008-05-22 10:37:05',NULL,'false',322,1,'Error'),(323,'2008-05-22 10:37:05',NULL,'false',323,1,'Message'),(324,'2008-05-22 10:37:05',NULL,'false',324,1,'Invalid Hash. No User found.'),(325,'2008-05-22 10:37:05',NULL,'false',325,1,'Reset Your Password'),(326,'2008-05-22 10:37:05',NULL,'false',326,1,'Login'),(327,'2008-05-22 10:37:05',NULL,'false',327,1,'change Password'),(328,'2008-05-22 10:37:05',NULL,'false',328,1,'new Password'),(329,'2008-05-22 10:37:05',NULL,'false',329,1,'re-enter Password'),(330,'2008-05-22 10:37:05',NULL,'false',330,1,'The Passwords you entered weren\'t identical.'),(331,'2008-05-22 10:37:05',NULL,'false',331,1,'4 or more characters; capitalization matters!'),(332,'2008-05-22 10:37:05',NULL,'false',332,1,'Password set. You can login now.'),(333,'2008-05-22 10:37:05',NULL,'false',333,1,'OK'),(334,'2008-05-22 10:37:05',NULL,'false',334,1,'Unkown Error. Please report this to your Service-Team.'),(335,'2008-05-22 10:37:05',NULL,'false',335,1,'Username not found'),(336,'2008-05-22 10:37:05',NULL,'false',336,1,'Invalid Password'),(337,'2008-05-22 10:37:05',NULL,'false',337,1,'Successfully Logged out'),(338,'2008-05-22 10:37:05',NULL,'false',338,1,'Frontend Registration disabled.'),(339,'2008-05-22 10:37:05',NULL,'false',339,1,'Invalid EMail'),(340,'2008-05-22 10:37:05',NULL,'false',340,1,'duplicate filename, please choose another filename'),(341,'2008-05-22 10:37:05',NULL,'false',341,1,'filename too short'),(342,'2008-05-22 10:37:05',NULL,'false',342,1,'Could not save Address'),(343,'2008-05-22 10:37:05',NULL,'false',343,1,'User added but you need to assign this User to an Organisation, otherwise he won\'t be able to sign-in.'),(344,'2008-05-22 10:37:05',NULL,'false',344,1,'New Record'),(345,'2008-05-22 10:37:05',NULL,'false',345,1,'No Field found with this FieldId.'),(346,'2008-05-22 10:37:05',NULL,'false',346,1,'No Label found for that Field.'),(347,'2008-05-22 10:37:05',NULL,'false',347,1,'Admin Authorization required'),(348,'2008-05-22 10:37:05',NULL,'false',348,1,'Language-Editor'),(349,'2008-05-22 10:37:05',NULL,'false',349,1,'Language'),(350,'2008-05-22 10:37:05',NULL,'false',350,1,'Label-ID'),(351,'2008-05-22 10:37:05',NULL,'false',351,1,'Label-Name'),(352,'2008-05-22 10:37:05',NULL,'false',352,1,'Value'),(353,'2008-05-22 10:37:05',NULL,'false',353,1,'Fieldvalues'),(354,'2008-05-22 10:37:05',NULL,'false',354,1,'LabelName'),(355,'2008-05-22 10:37:05',NULL,'false',355,1,'LabelValue'),(356,'2008-05-22 10:37:05',NULL,'false',356,1,'Label-ID'),(357,'2008-05-22 10:37:05',NULL,'false',357,1,'You did only delete the Label NOT the Field! You cannot delete the Field, it may has Labels in other Languages.'),(358,'2008-05-22 10:37:05',NULL,'false',358,1,'Invalid Labelid. The FieldLanguagesvalues_Id cannot be found in the database.'),(359,'2008-05-22 10:37:05',NULL,'false',359,1,'You cannot delete this Field. You can only delete Labels NOT Fields. There is no Label loaded at the moment, wether it is not selected any Field or there is no Label for this Language for that Field defined.'),(360,'2008-05-22 10:37:05',NULL,'false',360,1,'export'),(361,'2008-05-22 10:37:06',NULL,'false',361,1,'You need to logout to see any changes.'),(362,'2008-05-22 10:37:06',NULL,'false',362,1,'Add new language'),(363,'2008-05-22 10:37:06',NULL,'false',363,1,'delete language'),(364,'2008-05-22 10:37:06',NULL,'false',364,1,'Add new language'),(365,'2008-05-22 10:37:06',NULL,'false',365,1,'Name'),(366,'2008-05-22 10:37:06',NULL,'false',366,1,'add language'),(367,'2008-05-22 10:37:06',NULL,'false',367,1,'Backup'),(368,'2008-05-22 10:37:06',NULL,'false',368,1,'goto first'),(369,'2008-05-22 10:37:06',NULL,'false',369,1,'goto previous'),(370,'2008-05-22 10:37:06',NULL,'false',370,1,'goto next'),(371,'2008-05-22 10:37:06',NULL,'false',371,1,'goto last'),(372,'2008-05-22 10:37:06',NULL,'false',372,1,'user speaks'),(373,'2008-05-22 10:37:06',NULL,'false',373,1,'turn sound on/off'),(374,'2008-05-22 10:37:06',NULL,'false',374,1,'System'),(375,'2008-05-22 10:37:06',NULL,'false',375,1,'Your Settings'),(376,'2008-05-22 10:37:06',NULL,'false',376,1,'hi,'),(377,'2008-05-22 10:37:06',NULL,'false',377,1,'Edit your profile'),(378,'2008-05-22 10:37:06',NULL,'false',378,1,'New Messages:'),(379,'2008-05-22 10:37:06',NULL,'false',379,1,'Upload new Image'),(380,'2008-05-22 10:37:06',NULL,'false',380,1,'Userdata - Export'),(381,'2008-05-22 10:37:06',NULL,'false',381,1,'All organisations must be already existing!'),(382,'2008-05-22 10:37:06',NULL,'false',382,1,'start export'),(383,'2008-05-22 10:37:06',NULL,'false',383,1,'By organisation'),(384,'2008-05-22 10:37:06',NULL,'false',384,1,'start export'),(385,'2008-05-22 10:37:06',NULL,'false',385,1,'Userdata - Import'),(386,'2008-05-22 10:37:06',NULL,'false',386,1,'choose users.xml'),(387,'2008-05-22 10:37:06',NULL,'false',387,1,'import'),(388,'2008-05-22 10:37:06',NULL,'false',388,1,'Export to XML - These files can be used to: - Contribute to the project - Import into another System - Backup - Customization - Put it into the language-directory for your next installation'),(389,'2008-05-22 10:37:06',NULL,'false',389,1,'Choose a language file to import. Choose the right Langauge from the Combobox! No matter what the name of the file is, it will be imported into this language!'),(390,'2008-05-22 10:37:06',NULL,'false',390,1,'import - choose file'),(391,'2008-05-22 10:37:06',NULL,'false',391,1,'Save as'),(392,'2008-05-22 10:37:06',NULL,'false',392,1,'Name:'),(393,'2008-05-22 10:37:06',NULL,'false',393,1,'Comment:'),(394,'2008-05-22 10:37:06',NULL,'false',394,1,'save'),(395,'2008-05-22 10:37:06',NULL,'false',395,1,'Recordings'),(396,'2008-05-22 10:37:06',NULL,'false',396,1,'Recordings Viewer'),(397,'2008-05-22 10:37:06',NULL,'false',397,1,'Recordings of public and private Rooms'),(398,'2008-05-22 10:37:06',NULL,'false',398,1,'Users :'),(399,'2008-05-22 10:37:06',NULL,'false',399,1,'Joined:'),(400,'2008-05-22 10:37:06',NULL,'false',400,1,''),(401,'2008-05-22 10:37:06',NULL,'false',401,1,'Users in this Room:'),(402,'2008-05-22 10:37:06',NULL,'false',402,1,'refresh'),(403,'2008-05-22 10:37:06',NULL,'false',403,1,'This Room is Full. Try again in a few minutes.'),(404,'2008-05-22 10:37:06',NULL,'false',404,1,'click on a room to get details'),(405,'2008-05-22 10:37:06',NULL,'false',405,1,'Chat with the users in this Room:'),(406,'2008-05-22 10:37:06',NULL,'false',406,1,'Room:'),(407,'2008-05-22 10:37:06',NULL,'false',407,1,'Users in this room:'),(408,'2008-05-22 10:37:06',NULL,'false',408,1,'since:'),(409,'2008-05-22 10:37:06',NULL,'false',409,1,'play recording'),(410,'2008-05-22 10:37:07',NULL,'false',410,1,'Length:'),(411,'2008-05-22 10:37:07',NULL,'false',411,1,'Date:'),(412,'2008-05-22 10:37:07',NULL,'false',412,1,'Recorder Mode! You cannot change any values, this is a recorded File!'),(413,'2008-05-22 10:37:07',NULL,'false',413,1,'Play this recording'),(414,'2008-05-22 10:37:07',NULL,'false',414,1,'Play / Pause'),(415,'2008-05-22 10:37:07',NULL,'false',415,1,'Start recording'),(416,'2008-05-22 10:37:07',NULL,'false',416,1,'stop recording'),(417,'2008-05-22 10:37:07',NULL,'false',417,1,'Recording:'),(418,'2008-05-22 10:37:07',NULL,'false',418,1,'There is already somebody recording at the moment:'),(419,'2008-05-22 10:37:07',NULL,'false',419,1,'Recording! By User:'),(420,'2008-05-22 10:37:07',NULL,'false',420,1,'cancel'),(421,'2008-05-22 10:37:07',NULL,'false',421,1,'Recording will be canceled and not saved.'),(422,'2008-05-22 10:37:07',NULL,'false',422,1,'resume'),(423,'2008-05-22 10:37:07',NULL,'false',423,1,'Close this window and resume recording'),(424,'2008-05-22 10:37:07',NULL,'false',424,1,'change Linecolor'),(425,'2008-05-22 10:37:07',NULL,'false',425,1,'Choose Color'),(426,'2008-05-22 10:37:07',NULL,'false',426,1,'Disable / Enable Linecolor'),(427,'2008-05-22 10:37:07',NULL,'false',427,1,'change Fillcolor'),(428,'2008-05-22 10:37:07',NULL,'false',428,1,'Disable / Enable Fillcolor'),(429,'2008-05-22 10:37:07',NULL,'false',429,1,'Change Linewidth'),(430,'2008-05-22 10:37:07',NULL,'false',430,1,'close'),(431,'2008-05-22 10:37:07',NULL,'false',431,1,'change Fontsize'),(432,'2008-05-22 10:37:07',NULL,'false',432,1,'Delete Recording'),(433,'2008-05-22 10:37:07',NULL,'false',433,1,'Guest'),(434,'2008-05-22 10:37:07',NULL,'false',434,1,'By:'),(435,'2008-05-22 10:37:07',NULL,'false',435,1,'Name'),(436,'2008-05-22 10:37:07',NULL,'false',436,1,'Room'),(437,'2008-05-22 10:37:07',NULL,'false',437,1,'Date'),(438,'2008-05-22 10:37:07',NULL,'false',438,1,'cancel'),(439,'2008-05-22 10:37:07',NULL,'false',439,1,'start'),(440,'2008-05-22 10:37:07',NULL,'false',440,1,'Name'),(441,'2008-05-22 10:37:07',NULL,'false',441,1,'Date'),(442,'2008-05-22 10:37:07',NULL,'false',442,1,'Delete Server-Chatlog'),(443,'2008-05-22 10:37:07',NULL,'false',443,1,'Chat'),(444,'2008-05-22 10:37:07',NULL,'false',444,1,'send message'),(445,'2008-05-22 10:37:07',NULL,'false',445,1,'Emoticons'),(446,'2008-05-22 10:37:07',NULL,'false',446,1,'Emoticons'),(447,'2008-05-22 10:37:07',NULL,'false',447,1,'Choose Published Devices'),(448,'2008-05-22 10:37:07',NULL,'false',448,1,'Audio and Video'),(449,'2008-05-22 10:37:07',NULL,'false',449,1,'Audio only'),(450,'2008-05-22 10:37:07',NULL,'false',450,1,'Video only'),(451,'2008-05-22 10:37:07',NULL,'false',451,1,'no Audio/Video (static Image)'),(452,'2008-05-22 10:37:07',NULL,'false',452,1,'No Audio/Video from your PC will be published, instead of that a picture from your profile will be shown. Choose these settings if you have problems with your bandwidth or a very slow Internet connection.'),(453,'2008-05-22 10:37:08',NULL,'false',453,1,'MO'),(454,'2008-05-22 10:37:08',NULL,'false',454,1,'TU'),(455,'2008-05-22 10:37:08',NULL,'false',455,1,'WE'),(456,'2008-05-22 10:37:08',NULL,'false',456,1,'TH'),(457,'2008-05-22 10:37:08',NULL,'false',457,1,'FR'),(458,'2008-05-22 10:37:08',NULL,'false',458,1,'SA'),(459,'2008-05-22 10:37:08',NULL,'false',459,1,'SU'),(460,'2008-05-22 10:37:08',NULL,'false',460,1,'Monday'),(461,'2008-05-22 10:37:08',NULL,'false',461,1,'Tuesday'),(462,'2008-05-22 10:37:08',NULL,'false',462,1,'Wednesday'),(463,'2008-05-22 10:37:08',NULL,'false',463,1,'Thursday'),(464,'2008-05-22 10:37:08',NULL,'false',464,1,'Friday'),(465,'2008-05-22 10:37:08',NULL,'false',465,1,'Saturday'),(466,'2008-05-22 10:37:08',NULL,'false',466,1,'Sunday'),(467,'2008-05-22 10:37:08',NULL,'false',467,1,'CW'),(468,'2008-05-22 10:37:08',NULL,'false',468,1,'Calendar week'),(469,'2008-05-22 10:37:08',NULL,'false',469,1,'January'),(470,'2008-05-22 10:37:08',NULL,'false',470,1,'February'),(471,'2008-05-22 10:37:08',NULL,'false',471,1,'March'),(472,'2008-05-22 10:37:08',NULL,'false',472,1,'April'),(473,'2008-05-22 10:37:08',NULL,'false',473,1,'May'),(474,'2008-05-22 10:37:08',NULL,'false',474,1,'June'),(475,'2008-05-22 10:37:08',NULL,'false',475,1,'July'),(476,'2008-05-22 10:37:08',NULL,'false',476,1,'August'),(477,'2008-05-22 10:37:08',NULL,'false',477,1,'September'),(478,'2008-05-22 10:37:08',NULL,'false',478,1,'October'),(479,'2008-05-22 10:37:08',NULL,'false',479,1,'November'),(480,'2008-05-22 10:37:08',NULL,'false',480,1,'December'),(481,'2008-05-22 10:37:08',NULL,'false',481,1,'Calendar'),(482,'2008-05-22 10:37:08',NULL,'false',482,1,'Participants'),(483,'2008-05-22 10:37:08',NULL,'false',483,1,'Show Layout Settings'),(484,'2008-05-22 10:37:08',NULL,'false',484,1,'X | Y'),(485,'2008-05-22 10:37:08',NULL,'false',485,1,'Width | Height'),(486,'2008-05-22 10:37:08',NULL,'false',486,1,'Video-Container'),(487,'2008-05-22 10:37:08',NULL,'false',487,1,'Moderation-Container'),(488,'2008-05-22 10:37:08',NULL,'false',488,1,'X'),(489,'2008-05-22 10:37:08',NULL,'false',489,1,'Whiteboard-Container'),(490,'2008-05-22 10:37:08',NULL,'false',490,1,'Enabled'),(491,'2008-05-22 10:37:08',NULL,'false',491,1,'X | Y'),(492,'2008-05-22 10:37:08',NULL,'false',492,1,'Width | Height'),(493,'2008-05-22 10:37:08',NULL,'false',493,1,'Files,Chat,Participants - Container'),(494,'2008-05-22 10:37:08',NULL,'false',494,1,'Enabled'),(495,'2008-05-22 10:37:08',NULL,'false',495,1,'X |Y'),(496,'2008-05-22 10:37:08',NULL,'false',496,1,'Width | Height'),(497,'2008-05-22 10:37:08',NULL,'false',497,1,'The Moderator has left the Room. No one is presenting at the Moment. You could apply for Moderation or wait.'),(498,'2008-05-22 10:37:08',NULL,'false',498,1,'There is no Moderator in this Room, but there are some Participants. You have to apply for Moderation or wait.'),(499,'2008-05-22 10:37:08',NULL,'false',499,1,'Feedback OpenMeetings'),(500,'2008-05-22 10:37:08',NULL,'false',500,1,'OpenMeetings - Invitation'),(501,'2008-05-22 10:37:08',NULL,'false',501,1,'Message from User:'),(502,'2008-05-22 10:37:08',NULL,'false',502,1,'Message:'),(503,'2008-05-22 10:37:08',NULL,'false',503,1,'Click this link to participate in the Meetings:'),(504,'2008-05-22 10:37:08',NULL,'false',504,1,'Click here to enter room'),(505,'2008-05-22 10:37:08',NULL,'false',505,1,'if you have problems with the link, please copy and paste this to your browser:'),(506,'2008-05-22 10:37:08',NULL,'false',506,1,'OpenMeetings SignUp'),(507,'2008-05-22 10:37:08',NULL,'false',507,1,'Your userdata:'),(508,'2008-05-22 10:37:09',NULL,'false',508,1,'Login:'),(509,'2008-05-22 10:37:09',NULL,'false',509,1,'Pass:'),(510,'2008-05-22 10:37:09',NULL,'false',510,1,'EMail:'),(511,'2008-05-22 10:37:09',NULL,'false',511,1,'OpenMeetings-Team'),(512,'2008-05-22 10:37:09',NULL,'false',512,1,'OpenMeetings Sign-Up'),(513,'2008-05-22 10:37:09',NULL,'false',513,1,'OpenMeetings - Reset Password'),(514,'2008-05-22 10:37:09',NULL,'false',514,1,'Click on this link to enter a new password:'),(515,'2008-05-22 10:37:09',NULL,'false',515,1,'Click here to enter a new Password'),(516,'2008-05-22 10:37:09',NULL,'false',516,1,'if you have problems with the link, please copy and paste this to your browser:'),(517,'2008-05-22 10:37:09',NULL,'false',517,1,'OpenMeetings Password Reset'),(518,'2008-05-22 10:37:09',NULL,'false',518,1,'Please enter a valid Date, for example 24.12.2001 (dd.mm.yyyy)'),(519,'2008-05-22 10:37:09',NULL,'false',519,1,'Please enter a valid EMail, for example name@mail.com'),(520,'2008-05-22 10:37:09',NULL,'false',520,1,'Please enter a Float-Number, for example 1.00'),(521,'2008-05-22 10:37:09',NULL,'false',521,1,'Please enter a Number (Integer), for example 100'),(522,'2008-05-22 10:37:09',NULL,'false',522,1,'Please enter a valid Phone number, for example ++49 0123 123123'),(523,'2008-05-22 10:37:09',NULL,'false',523,1,'Please enter a valid time, for example 12:23 (hh:mm)'),(524,'2008-05-22 10:37:09',NULL,'false',524,1,'Password protected'),(525,'2008-05-22 10:37:09',NULL,'false',525,1,'Password'),(526,'2008-05-22 10:37:09',NULL,'false',526,1,'Validity period'),(527,'2008-05-22 10:37:09',NULL,'false',527,1,'Endless'),(528,'2008-05-22 10:37:09',NULL,'false',528,1,'Period'),(529,'2008-05-22 10:37:09',NULL,'false',529,1,'One-Time'),(530,'2008-05-22 10:37:09',NULL,'false',530,1,'Valid From:'),(531,'2008-05-22 10:37:09',NULL,'false',531,1,'Valid to:'),(532,'2008-05-22 10:37:09',NULL,'false',532,1,'Invitation To OpenMeetings'),(533,'2008-05-22 10:37:09',NULL,'false',533,1,'Not Invitation availible for this Invitation-Code'),(534,'2008-05-22 10:37:09',NULL,'false',534,1,'The Invitation was already used. This type of Invitation cannot be re-used.'),(535,'2008-05-22 10:37:09',NULL,'false',535,1,'This Invitation-Code is not valid.'),(536,'2008-05-22 10:37:09',NULL,'false',536,1,'Password:'),(537,'2008-05-22 10:37:09',NULL,'false',537,1,'Check Password'),(538,'2008-05-22 10:37:09',NULL,'false',538,1,'Invalid Password!'),(539,'2008-05-22 10:37:09',NULL,'false',539,1,'Browser'),(540,'2008-05-22 10:37:09',NULL,'false',540,1,'Syncronize Audio/Video'),(541,'2008-05-22 10:37:09',NULL,'false',541,1,'Login was correct, but the Session you tried is not active or stored on the Server. You have to get a new SessionId and retry login.'),(542,'2008-05-22 10:37:09',NULL,'false',542,1,'The SessionId is not loggedin or has no Admin rights. The SOAP Gateway needs an User with Admin-Rights to embed new Users.'),(543,'2008-05-22 10:37:09',NULL,'false',543,1,'This Session has no Remoteuser-Data connected. Wether you did not call the SOAP-Gateway before accessing the Application or you are usnig a wrong Session-ID'),(544,'2008-05-22 10:37:09',NULL,'false',544,1,'The recorder is currently Beta!'),(545,'2008-05-22 10:37:09',NULL,'false',1,2,'Konferenz'),(546,'2008-05-22 10:37:09',NULL,'false',2,2,'Meeting'),(547,'2008-05-22 10:37:09',NULL,'false',3,2,'Event'),(548,'2008-05-22 10:37:09',NULL,'false',4,2,'Einstellungen'),(549,'2008-05-22 10:37:09',NULL,'false',5,2,'Profil'),(550,'2008-05-22 10:37:09',NULL,'false',6,2,'Administration'),(551,'2008-05-22 10:37:09',NULL,'false',7,2,'Stop'),(552,'2008-05-22 10:37:09',NULL,'false',8,2,'Record'),(553,'2008-05-22 10:37:09',NULL,'false',9,2,'Keine Datei vorhanden'),(554,'2008-05-22 10:37:09',NULL,'false',10,2,'Aufnahme nur fr Lehrer verfgbar'),(555,'2008-05-22 10:37:09',NULL,'false',11,2,'verbunden Benutzer:'),(556,'2008-05-22 10:37:09',NULL,'false',12,2,'Konferenz starten'),(557,'2008-05-22 10:37:09',NULL,'false',13,2,'Mein Name'),(558,'2008-05-22 10:37:09',NULL,'false',14,2,'VideoConference'),(559,'2008-05-22 10:37:09',NULL,'false',15,2,'Datei importieren'),(560,'2008-05-22 10:37:09',NULL,'false',16,2,'Liste neu laden'),(561,'2008-05-22 10:37:09',NULL,'false',17,2,'Zum Hauptverzeichnis'),(562,'2008-05-22 10:37:09',NULL,'false',18,2,'neue Umfrage'),(563,'2008-05-22 10:37:09',NULL,'false',19,2,'Eine neue Umfrage fr die Konferenz.'),(564,'2008-05-22 10:37:09',NULL,'false',20,2,'Frage:'),(565,'2008-05-22 10:37:09',NULL,'false',21,2,'Umfragenart:'),(566,'2008-05-22 10:37:09',NULL,'false',22,2,'anlegen'),(567,'2008-05-22 10:37:09',NULL,'false',23,2,'Info: Jeder verbundene Benutzer erhlt eine Nachricht mit der neuen Umfrage.'),(568,'2008-05-22 10:37:09',NULL,'false',24,2,'Umfrage anlegen'),(569,'2008-05-22 10:37:09',NULL,'false',25,2,'abbrechen'),(570,'2008-05-22 10:37:09',NULL,'false',26,2,'Ja/Nein'),(571,'2008-05-22 10:37:09',NULL,'false',27,2,'Numerisch 1-10'),(572,'2008-05-22 10:37:09',NULL,'false',28,2,'Umfrage'),(573,'2008-05-22 10:37:09',NULL,'false',29,2,'Sie mssen Moderator/Lehrer in diesem Raum sein um eine Umfrage anzulegen.'),(574,'2008-05-22 10:37:09',NULL,'false',30,2,'Ihr Stimme wurde abgegeben.'),(575,'2008-05-22 10:37:09',NULL,'false',31,2,'Sie haben fr diese Umfrage bereits ihr Votum abgegeben.'),(576,'2008-05-22 10:37:09',NULL,'false',32,2,'abstimmen!'),(577,'2008-05-22 10:37:09',NULL,'false',33,2,'Ihre Antwort:'),(578,'2008-05-22 10:37:09',NULL,'false',34,2,'Ja'),(579,'2008-05-22 10:37:09',NULL,'false',35,2,'Nein'),(580,'2008-05-22 10:37:09',NULL,'false',36,2,'will wissen:'),(581,'2008-05-22 10:37:09',NULL,'false',37,2,'Umfrageergebnisse'),(582,'2008-05-22 10:37:10',NULL,'false',38,2,'Frage:'),(583,'2008-05-22 10:37:10',NULL,'false',39,2,'Antworten:'),(584,'2008-05-22 10:37:10',NULL,'false',40,2,'Ergebnis:'),(585,'2008-05-22 10:37:10',NULL,'false',41,2,'Es gibt zur Zeit keine Umfage.'),(586,'2008-05-22 10:37:10',NULL,'false',42,2,'abstimmen!'),(587,'2008-05-22 10:37:10',NULL,'false',43,2,'Meeting (max 4 Pltze)'),(588,'2008-05-22 10:37:10',NULL,'false',44,2,'Conference (max 50 Pltze)'),(589,'2008-05-22 10:37:10',NULL,'false',45,2,'Modus'),(590,'2008-05-22 10:37:10',NULL,'false',46,2,'verbleibende Pltze'),(591,'2008-05-22 10:37:10',NULL,'false',47,2,'Bereits vergeben'),(592,'2008-05-22 10:37:10',NULL,'false',48,2,'Eintreten'),(593,'2008-05-22 10:37:10',NULL,'false',49,2,'Der Moderator/Lehrer dieses Raums hat den Raum verlassen.'),(594,'2008-05-22 10:37:10',NULL,'false',50,2,'Systemnachricht'),(595,'2008-05-22 10:37:10',NULL,'false',51,2,'Gerteauswahl'),(596,'2008-05-22 10:37:10',NULL,'false',52,2,'Kamera whlen:'),(597,'2008-05-22 10:37:10',NULL,'false',53,2,'Mikrophon whlen:'),(598,'2008-05-22 10:37:10',NULL,'false',54,2,'ok'),(599,'2008-05-22 10:37:10',NULL,'false',55,2,'abbrechen'),(600,'2008-05-22 10:37:10',NULL,'false',56,2,'Sie mssen sich erneut verbinden damit die nderungen wirksam werden.'),(601,'2008-05-22 10:37:10',NULL,'false',57,2,'Einstellungen ndern.'),(602,'2008-05-22 10:37:10',NULL,'false',58,2,'Kurs:'),(603,'2008-05-22 10:37:10',NULL,'false',59,2,'Kurssprache:'),(604,'2008-05-22 10:37:10',NULL,'false',60,2,'ok'),(605,'2008-05-22 10:37:10',NULL,'false',61,2,'abbrechen'),(606,'2008-05-22 10:37:10',NULL,'false',62,2,'Zeichenbrett leeren'),(607,'2008-05-22 10:37:10',NULL,'false',63,2,'Soll dass Zeichenbrett geleert werden bevor ein neues Bild hinzugefgt wird?'),(608,'2008-05-22 10:37:10',NULL,'false',64,2,'Nicht nochmal fragen'),(609,'2008-05-22 10:37:10',NULL,'false',65,2,'nein'),(610,'2008-05-22 10:37:10',NULL,'false',66,2,'Einstellungen bearbeiten'),(611,'2008-05-22 10:37:10',NULL,'false',67,2,'Besttigung anfordern bevor das Zeichenbrett geleert wird.'),(612,'2008-05-22 10:37:10',NULL,'false',68,2,'User Info'),(613,'2008-05-22 10:37:10',NULL,'false',69,2,'Clear DrawArea'),(614,'2008-05-22 10:37:10',NULL,'false',70,2,'Undo'),(615,'2008-05-22 10:37:10',NULL,'false',71,2,'Redo'),(616,'2008-05-22 10:37:10',NULL,'false',72,2,'Select an Object'),(617,'2008-05-22 10:37:10',NULL,'false',73,2,'Text'),(618,'2008-05-22 10:37:10',NULL,'false',74,2,'Paint'),(619,'2008-05-22 10:37:10',NULL,'false',75,2,'Draw line'),(620,'2008-05-22 10:37:10',NULL,'false',76,2,'Draw underline'),(621,'2008-05-22 10:37:10',NULL,'false',77,2,'Rectangle'),(622,'2008-05-22 10:37:10',NULL,'false',78,2,'Ellipse'),(623,'2008-05-22 10:37:10',NULL,'false',79,2,'Arrow'),(624,'2008-05-22 10:37:10',NULL,'false',80,2,'delete chosen Item'),(625,'2008-05-22 10:37:10',NULL,'false',81,2,'Apply for moderation'),(626,'2008-05-22 10:37:10',NULL,'false',82,2,'apply'),(627,'2008-05-22 10:37:10',NULL,'false',83,2,'cancel'),(628,'2008-05-22 10:37:10',NULL,'false',84,2,'Become moderator'),(629,'2008-05-22 10:37:10',NULL,'false',85,2,'close'),(630,'2008-05-22 10:37:10',NULL,'false',86,2,'italic'),(631,'2008-05-22 10:37:10',NULL,'false',87,2,'bold'),(632,'2008-05-22 10:37:10',NULL,'false',88,2,'WAITING'),(633,'2008-05-22 10:37:10',NULL,'false',89,2,'A User wants to apply for moderation:'),(634,'2008-05-22 10:37:10',NULL,'false',90,2,'accept'),(635,'2008-05-22 10:37:10',NULL,'false',91,2,'reject'),(636,'2008-05-22 10:37:10',NULL,'false',92,2,'cancel'),(637,'2008-05-22 10:37:10',NULL,'false',93,2,'Sending request to following Users'),(638,'2008-05-22 10:37:10',NULL,'false',94,2,'Accepted'),(639,'2008-05-22 10:37:10',NULL,'false',95,2,'Rejected'),(640,'2008-05-22 10:37:10',NULL,'false',96,2,'Change Moderator'),(641,'2008-05-22 10:37:10',NULL,'false',97,2,'Sie sind nicht der Moderator dieser Konferenz!'),(642,'2008-05-22 10:37:10',NULL,'false',98,2,'Moderator:'),(643,'2008-05-22 10:37:10',NULL,'false',99,2,'This Room is full. Sorry please try again later.'),(644,'2008-05-22 10:37:10',NULL,'false',100,2,'Ellipse'),(645,'2008-05-22 10:37:10',NULL,'false',101,2,'close'),(646,'2008-05-22 10:37:10',NULL,'false',102,2,'Eingabefehler'),(647,'2008-05-22 10:37:10',NULL,'false',103,2,'Der Benutzername muss mindestens 4 Zeichen lang sein'),(648,'2008-05-22 10:37:10',NULL,'false',104,2,'Das Passwort muss mindestens 4 Zeichen lang sein'),(649,'2008-05-22 10:37:10',NULL,'false',105,2,'Der Benutzername ist bereits vergeben'),(650,'2008-05-22 10:37:10',NULL,'false',106,2,'Die EMail ist bereits registriert'),(651,'2008-05-22 10:37:10',NULL,'false',107,2,'Ein Fehler wurde geworfen bitte kontaktieren Sie das Admin Team'),(652,'2008-05-22 10:37:10',NULL,'false',108,2,'Login'),(653,'2008-05-22 10:37:10',NULL,'false',109,2,'Benutzer:'),(654,'2008-05-22 10:37:10',NULL,'false',110,2,'Pass:'),(655,'2008-05-22 10:37:10',NULL,'false',111,2,'Language'),(656,'2008-05-22 10:37:10',NULL,'false',112,2,'Login'),(657,'2008-05-22 10:37:10',NULL,'false',113,2,'Sign Up'),(658,'2008-05-22 10:37:10',NULL,'false',114,2,'Benutzer:'),(659,'2008-05-22 10:37:10',NULL,'false',115,2,'Pass:'),(660,'2008-05-22 10:37:10',NULL,'false',116,2,'Wiederhole:'),(661,'2008-05-22 10:37:10',NULL,'false',117,2,'Vorname:'),(662,'2008-05-22 10:37:10',NULL,'false',118,2,'Nachname:'),(663,'2008-05-22 10:37:10',NULL,'false',119,2,'EMail:'),(664,'2008-05-22 10:37:10',NULL,'false',120,2,'Land:'),(665,'2008-05-22 10:37:10',NULL,'false',121,2,'Registrieren'),(666,'2008-05-22 10:37:10',NULL,'false',122,2,'Abbrechen'),(667,'2008-05-22 10:37:10',NULL,'false',123,2,'Register'),(668,'2008-05-22 10:37:10',NULL,'false',124,2,'Home'),(669,'2008-05-22 10:37:10',NULL,'false',125,2,'Benutzer'),(670,'2008-05-22 10:37:10',NULL,'false',126,2,'Gruppen'),(671,'2008-05-22 10:37:10',NULL,'false',127,2,'Organisationen'),(672,'2008-05-22 10:37:10',NULL,'false',128,2,'Konferenzrume'),(673,'2008-05-22 10:37:10',NULL,'false',129,2,'ffentlich'),(674,'2008-05-22 10:37:10',NULL,'false',130,2,'Organisation'),(675,'2008-05-22 10:37:10',NULL,'false',131,2,'betreten'),(676,'2008-05-22 10:37:10',NULL,'false',132,2,'Benutzer'),(677,'2008-05-22 10:37:10',NULL,'false',133,2,'Passwort'),(678,'2008-05-22 10:37:10',NULL,'false',134,2,'Wiederhole'),(679,'2008-05-22 10:37:10',NULL,'false',135,2,'Vorname'),(680,'2008-05-22 10:37:10',NULL,'false',136,2,'Nachname'),(681,'2008-05-22 10:37:10',NULL,'false',137,2,'EMail'),(682,'2008-05-22 10:37:10',NULL,'false',138,2,'Geburtstag'),(683,'2008-05-22 10:37:10',NULL,'false',139,2,'Strae/Nr.'),(684,'2008-05-22 10:37:10',NULL,'false',140,2,'PLZ/Stadt'),(685,'2008-05-22 10:37:10',NULL,'false',141,2,'Land'),(686,'2008-05-22 10:37:10',NULL,'false',142,2,'Adressinfo'),(687,'2008-05-22 10:37:10',NULL,'false',143,2,'Benutzerdaten'),(688,'2008-05-22 10:37:10',NULL,'false',144,2,'speichern'),(689,'2008-05-22 10:37:10',NULL,'false',145,2,'Speichervorgang'),(690,'2008-05-22 10:37:10',NULL,'false',146,2,'User-ID'),(691,'2008-05-22 10:37:10',NULL,'false',147,2,'Login'),(692,'2008-05-22 10:37:11',NULL,'false',148,2,'Vorname'),(693,'2008-05-22 10:37:11',NULL,'false',149,2,'Nachname'),(694,'2008-05-22 10:37:11',NULL,'false',150,2,'vorwrts'),(695,'2008-05-22 10:37:11',NULL,'false',151,2,'zurck'),(696,'2008-05-22 10:37:11',NULL,'false',152,2,'Datensatz entfernen'),(697,'2008-05-22 10:37:11',NULL,'false',153,2,'abbrechen'),(698,'2008-05-22 10:37:11',NULL,'false',154,2,'enfernen'),(699,'2008-05-22 10:37:11',NULL,'false',155,2,'Datensatz anlegen'),(700,'2008-05-22 10:37:11',NULL,'false',156,2,'Datensatz neu laden'),(701,'2008-05-22 10:37:11',NULL,'false',157,2,'Datensatz entfernen'),(702,'2008-05-22 10:37:11',NULL,'false',158,2,'Status'),(703,'2008-05-22 10:37:11',NULL,'false',159,2,'gesperrt'),(704,'2008-05-22 10:37:11',NULL,'false',160,2,'aktiv'),(705,'2008-05-22 10:37:11',NULL,'false',161,2,'Organisationen'),(706,'2008-05-22 10:37:11',NULL,'false',162,2,'Kalender'),(707,'2008-05-22 10:37:11',NULL,'false',163,2,'schlieen'),(708,'2008-05-22 10:37:11',NULL,'false',164,2,'Organisations-ID'),(709,'2008-05-22 10:37:11',NULL,'false',165,2,'Name'),(710,'2008-05-22 10:37:11',NULL,'false',166,2,'Benutzer'),(711,'2008-05-22 10:37:11',NULL,'false',167,2,'Moderator'),(712,'2008-05-22 10:37:11',NULL,'false',168,2,'Admin'),(713,'2008-05-22 10:37:11',NULL,'false',169,2,'Benuterrolle'),(714,'2008-05-22 10:37:11',NULL,'false',170,2,'Organisation'),(715,'2008-05-22 10:37:11',NULL,'false',171,2,'Name'),(716,'2008-05-22 10:37:11',NULL,'false',172,2,'Organisation hinzufgen'),(717,'2008-05-22 10:37:11',NULL,'false',173,2,'Organisation hinzufgen'),(718,'2008-05-22 10:37:11',NULL,'false',174,2,'abbrechen'),(719,'2008-05-22 10:37:11',NULL,'false',175,2,'hinzufgen'),(720,'2008-05-22 10:37:11',NULL,'false',176,2,'Organisation entfernen'),(721,'2008-05-22 10:37:11',NULL,'false',177,2,'Benutzer'),(722,'2008-05-22 10:37:11',NULL,'false',178,2,'Benutzer hinzufgen'),(723,'2008-05-22 10:37:11',NULL,'false',179,2,'Benutzer entfernen'),(724,'2008-05-22 10:37:11',NULL,'false',180,2,'Benutzer hinzufgen'),(725,'2008-05-22 10:37:11',NULL,'false',181,2,'Benutzer suchen'),(726,'2008-05-22 10:37:11',NULL,'false',182,2,'suchen'),(727,'2008-05-22 10:37:11',NULL,'false',183,2,'Benutzer'),(728,'2008-05-22 10:37:11',NULL,'false',184,2,'Organisation'),(729,'2008-05-22 10:37:11',NULL,'false',185,2,'auswhlen'),(730,'2008-05-22 10:37:11',NULL,'false',186,2,'Konferenzrume'),(731,'2008-05-22 10:37:11',NULL,'false',187,2,'Konferenzrume'),(732,'2008-05-22 10:37:11',NULL,'false',188,2,'ID'),(733,'2008-05-22 10:37:11',NULL,'false',189,2,'Name'),(734,'2008-05-22 10:37:11',NULL,'false',190,2,'ffentlich'),(735,'2008-05-22 10:37:11',NULL,'false',191,2,'Organisationen'),(736,'2008-05-22 10:37:11',NULL,'false',192,2,'Konferenzrume'),(737,'2008-05-22 10:37:11',NULL,'false',193,2,'Name'),(738,'2008-05-22 10:37:11',NULL,'false',194,2,'Typ'),(739,'2008-05-22 10:37:11',NULL,'false',195,2,'ffentlich'),(740,'2008-05-22 10:37:11',NULL,'false',196,2,'Kommentar'),(741,'2008-05-22 10:37:11',NULL,'false',197,2,'Speichern'),(742,'2008-05-22 10:37:11',NULL,'false',198,2,'ffnen'),(743,'2008-05-22 10:37:11',NULL,'false',199,2,'Speichern unter'),(744,'2008-05-22 10:37:11',NULL,'false',200,2,'Dateiname'),(745,'2008-05-22 10:37:11',NULL,'false',201,2,'Dateiname'),(746,'2008-05-22 10:37:11',NULL,'false',202,2,'Abbrechen'),(747,'2008-05-22 10:37:11',NULL,'false',203,2,'Speichern'),(748,'2008-05-22 10:37:11',NULL,'false',204,2,'Fehler'),(749,'2008-05-22 10:37:11',NULL,'false',205,2,'Laden'),(750,'2008-05-22 10:37:11',NULL,'false',206,2,'Objekte geladen'),(751,'2008-05-22 10:37:11',NULL,'false',207,2,'Synchronisiere Clients. Restliche Clients:'),(752,'2008-05-22 10:37:11',NULL,'false',208,2,'Lade Bilddaten'),(753,'2008-05-22 10:37:11',NULL,'false',209,2,'Synchronisiere Clients. Restliche Clients:'),(754,'2008-05-22 10:37:11',NULL,'false',210,2,'Zeichenbrett leeren'),(755,'2008-05-22 10:37:11',NULL,'false',211,2,'Zeichnbrett leeren, alle bisherigen nderungen gehen damit verloren!'),(756,'2008-05-22 10:37:11',NULL,'false',212,2,'Besttigung anfordern vor dem Laden einer Datei'),(757,'2008-05-22 10:37:11',NULL,'false',213,2,'Einladung versenden'),(758,'2008-05-22 10:37:11',NULL,'false',214,2,'Einladung versenden'),(759,'2008-05-22 10:37:11',NULL,'false',215,2,'Betreff'),(760,'2008-05-22 10:37:11',NULL,'false',216,2,'Empfnger'),(761,'2008-05-22 10:37:11',NULL,'false',217,2,'Nachricht'),(762,'2008-05-22 10:37:11',NULL,'false',218,2,'abschicken'),(763,'2008-05-22 10:37:11',NULL,'false',219,2,'abbrechen'),(764,'2008-05-22 10:37:11',NULL,'false',220,2,'senden'),(765,'2008-05-22 10:37:11',NULL,'false',221,2,'Benutzerdaten'),(766,'2008-05-22 10:37:11',NULL,'false',222,2,'Nickname fr diese Konference'),(767,'2008-05-22 10:37:11',NULL,'false',223,2,'Spitzname/Alias'),(768,'2008-05-22 10:37:11',NULL,'false',224,2,'Vorname'),(769,'2008-05-22 10:37:11',NULL,'false',225,2,'Nachname'),(770,'2008-05-22 10:37:11',NULL,'false',226,2,'EMail'),(771,'2008-05-22 10:37:11',NULL,'false',227,2,'Sprache'),(772,'2008-05-22 10:37:11',NULL,'false',228,2,'Absenden'),(773,'2008-05-22 10:37:11',NULL,'false',229,2,'Laden'),(774,'2008-05-22 10:37:11',NULL,'false',230,2,'Daten werden geladen, bitte warten!'),(775,'2008-05-22 10:37:11',NULL,'false',231,2,'Falsches Passwort'),(776,'2008-05-22 10:37:11',NULL,'false',232,2,'Bitte geben Sie zwei identische Passwrter mit mindestens 4 Buchstaben ein.'),(777,'2008-05-22 10:37:11',NULL,'false',233,2,'Ungltige Mail'),(778,'2008-05-22 10:37:11',NULL,'false',234,2,'Die angegebene Mail-Adresse ist ungltig'),(779,'2008-05-22 10:37:11',NULL,'false',235,2,'Registration Abgeschlossen'),(780,'2008-05-22 10:37:11',NULL,'false',236,2,'Ihr Benutzer wurde angelegt. Sie knnen sich nun einloggen.'),(781,'2008-05-22 10:37:11',NULL,'false',237,2,'Sie knnen ihren Bildschirm im Moment nicht verffentlichen da bereits ein anderer Benutzer in diesem Conferenzraum es tut.'),(782,'2008-05-22 10:37:11',NULL,'false',238,2,'Verffentlichung abgelehnt'),(783,'2008-05-22 10:37:11',NULL,'false',239,2,'Desktop verffentlichen'),(784,'2008-05-22 10:37:11',NULL,'false',240,2,'Schlechte Bandbreite. Es war nicht mglich alle Bilder des Bildschirms zu laden. Tritt dieser Fehler hufiger auf knnen Sie den Moderator darum bitten die Qualitt zur verringern.'),(785,'2008-05-22 10:37:11',NULL,'false',241,2,'Bildschirm von:'),(786,'2008-05-22 10:37:12',NULL,'false',242,2,'Zeichnen'),(787,'2008-05-22 10:37:12',NULL,'false',243,2,'Dokumente'),(788,'2008-05-22 10:37:12',NULL,'false',244,2,'Chat'),(789,'2008-05-22 10:37:12',NULL,'false',245,2,'Dateien'),(790,'2008-05-22 10:37:12',NULL,'false',246,2,'Benutzer'),(791,'2008-05-22 10:37:12',NULL,'false',247,2,'Orginaldatei herunterladen'),(792,'2008-05-22 10:37:12',NULL,'false',248,2,'PDF Doukment herunterladen'),(793,'2008-05-22 10:37:12',NULL,'false',249,2,'Presentation in Zeichenbrett laden'),(794,'2008-05-22 10:37:12',NULL,'false',250,2,'Konfiguration'),(795,'2008-05-22 10:37:12',NULL,'false',251,2,'Objekt verschieben'),(796,'2008-05-22 10:37:12',NULL,'false',252,2,'Objekt vergrern/verkleinern'),(797,'2008-05-22 10:37:12',NULL,'false',253,2,'%'),(798,'2008-05-22 10:37:12',NULL,'false',254,2,'von'),(799,'2008-05-22 10:37:12',NULL,'false',255,2,'zur ersten Seite springen'),(800,'2008-05-22 10:37:12',NULL,'false',256,2,'zur vorhergehenden Seite springen'),(801,'2008-05-22 10:37:12',NULL,'false',257,2,'zur nchsten Seite springen'),(802,'2008-05-22 10:37:12',NULL,'false',258,2,'zur letzten Seite springen'),(803,'2008-05-22 10:37:12',NULL,'false',259,2,'Zoom --'),(804,'2008-05-22 10:37:12',NULL,'false',260,2,'Zoom ++'),(805,'2008-05-22 10:37:12',NULL,'false',261,2,'Herr'),(806,'2008-05-22 10:37:12',NULL,'false',262,2,'Frau'),(807,'2008-05-22 10:37:12',NULL,'false',263,2,'Konfiguration'),(808,'2008-05-22 10:37:12',NULL,'false',264,2,'ID'),(809,'2008-05-22 10:37:12',NULL,'false',265,2,'Schlssel'),(810,'2008-05-22 10:37:12',NULL,'false',266,2,'Konfiguration'),(811,'2008-05-22 10:37:12',NULL,'false',267,2,'Key'),(812,'2008-05-22 10:37:12',NULL,'false',268,2,'zuletzt bearbeitet'),(813,'2008-05-22 10:37:12',NULL,'false',269,2,'bearbeitet von'),(814,'2008-05-22 10:37:12',NULL,'false',270,2,'Kommentar'),(815,'2008-05-22 10:37:12',NULL,'false',271,2,'Schlssel'),(816,'2008-05-22 10:37:12',NULL,'false',272,2,'von'),(817,'2008-05-22 10:37:12',NULL,'false',273,2,'Benutzer'),(818,'2008-05-22 10:37:12',NULL,'false',274,2,'Benutzer aus Organisation entfernen'),(819,'2008-05-22 10:37:12',NULL,'false',275,2,'lschen'),(820,'2008-05-22 10:37:12',NULL,'false',276,2,'Dieser Benutzer ist bereits Teil dieser Organisation.'),(821,'2008-05-22 10:37:12',NULL,'false',277,2,'Neuigkeiten'),(822,'2008-05-22 10:37:12',NULL,'false',278,2,'Quicklinks'),(823,'2008-05-22 10:37:12',NULL,'false',279,2,'zu den Konferenzrumen (max. 4 Teilnehmer)'),(824,'2008-05-22 10:37:12',NULL,'false',280,2,'zu den Eventrumen (unbegrenzte Zuschauer)'),(825,'2008-05-22 10:37:12',NULL,'false',281,2,'Help and Support'),(826,'2008-05-22 10:37:12',NULL,'false',282,2,'http://code.google.com/p/openmeetings/'),(827,'2008-05-22 10:37:12',NULL,'false',283,2,'http://groups.google.com/group/openmeetings-user'),(828,'2008-05-22 10:37:12',NULL,'false',284,2,'Fehler melden!'),(829,'2008-05-22 10:37:12',NULL,'false',285,2,'mehr'),(830,'2008-05-22 10:37:12',NULL,'false',286,2,'Projekt Webside (code.google.com/p/openmeetings/)'),(831,'2008-05-22 10:37:12',NULL,'false',287,2,'User Mailing List (groups.google.com/group/openmeetings-user)'),(832,'2008-05-22 10:37:12',NULL,'false',288,2,'Login merken'),(833,'2008-05-22 10:37:12',NULL,'false',289,2,'Dateien'),(834,'2008-05-22 10:37:12',NULL,'false',290,2,'Meine besicht'),(835,'2008-05-22 10:37:12',NULL,'false',291,2,'meine Meetings'),(836,'2008-05-22 10:37:12',NULL,'false',292,2,'meine Events'),(837,'2008-05-22 10:37:12',NULL,'false',293,2,'ffentliche Meetings'),(838,'2008-05-22 10:37:12',NULL,'false',294,2,'Private Meetings'),(839,'2008-05-22 10:37:12',NULL,'false',295,2,'ffentliche Events'),(840,'2008-05-22 10:37:12',NULL,'false',296,2,'Private Events'),(841,'2008-05-22 10:37:12',NULL,'false',297,2,'ffentliche Dateien'),(842,'2008-05-22 10:37:12',NULL,'false',298,2,'Private Dateien'),(843,'2008-05-22 10:37:12',NULL,'false',299,2,'Persnliche Dateien'),(844,'2008-05-22 10:37:12',NULL,'false',300,2,''),(845,'2008-05-22 10:37:12',NULL,'false',301,2,'Moderation'),(846,'2008-05-22 10:37:12',NULL,'false',302,2,'Moderation anfordern'),(847,'2008-05-22 10:37:12',NULL,'false',303,2,'Umfrage'),(848,'2008-05-22 10:37:12',NULL,'false',304,2,'Datei auswhlen'),(849,'2008-05-22 10:37:12',NULL,'false',305,2,'Einstellungen'),(850,'2008-05-22 10:37:12',NULL,'false',306,2,'Kamera und Mikro Einstellungen'),(851,'2008-05-22 10:37:12',NULL,'false',307,2,'Zeichenbrett Einstellungen'),(852,'2008-05-22 10:37:12',NULL,'false',308,2,'Verlassen'),(853,'2008-05-22 10:37:12',NULL,'false',309,2,'Zurck zur Raum-bersicht'),(854,'2008-05-22 10:37:12',NULL,'false',310,2,'Logout'),(855,'2008-05-22 10:37:12',NULL,'false',311,2,'Passwort zurcksetzten?'),(856,'2008-05-22 10:37:12',NULL,'false',312,2,'Passwort zurcksetzen'),(857,'2008-05-22 10:37:12',NULL,'false',313,2,'Bei EMail'),(858,'2008-05-22 10:37:12',NULL,'false',314,2,'Bei Login'),(859,'2008-05-22 10:37:12',NULL,'false',315,2,'EMail'),(860,'2008-05-22 10:37:12',NULL,'false',316,2,'Login'),(861,'2008-05-22 10:37:12',NULL,'false',317,2,'Dateien'),(862,'2008-05-22 10:37:12',NULL,'false',318,2,'Email mit Reset-Link versenden'),(863,'2008-05-22 10:37:12',NULL,'false',319,2,'Geben Sie bitte entweder eine EMail oder einen Login an.'),(864,'2008-05-22 10:37:12',NULL,'false',320,2,'There is no User connected to this Username'),(865,'2008-05-22 10:37:12',NULL,'false',321,2,'The email containing a special link has been sent to your email address, please check your mailbox. If you still have not received a email, please adjust your email spam settings and resend confirmation email.'),(866,'2008-05-22 10:37:12',NULL,'false',322,2,'Error'),(867,'2008-05-22 10:37:12',NULL,'false',323,2,'Message'),(868,'2008-05-22 10:37:12',NULL,'false',324,2,'Invalid Hash. No User found.'),(869,'2008-05-22 10:37:12',NULL,'false',325,2,'Reset Your Password'),(870,'2008-05-22 10:37:12',NULL,'false',326,2,'Login'),(871,'2008-05-22 10:37:12',NULL,'false',327,2,'change Password'),(872,'2008-05-22 10:37:12',NULL,'false',328,2,'new Password'),(873,'2008-05-22 10:37:12',NULL,'false',329,2,'re-enter Password'),(874,'2008-05-22 10:37:12',NULL,'false',330,2,'The Passwords you entered weren\'t identical.'),(875,'2008-05-22 10:37:12',NULL,'false',331,2,'4 or more characters; capitalization matters!'),(876,'2008-05-22 10:37:12',NULL,'false',332,2,'Password set. You can login now.'),(877,'2008-05-22 10:37:12',NULL,'false',333,2,'OK'),(878,'2008-05-22 10:37:12',NULL,'false',334,2,'Unkown Error. Please report this to your Service-Team.'),(879,'2008-05-22 10:37:12',NULL,'false',335,2,'Username not found'),(880,'2008-05-22 10:37:12',NULL,'false',336,2,'Invalid Password'),(881,'2008-05-22 10:37:12',NULL,'false',337,2,'Successfully Logged out'),(882,'2008-05-22 10:37:12',NULL,'false',338,2,'Frontend Registration disabled.'),(883,'2008-05-22 10:37:12',NULL,'false',339,2,'Invalid EMail'),(884,'2008-05-22 10:37:12',NULL,'false',340,2,'duplicate filename, please choose another filename'),(885,'2008-05-22 10:37:12',NULL,'false',341,2,'filename too short'),(886,'2008-05-22 10:37:12',NULL,'false',342,2,'Could not save Address'),(887,'2008-05-22 10:37:12',NULL,'false',343,2,'User added but you need to assign this User to an Organisation, otherwise he won\'t be able to sign-in.'),(888,'2008-05-22 10:37:12',NULL,'false',344,2,'New Record'),(889,'2008-05-22 10:37:12',NULL,'false',345,2,'No Field found with this FieldId.'),(890,'2008-05-22 10:37:12',NULL,'false',346,2,'No Label found for that Field.'),(891,'2008-05-22 10:37:13',NULL,'false',347,2,'Admin Authorization required'),(892,'2008-05-22 10:37:13',NULL,'false',348,2,'Language-Editor'),(893,'2008-05-22 10:37:13',NULL,'false',349,2,'Language'),(894,'2008-05-22 10:37:13',NULL,'false',350,2,'Label-ID'),(895,'2008-05-22 10:37:13',NULL,'false',351,2,'Label-Name'),(896,'2008-05-22 10:37:13',NULL,'false',352,2,'Value'),(897,'2008-05-22 10:37:13',NULL,'false',353,2,'Fieldvalues'),(898,'2008-05-22 10:37:13',NULL,'false',354,2,'LabelName'),(899,'2008-05-22 10:37:13',NULL,'false',355,2,'LabelValue'),(900,'2008-05-22 10:37:13',NULL,'false',356,2,'Label-ID'),(901,'2008-05-22 10:37:13',NULL,'false',357,2,'You did only delete the Label NOT the Field! You cannot delete the Field, it may has Labels in other Languages.'),(902,'2008-05-22 10:37:13',NULL,'false',358,2,'Invalid Labelid. The FieldLanguagesvalues_Id cannot be found in the database.'),(903,'2008-05-22 10:37:13',NULL,'false',359,2,'You cannot delete this Field. You can only delete Labels NOT Fields. There is no Label loaded at the moment, wether it is not selected any Field or there is no Label for this Language for that Field defined.'),(904,'2008-05-22 10:37:13',NULL,'false',360,2,'export'),(905,'2008-05-22 10:37:13',NULL,'false',361,2,'You need to logout to see any changes.'),(906,'2008-05-22 10:37:13',NULL,'false',362,2,'Add new language'),(907,'2008-05-22 10:37:13',NULL,'false',363,2,'delete language'),(908,'2008-05-22 10:37:13',NULL,'false',364,2,'Add new language'),(909,'2008-05-22 10:37:13',NULL,'false',365,2,'Name'),(910,'2008-05-22 10:37:13',NULL,'false',366,2,'add language'),(911,'2008-05-22 10:37:13',NULL,'false',367,2,'Backup'),(912,'2008-05-22 10:37:13',NULL,'false',368,2,'goto first'),(913,'2008-05-22 10:37:13',NULL,'false',369,2,'goto previous'),(914,'2008-05-22 10:37:13',NULL,'false',370,2,'goto next'),(915,'2008-05-22 10:37:13',NULL,'false',371,2,'goto last'),(916,'2008-05-22 10:37:13',NULL,'false',372,2,'user speaks'),(917,'2008-05-22 10:37:13',NULL,'false',373,2,'turn sound on/off'),(918,'2008-05-22 10:37:13',NULL,'false',374,2,'System'),(919,'2008-05-22 10:37:13',NULL,'false',375,2,'Your Settings'),(920,'2008-05-22 10:37:13',NULL,'false',376,2,'hi,'),(921,'2008-05-22 10:37:13',NULL,'false',377,2,'Edit your profile'),(922,'2008-05-22 10:37:13',NULL,'false',378,2,'New Messages:'),(923,'2008-05-22 10:37:13',NULL,'false',379,2,'Upload new Image'),(924,'2008-05-22 10:37:13',NULL,'false',380,2,'Userdata - Export'),(925,'2008-05-22 10:37:13',NULL,'false',381,2,'All organisations must be already existing!'),(926,'2008-05-22 10:37:13',NULL,'false',382,2,'start export'),(927,'2008-05-22 10:37:13',NULL,'false',383,2,'By organisation'),(928,'2008-05-22 10:37:13',NULL,'false',384,2,'start export'),(929,'2008-05-22 10:37:13',NULL,'false',385,2,'Userdata - Import'),(930,'2008-05-22 10:37:13',NULL,'false',386,2,'choose users.xml'),(931,'2008-05-22 10:37:13',NULL,'false',387,2,'import'),(932,'2008-05-22 10:37:13',NULL,'false',388,2,'Export to XML - These files can be used to: - Contribute to the project - Import into another System - Backup - Customization - Put it into the language-directory for your next installation'),(933,'2008-05-22 10:37:13',NULL,'false',389,2,'Choose a language file to import. Choose the right Langauge from the Combobox! No matter what the name of the file is, it will be imported into this language!'),(934,'2008-05-22 10:37:13',NULL,'false',390,2,'import - choose file'),(935,'2008-05-22 10:37:13',NULL,'false',391,2,'Save as'),(936,'2008-05-22 10:37:13',NULL,'false',392,2,'Name:'),(937,'2008-05-22 10:37:13',NULL,'false',393,2,'Comment:'),(938,'2008-05-22 10:37:13',NULL,'false',394,2,'save'),(939,'2008-05-22 10:37:13',NULL,'false',395,2,'Recordings'),(940,'2008-05-22 10:37:13',NULL,'false',396,2,'Recordings Viewer'),(941,'2008-05-22 10:37:13',NULL,'false',397,2,'Recordings of public and private Rooms'),(942,'2008-05-22 10:37:13',NULL,'false',398,2,'Users :'),(943,'2008-05-22 10:37:13',NULL,'false',399,2,'Joined:'),(944,'2008-05-22 10:37:13',NULL,'false',400,2,''),(945,'2008-05-22 10:37:13',NULL,'false',401,2,'Users in this Room:'),(946,'2008-05-22 10:37:13',NULL,'false',402,2,'refresh'),(947,'2008-05-22 10:37:13',NULL,'false',403,2,'This Room is Full. Try again in a few minutes.'),(948,'2008-05-22 10:37:13',NULL,'false',404,2,'click on a room to get details'),(949,'2008-05-22 10:37:13',NULL,'false',405,2,'Chat with the users in this Room:'),(950,'2008-05-22 10:37:14',NULL,'false',406,2,'Room:'),(951,'2008-05-22 10:37:14',NULL,'false',407,2,'Users in this room:'),(952,'2008-05-22 10:37:14',NULL,'false',408,2,'since:'),(953,'2008-05-22 10:37:14',NULL,'false',409,2,'play recording'),(954,'2008-05-22 10:37:14',NULL,'false',410,2,'Length:'),(955,'2008-05-22 10:37:14',NULL,'false',411,2,'Date:'),(956,'2008-05-22 10:37:14',NULL,'false',412,2,'Recorder Mode! You cannot change any values, this is a recorded File!'),(957,'2008-05-22 10:37:14',NULL,'false',413,2,'Play this recording'),(958,'2008-05-22 10:37:14',NULL,'false',414,2,'Play / Pause'),(959,'2008-05-22 10:37:14',NULL,'false',415,2,'Start recording'),(960,'2008-05-22 10:37:14',NULL,'false',416,2,'stop recording'),(961,'2008-05-22 10:37:14',NULL,'false',417,2,'Recording:'),(962,'2008-05-22 10:37:14',NULL,'false',418,2,'There is already somebody recording at the moment:'),(963,'2008-05-22 10:37:14',NULL,'false',419,2,'Recording! By User:'),(964,'2008-05-22 10:37:14',NULL,'false',420,2,'cancel'),(965,'2008-05-22 10:37:14',NULL,'false',421,2,'Recording will be canceled and not saved.'),(966,'2008-05-22 10:37:14',NULL,'false',422,2,'resume'),(967,'2008-05-22 10:37:14',NULL,'false',423,2,'Close this window and resume recording'),(968,'2008-05-22 10:37:14',NULL,'false',424,2,'change Linecolor'),(969,'2008-05-22 10:37:14',NULL,'false',425,2,'Choose Color'),(970,'2008-05-22 10:37:14',NULL,'false',426,2,'Disable / Enable Linecolor'),(971,'2008-05-22 10:37:14',NULL,'false',427,2,'change Fillcolor'),(972,'2008-05-22 10:37:14',NULL,'false',428,2,'Disable / Enable Fillcolor'),(973,'2008-05-22 10:37:14',NULL,'false',429,2,'Change Linewidth'),(974,'2008-05-22 10:37:14',NULL,'false',430,2,'close'),(975,'2008-05-22 10:37:14',NULL,'false',431,2,'change Fontsize'),(976,'2008-05-22 10:37:14',NULL,'false',432,2,'Delete Recording'),(977,'2008-05-22 10:37:14',NULL,'false',433,2,'Guest'),(978,'2008-05-22 10:37:14',NULL,'false',434,2,'By:'),(979,'2008-05-22 10:37:14',NULL,'false',435,2,'Name'),(980,'2008-05-22 10:37:14',NULL,'false',436,2,'Room'),(981,'2008-05-22 10:37:14',NULL,'false',437,2,'Date'),(982,'2008-05-22 10:37:14',NULL,'false',438,2,'cancel'),(983,'2008-05-22 10:37:14',NULL,'false',439,2,'start'),(984,'2008-05-22 10:37:14',NULL,'false',440,2,'Name'),(985,'2008-05-22 10:37:14',NULL,'false',441,2,'Date'),(986,'2008-05-22 10:37:14',NULL,'false',442,2,'Delete Server-Chatlog'),(987,'2008-05-22 10:37:14',NULL,'false',443,2,'Chat'),(988,'2008-05-22 10:37:14',NULL,'false',444,2,'send message'),(989,'2008-05-22 10:37:14',NULL,'false',445,2,'Emoticons'),(990,'2008-05-22 10:37:14',NULL,'false',446,2,'Emoticons'),(991,'2008-05-22 10:37:14',NULL,'false',447,2,'Choose Published Devices'),(992,'2008-05-22 10:37:14',NULL,'false',448,2,'Audio and Video'),(993,'2008-05-22 10:37:14',NULL,'false',449,2,'Audio only'),(994,'2008-05-22 10:37:14',NULL,'false',450,2,'Video only'),(995,'2008-05-22 10:37:14',NULL,'false',451,2,'no Audio/Video (static Image)'),(996,'2008-05-22 10:37:14',NULL,'false',452,2,'No Audio/Video from your PC will be published, instead of that a picture from your profile will be shown. Choose these settings if you have problems with your bandwidth or a very slow Internet connection.'),(997,'2008-05-22 10:37:14',NULL,'false',453,2,'MO'),(998,'2008-05-22 10:37:14',NULL,'false',454,2,'DI'),(999,'2008-05-22 10:37:14',NULL,'false',455,2,'MI'),(1000,'2008-05-22 10:37:14',NULL,'false',456,2,'DO'),(1001,'2008-05-22 10:37:14',NULL,'false',457,2,'FR'),(1002,'2008-05-22 10:37:14',NULL,'false',458,2,'SA'),(1003,'2008-05-22 10:37:14',NULL,'false',459,2,'SO'),(1004,'2008-05-22 10:37:14',NULL,'false',460,2,'Montag'),(1005,'2008-05-22 10:37:14',NULL,'false',461,2,'Dienstag'),(1006,'2008-05-22 10:37:14',NULL,'false',462,2,'Mittwoch'),(1007,'2008-05-22 10:37:14',NULL,'false',463,2,'Donnerstag'),(1008,'2008-05-22 10:37:14',NULL,'false',464,2,'Freitag'),(1009,'2008-05-22 10:37:14',NULL,'false',465,2,'Samstag'),(1010,'2008-05-22 10:37:14',NULL,'false',466,2,'Sonntag'),(1011,'2008-05-22 10:37:14',NULL,'false',467,2,'KW'),(1012,'2008-05-22 10:37:14',NULL,'false',468,2,'Kalenderwoche'),(1013,'2008-05-22 10:37:14',NULL,'false',469,2,'Januar'),(1014,'2008-05-22 10:37:14',NULL,'false',470,2,'Februar'),(1015,'2008-05-22 10:37:14',NULL,'false',471,2,'Mrz'),(1016,'2008-05-22 10:37:14',NULL,'false',472,2,'April'),(1017,'2008-05-22 10:37:14',NULL,'false',473,2,'Mai'),(1018,'2008-05-22 10:37:14',NULL,'false',474,2,'Juni'),(1019,'2008-05-22 10:37:14',NULL,'false',475,2,'Juli'),(1020,'2008-05-22 10:37:14',NULL,'false',476,2,'August'),(1021,'2008-05-22 10:37:14',NULL,'false',477,2,'September'),(1022,'2008-05-22 10:37:14',NULL,'false',478,2,'Oktober'),(1023,'2008-05-22 10:37:14',NULL,'false',479,2,'November'),(1024,'2008-05-22 10:37:14',NULL,'false',480,2,'Dezember'),(1025,'2008-05-22 10:37:14',NULL,'false',481,2,'Kalender'),(1026,'2008-05-22 10:37:14',NULL,'false',482,2,'Teilnehmerzahl'),(1027,'2008-05-22 10:37:14',NULL,'false',483,2,'Show Layout Settings'),(1028,'2008-05-22 10:37:14',NULL,'false',484,2,'X | Y'),(1029,'2008-05-22 10:37:14',NULL,'false',485,2,'Width | Height'),(1030,'2008-05-22 10:37:14',NULL,'false',486,2,'Video-Container'),(1031,'2008-05-22 10:37:14',NULL,'false',487,2,'Moderation-Container'),(1032,'2008-05-22 10:37:14',NULL,'false',488,2,'X'),(1033,'2008-05-22 10:37:14',NULL,'false',489,2,'Whiteboard-Container'),(1034,'2008-05-22 10:37:14',NULL,'false',490,2,'Enabled'),(1035,'2008-05-22 10:37:14',NULL,'false',491,2,'X | Y'),(1036,'2008-05-22 10:37:14',NULL,'false',492,2,'Breite | Hhe'),(1037,'2008-05-22 10:37:14',NULL,'false',493,2,'Dateien,Chat,Teilnehmer - Container'),(1038,'2008-05-22 10:37:14',NULL,'false',494,2,'Aktiv'),(1039,'2008-05-22 10:37:14',NULL,'false',495,2,'X | Y'),(1040,'2008-05-22 10:37:14',NULL,'false',496,2,'Breite | Hhe'),(1041,'2008-05-22 10:37:14',NULL,'false',497,2,'Der Moderator hat den Raum verlassen. Sie mssen die Moderation beantragen wenn Sie auf das Zeichenbrett zeichnen wollen.'),(1042,'2008-05-22 10:37:14',NULL,'false',498,2,'Es gibt momentan keinen Moderator in diesen Raum. Sie mssen die Moderation beantragen oder warten.'),(1043,'2008-05-22 10:37:14',NULL,'false',499,2,'Feedback OpenMeetings'),(1044,'2008-05-22 10:37:14',NULL,'false',500,2,'OpenMeetings - Einladung'),(1045,'2008-05-22 10:37:14',NULL,'false',501,2,'Nachricht von Benutzer:'),(1046,'2008-05-22 10:37:14',NULL,'false',502,2,'Nachricht:'),(1047,'2008-05-22 10:37:15',NULL,'false',503,2,'Klicken Sie auf diesen Link um in den Raum zu gelangen:'),(1048,'2008-05-22 10:37:15',NULL,'false',504,2,'Klicken Sie hier'),(1049,'2008-05-22 10:37:15',NULL,'false',505,2,'wenn der Link fehlerhaft dargestellt wird, kopieren sie bitte folgenden Link in die Adresszeile ihres Browsers:'),(1050,'2008-05-22 10:37:15',NULL,'false',506,2,'OpenMeetings Registrierung'),(1051,'2008-05-22 10:37:15',NULL,'false',507,2,'Ihre Benutzerdaten:'),(1052,'2008-05-22 10:37:15',NULL,'false',508,2,'Login:'),(1053,'2008-05-22 10:37:15',NULL,'false',509,2,'Pass:'),(1054,'2008-05-22 10:37:15',NULL,'false',510,2,'EMail:'),(1055,'2008-05-22 10:37:15',NULL,'false',511,2,'OpenMeetings-Team'),(1056,'2008-05-22 10:37:15',NULL,'false',512,2,'OpenMeetings Registrierung'),(1057,'2008-05-22 10:37:15',NULL,'false',513,2,'OpenMeetings - Reset Password'),(1058,'2008-05-22 10:37:15',NULL,'false',514,2,'Klicken Sie hier um ein neues Passwort einzugeben:'),(1059,'2008-05-22 10:37:15',NULL,'false',515,2,'Klicken Sie hier'),(1060,'2008-05-22 10:37:15',NULL,'false',516,2,'wenn der Link fehlerhaft dargestellt wird, kopieren sie bitte folgenden Link in die Adresszeile ihres Browsers:'),(1061,'2008-05-22 10:37:15',NULL,'false',517,2,'OpenMeetings Password Reset'),(1062,'2008-05-22 10:37:15',NULL,'false',518,2,'Please enter a valid Date, for example 24.12.2001 (dd.mm.yyyy)'),(1063,'2008-05-22 10:37:15',NULL,'false',519,2,'Please enter a valid EMail, for example name@mail.com'),(1064,'2008-05-22 10:37:15',NULL,'false',520,2,'Please enter a Float-Number, for example 1.00'),(1065,'2008-05-22 10:37:15',NULL,'false',521,2,'Please enter a Number (Integer), for example 100'),(1066,'2008-05-22 10:37:15',NULL,'false',522,2,'Please enter a valid Phone number, for example ++49 0123 123123'),(1067,'2008-05-22 10:37:15',NULL,'false',523,2,'Please enter a valid time, for example 12:23 (hh:mm)'),(1068,'2008-05-22 10:37:15',NULL,'false',524,2,'Passwort protected'),(1069,'2008-05-22 10:37:15',NULL,'false',525,2,'Password'),(1070,'2008-05-22 10:37:15',NULL,'false',526,2,'Validity period'),(1071,'2008-05-22 10:37:15',NULL,'false',527,2,'Endless'),(1072,'2008-05-22 10:37:15',NULL,'false',528,2,'Period'),(1073,'2008-05-22 10:37:15',NULL,'false',529,2,'One-Time'),(1074,'2008-05-22 10:37:15',NULL,'false',530,2,'Valid From:'),(1075,'2008-05-22 10:37:15',NULL,'false',531,2,'Valid to:'),(1076,'2008-05-22 10:37:15',NULL,'false',532,2,'Invitation To OpenMeetings'),(1077,'2008-05-22 10:37:15',NULL,'false',533,2,'Not Invitation availible for this Invitation-Code'),(1078,'2008-05-22 10:37:15',NULL,'false',534,2,'The Invitation was already used. This type of Invitation cannot be re-used.'),(1079,'2008-05-22 10:37:15',NULL,'false',535,2,'This Invitation-Code is not valid.'),(1080,'2008-05-22 10:37:15',NULL,'false',536,2,'Password:'),(1081,'2008-05-22 10:37:15',NULL,'false',537,2,'Check Password'),(1082,'2008-05-22 10:37:15',NULL,'false',538,2,'Invalid Password!'),(1083,'2008-05-22 10:37:15',NULL,'false',539,2,'Browser'),(1084,'2008-05-22 10:37:15',NULL,'false',540,2,'Syncronize Audio/Video'),(1085,'2008-05-22 10:37:15',NULL,'false',541,2,'Login was correct, but the Session you tried is not active or stored on the Server. You have to get a new SessionId and retry login.'),(1086,'2008-05-22 10:37:15',NULL,'false',542,2,'The SessionId is not loggedin or has no Admin rights. The SOAP Gateway needs an User with Admin-Rights to embed new Users.'),(1087,'2008-05-22 10:37:15',NULL,'false',543,2,'This Session has no Remoteuser-Data connected. Wether you did not call the SOAP-Gateway before accessing the Application or you are usnig a wrong Session-ID'),(1088,'2008-05-22 10:37:15',NULL,'false',544,2,'The recorder is currently Beta!'),(1089,'2008-05-22 10:37:15',NULL,'false',1,3,'Confrence'),(1090,'2008-05-22 10:37:15',NULL,'false',2,3,'Runion'),(1091,'2008-05-22 10:37:15',NULL,'false',3,3,'Auditorium'),(1092,'2008-05-22 10:37:15',NULL,'false',4,3,'Paramtres'),(1093,'2008-05-22 10:37:15',NULL,'false',5,3,'Profil'),(1094,'2008-05-22 10:37:15',NULL,'false',6,3,'Administration'),(1095,'2008-05-22 10:37:15',NULL,'false',7,3,'Stop'),(1096,'2008-05-22 10:37:15',NULL,'false',8,3,'Enregistrer'),(1097,'2008-05-22 10:37:15',NULL,'false',9,3,'Aucun fichier disponible'),(1098,'2008-05-22 10:37:15',NULL,'false',10,3,'Enregistrement par le professeur'),(1099,'2008-05-22 10:37:15',NULL,'false',11,3,'Utilisateurs connects :'),(1100,'2008-05-22 10:37:15',NULL,'false',12,3,'Commencer une confrence'),(1101,'2008-05-22 10:37:15',NULL,'false',13,3,'Mon Nom'),(1102,'2008-05-22 10:37:15',NULL,'false',14,3,'Video Confrence'),(1103,'2008-05-22 10:37:15',NULL,'false',15,3,'Nouvelle prsentation'),(1104,'2008-05-22 10:37:15',NULL,'false',16,3,'charger  nouveau la liste'),(1105,'2008-05-22 10:37:15',NULL,'false',17,3,'Retour  la liste des fichiers'),(1106,'2008-05-22 10:37:15',NULL,'false',18,3,'Nouveau sondage'),(1107,'2008-05-22 10:37:15',NULL,'false',19,3,'Une nouvelle enqute pour la confrence.'),(1108,'2008-05-22 10:37:15',NULL,'false',20,3,'Question :'),(1109,'2008-05-22 10:37:15',NULL,'false',21,3,'Type d\'enqute :'),(1110,'2008-05-22 10:37:15',NULL,'false',22,3,'Crer'),(1111,'2008-05-22 10:37:15',NULL,'false',23,3,'Info : Chaque utilisateur reoit la nouvelle enqute.'),(1112,'2008-05-22 10:37:15',NULL,'false',24,3,'Crer une enqute'),(1113,'2008-05-22 10:37:15',NULL,'false',25,3,'Annuler'),(1114,'2008-05-22 10:37:15',NULL,'false',26,3,'Oui/Non'),(1115,'2008-05-22 10:37:15',NULL,'false',27,3,'Numrique 1-10'),(1116,'2008-05-22 10:37:15',NULL,'false',28,3,'Enqute'),(1117,'2008-05-22 10:37:15',NULL,'false',29,3,'Vous devez tre le modrateur pour crer une enqute.'),(1118,'2008-05-22 10:37:15',NULL,'false',30,3,'Votre vote est enregistr.'),(1119,'2008-05-22 10:37:15',NULL,'false',31,3,'Vous avez dj vot pour cette enqute.'),(1120,'2008-05-22 10:37:15',NULL,'false',32,3,'Votez !'),(1121,'2008-05-22 10:37:15',NULL,'false',33,3,'Votre rponse :'),(1122,'2008-05-22 10:37:15',NULL,'false',34,3,'Oui'),(1123,'2008-05-22 10:37:15',NULL,'false',35,3,'Non'),(1124,'2008-05-22 10:37:15',NULL,'false',36,3,'Question pose :'),(1125,'2008-05-22 10:37:15',NULL,'false',37,3,'Rsultats de l\'enqute'),(1126,'2008-05-22 10:37:15',NULL,'false',38,3,'Question :'),(1127,'2008-05-22 10:37:15',NULL,'false',39,3,'Rsultats :'),(1128,'2008-05-22 10:37:15',NULL,'false',40,3,'Rponses :'),(1129,'2008-05-22 10:37:15',NULL,'false',41,3,'Aucune enqute n\'est en cours.'),(1130,'2008-05-22 10:37:15',NULL,'false',42,3,'Votez !'),(1131,'2008-05-22 10:37:15',NULL,'false',43,3,'Runion (max 4 places)'),(1132,'2008-05-22 10:37:15',NULL,'false',44,3,'Confrence (max 50 places)'),(1133,'2008-05-22 10:37:15',NULL,'false',45,3,'Mode'),(1134,'2008-05-22 10:37:15',NULL,'false',46,3,'Autres places'),(1135,'2008-05-22 10:37:15',NULL,'false',47,3,'Dj choisi'),(1136,'2008-05-22 10:37:15',NULL,'false',48,3,'Entrer'),(1137,'2008-05-22 10:37:15',NULL,'false',49,3,'L\'animateur a quitt la runion.'),(1138,'2008-05-22 10:37:15',NULL,'false',50,3,'Information du systme'),(1139,'2008-05-22 10:37:15',NULL,'false',51,3,'Choix du priphrique'),(1140,'2008-05-22 10:37:15',NULL,'false',52,3,'Choix de la webcam :'),(1141,'2008-05-22 10:37:15',NULL,'false',53,3,'Choix du micro :'),(1142,'2008-05-22 10:37:15',NULL,'false',54,3,'ok'),(1143,'2008-05-22 10:37:15',NULL,'false',55,3,'annuler'),(1144,'2008-05-22 10:37:15',NULL,'false',56,3,'Vous devez vous reconnecter.'),(1145,'2008-05-22 10:37:15',NULL,'false',57,3,'dition des rglages.'),(1146,'2008-05-22 10:37:15',NULL,'false',58,3,'Cours :'),(1147,'2008-05-22 10:37:15',NULL,'false',59,3,'Langue :'),(1148,'2008-05-22 10:37:15',NULL,'false',60,3,'ok'),(1149,'2008-05-22 10:37:15',NULL,'false',61,3,'annuler'),(1150,'2008-05-22 10:37:15',NULL,'false',62,3,'Nettoyer le tableau blanc'),(1151,'2008-05-22 10:37:15',NULL,'false',63,3,'Voulez-vous nettoyer le tableau blanc avant d\'ajouter une nouvelle image ?'),(1152,'2008-05-22 10:37:15',NULL,'false',64,3,'Ne pas redemander.'),(1153,'2008-05-22 10:37:15',NULL,'false',65,3,'non'),(1154,'2008-05-22 10:37:15',NULL,'false',66,3,'Modifier les rglages'),(1155,'2008-05-22 10:37:16',NULL,'false',67,3,'Demander confirmation avant de nettoyer le tableau blanc.'),(1156,'2008-05-22 10:37:16',NULL,'false',68,3,'Information sur l\'utilisateur'),(1157,'2008-05-22 10:37:16',NULL,'false',69,3,'Effacer tableau blanc'),(1158,'2008-05-22 10:37:16',NULL,'false',70,3,'Annuler'),(1159,'2008-05-22 10:37:16',NULL,'false',71,3,'Refaire'),(1160,'2008-05-22 10:37:16',NULL,'false',72,3,'Slectionner un objet'),(1161,'2008-05-22 10:37:16',NULL,'false',73,3,'Texte'),(1162,'2008-05-22 10:37:16',NULL,'false',74,3,'Peindre'),(1163,'2008-05-22 10:37:16',NULL,'false',75,3,'Tracer une ligne'),(1164,'2008-05-22 10:37:16',NULL,'false',76,3,'Surligner'),(1165,'2008-05-22 10:37:16',NULL,'false',77,3,'Rectangle'),(1166,'2008-05-22 10:37:16',NULL,'false',78,3,'Ellipse'),(1167,'2008-05-22 10:37:16',NULL,'false',79,3,'Flche'),(1168,'2008-05-22 10:37:16',NULL,'false',80,3,'Supprimer l\'lment slectionn'),(1169,'2008-05-22 10:37:16',NULL,'false',81,3,'Demander la modration'),(1170,'2008-05-22 10:37:16',NULL,'false',82,3,'Appliquer'),(1171,'2008-05-22 10:37:16',NULL,'false',83,3,'Annuler'),(1172,'2008-05-22 10:37:16',NULL,'false',84,3,'Devenir modrateur'),(1173,'2008-05-22 10:37:16',NULL,'false',85,3,'fermer'),(1174,'2008-05-22 10:37:16',NULL,'false',86,3,'italique'),(1175,'2008-05-22 10:37:16',NULL,'false',87,3,'gras'),(1176,'2008-05-22 10:37:16',NULL,'false',88,3,'En attente...'),(1177,'2008-05-22 10:37:16',NULL,'false',89,3,'Un utilisateur souhaite devenir modrateur :'),(1178,'2008-05-22 10:37:16',NULL,'false',90,3,'accepter'),(1179,'2008-05-22 10:37:16',NULL,'false',91,3,'rejeter'),(1180,'2008-05-22 10:37:16',NULL,'false',92,3,'annuler'),(1181,'2008-05-22 10:37:16',NULL,'false',93,3,'Envoi aux autres utilisateurs'),(1182,'2008-05-22 10:37:16',NULL,'false',94,3,'Accept'),(1183,'2008-05-22 10:37:16',NULL,'false',95,3,'Rejet'),(1184,'2008-05-22 10:37:16',NULL,'false',96,3,'Changer de Modrateur'),(1185,'2008-05-22 10:37:16',NULL,'false',97,3,'Vous n\'tes pas le modrateur de ce cours.'),(1186,'2008-05-22 10:37:16',NULL,'false',98,3,'Modrateur :'),(1187,'2008-05-22 10:37:16',NULL,'false',99,3,'Cette salle est pleine. Merci de revenir plus tard.'),(1188,'2008-05-22 10:37:16',NULL,'false',100,3,'Ellipse'),(1189,'2008-05-22 10:37:16',NULL,'false',101,3,'fermer'),(1190,'2008-05-22 10:37:16',NULL,'false',102,3,'erreur de formulaire'),(1191,'2008-05-22 10:37:16',NULL,'false',103,3,'Le nom d\'utilisateur doit contenir 4 caractres au moins.'),(1192,'2008-05-22 10:37:16',NULL,'false',104,3,'Le mot de passe doit contenir 4 caractres au moins.'),(1193,'2008-05-22 10:37:16',NULL,'false',105,3,'Le nom d\'utilisateur existe dj.'),(1194,'2008-05-22 10:37:16',NULL,'false',106,3,'Cette adresse e-mail est dj utilise.'),(1195,'2008-05-22 10:37:16',NULL,'false',107,3,'Erreur systme, merci de contacter l\'administrateur.'),(1196,'2008-05-22 10:37:16',NULL,'false',108,3,'Connexion'),(1197,'2008-05-22 10:37:16',NULL,'false',109,3,'Utilisateur :'),(1198,'2008-05-22 10:37:16',NULL,'false',110,3,'Mot de passe :'),(1199,'2008-05-22 10:37:16',NULL,'false',111,3,'Langue'),(1200,'2008-05-22 10:37:16',NULL,'false',112,3,'Login'),(1201,'2008-05-22 10:37:16',NULL,'false',113,3,'S\'enregistrer'),(1202,'2008-05-22 10:37:16',NULL,'false',114,3,'Utilisateur :'),(1203,'2008-05-22 10:37:16',NULL,'false',115,3,'Mot de passe :'),(1204,'2008-05-22 10:37:16',NULL,'false',116,3,'Retapez :'),(1205,'2008-05-22 10:37:16',NULL,'false',117,3,'Prnom :'),(1206,'2008-05-22 10:37:16',NULL,'false',118,3,'Nom :'),(1207,'2008-05-22 10:37:16',NULL,'false',119,3,'E-Mail :'),(1208,'2008-05-22 10:37:16',NULL,'false',120,3,'Pays :'),(1209,'2008-05-22 10:37:16',NULL,'false',121,3,'Enregistrer'),(1210,'2008-05-22 10:37:16',NULL,'false',122,3,'Annuler'),(1211,'2008-05-22 10:37:16',NULL,'false',123,3,'Inscription'),(1212,'2008-05-22 10:37:16',NULL,'false',124,3,'Accueil'),(1213,'2008-05-22 10:37:16',NULL,'false',125,3,'Utilisateurs'),(1214,'2008-05-22 10:37:16',NULL,'false',126,3,'Groupes'),(1215,'2008-05-22 10:37:16',NULL,'false',127,3,'Organisations'),(1216,'2008-05-22 10:37:16',NULL,'false',128,3,'Salles de Confrences'),(1217,'2008-05-22 10:37:16',NULL,'false',129,3,'publique'),(1218,'2008-05-22 10:37:16',NULL,'false',130,3,'Organisation'),(1219,'2008-05-22 10:37:16',NULL,'false',131,3,'Entrer'),(1220,'2008-05-22 10:37:16',NULL,'false',132,3,'Identifiant'),(1221,'2008-05-22 10:37:16',NULL,'false',133,3,'Mot de passe'),(1222,'2008-05-22 10:37:16',NULL,'false',134,3,'Confirmez'),(1223,'2008-05-22 10:37:16',NULL,'false',135,3,'Prnom'),(1224,'2008-05-22 10:37:16',NULL,'false',136,3,'Nom'),(1225,'2008-05-22 10:37:16',NULL,'false',137,3,'E-Mail'),(1226,'2008-05-22 10:37:16',NULL,'false',138,3,'Date de naissance'),(1227,'2008-05-22 10:37:16',NULL,'false',139,3,'N de rue'),(1228,'2008-05-22 10:37:16',NULL,'false',140,3,'Code postal/Ville'),(1229,'2008-05-22 10:37:16',NULL,'false',141,3,'Pays'),(1230,'2008-05-22 10:37:16',NULL,'false',142,3,'Commentaires'),(1231,'2008-05-22 10:37:16',NULL,'false',143,3,'Dtails sur l\'utilisateur'),(1232,'2008-05-22 10:37:16',NULL,'false',144,3,'sauvegarder'),(1233,'2008-05-22 10:37:16',NULL,'false',145,3,'Sauvegarder'),(1234,'2008-05-22 10:37:16',NULL,'false',146,3,'USER-ID'),(1235,'2008-05-22 10:37:16',NULL,'false',147,3,'login'),(1236,'2008-05-22 10:37:16',NULL,'false',148,3,'prnom'),(1237,'2008-05-22 10:37:16',NULL,'false',149,3,'nom'),(1238,'2008-05-22 10:37:16',NULL,'false',150,3,'suivant'),(1239,'2008-05-22 10:37:16',NULL,'false',151,3,'prcdent'),(1240,'2008-05-22 10:37:16',NULL,'false',152,3,'effacer l\'enregistrement'),(1241,'2008-05-22 10:37:16',NULL,'false',153,3,'annuler'),(1242,'2008-05-22 10:37:16',NULL,'false',154,3,'effacer'),(1243,'2008-05-22 10:37:16',NULL,'false',155,3,'nouvel enregistrement'),(1244,'2008-05-22 10:37:16',NULL,'false',156,3,'actualiser l\'enregistrement'),(1245,'2008-05-22 10:37:16',NULL,'false',157,3,'effacer l\'enregistrement'),(1246,'2008-05-22 10:37:16',NULL,'false',158,3,'statut'),(1247,'2008-05-22 10:37:16',NULL,'false',159,3,'dsactiv'),(1248,'2008-05-22 10:37:16',NULL,'false',160,3,'activ'),(1249,'2008-05-22 10:37:16',NULL,'false',161,3,'organisations'),(1250,'2008-05-22 10:37:16',NULL,'false',162,3,'calendrier'),(1251,'2008-05-22 10:37:16',NULL,'false',163,3,'fermer'),(1252,'2008-05-22 10:37:16',NULL,'false',164,3,'Organisation-ID'),(1253,'2008-05-22 10:37:16',NULL,'false',165,3,'nom'),(1254,'2008-05-22 10:37:16',NULL,'false',166,3,'utilisateur'),(1255,'2008-05-22 10:37:16',NULL,'false',167,3,'mode'),(1256,'2008-05-22 10:37:16',NULL,'false',168,3,'admin'),(1257,'2008-05-22 10:37:16',NULL,'false',169,3,'droits de l\'utilisateur'),(1258,'2008-05-22 10:37:16',NULL,'false',170,3,'organisation'),(1259,'2008-05-22 10:37:16',NULL,'false',171,3,'nom'),(1260,'2008-05-22 10:37:16',NULL,'false',172,3,'ajouter une organisation'),(1261,'2008-05-22 10:37:16',NULL,'false',173,3,'ajouter une organisation'),(1262,'2008-05-22 10:37:16',NULL,'false',174,3,'annuler'),(1263,'2008-05-22 10:37:16',NULL,'false',175,3,'ajouter'),(1264,'2008-05-22 10:37:17',NULL,'false',176,3,'effacer organisation'),(1265,'2008-05-22 10:37:17',NULL,'false',177,3,'utilisateur'),(1266,'2008-05-22 10:37:17',NULL,'false',178,3,'ajouter utilisateur'),(1267,'2008-05-22 10:37:17',NULL,'false',179,3,'effacer utilisateur'),(1268,'2008-05-22 10:37:17',NULL,'false',180,3,'ajouter utilisateur'),(1269,'2008-05-22 10:37:17',NULL,'false',181,3,'rechercher un utilisateur'),(1270,'2008-05-22 10:37:17',NULL,'false',182,3,'rechercher'),(1271,'2008-05-22 10:37:17',NULL,'false',183,3,'utilisateur'),(1272,'2008-05-22 10:37:17',NULL,'false',184,3,'organisation'),(1273,'2008-05-22 10:37:17',NULL,'false',185,3,'entrer'),(1274,'2008-05-22 10:37:17',NULL,'false',186,3,'salles de confrence'),(1275,'2008-05-22 10:37:17',NULL,'false',187,3,'Salles de confrence'),(1276,'2008-05-22 10:37:17',NULL,'false',188,3,'id'),(1277,'2008-05-22 10:37:17',NULL,'false',189,3,'Name'),(1278,'2008-05-22 10:37:17',NULL,'false',190,3,'publique'),(1279,'2008-05-22 10:37:17',NULL,'false',191,3,'organisations'),(1280,'2008-05-22 10:37:17',NULL,'false',192,3,'Salle de confrence'),(1281,'2008-05-22 10:37:17',NULL,'false',193,3,'nom'),(1282,'2008-05-22 10:37:17',NULL,'false',194,3,'type'),(1283,'2008-05-22 10:37:17',NULL,'false',195,3,'publique'),(1284,'2008-05-22 10:37:17',NULL,'false',196,3,'commentaire'),(1285,'2008-05-22 10:37:17',NULL,'false',197,3,'enregistrer'),(1286,'2008-05-22 10:37:17',NULL,'false',198,3,'charger'),(1287,'2008-05-22 10:37:17',NULL,'false',199,3,'enregistrer sous'),(1288,'2008-05-22 10:37:17',NULL,'false',200,3,'nom du fichier'),(1289,'2008-05-22 10:37:17',NULL,'false',201,3,'nom du fichier'),(1290,'2008-05-22 10:37:17',NULL,'false',202,3,'annuler'),(1291,'2008-05-22 10:37:17',NULL,'false',203,3,'sauvegarder'),(1292,'2008-05-22 10:37:17',NULL,'false',204,3,'erreur'),(1293,'2008-05-22 10:37:17',NULL,'false',205,3,'chargement'),(1294,'2008-05-22 10:37:17',NULL,'false',206,3,'objets chargs'),(1295,'2008-05-22 10:37:17',NULL,'false',207,3,'synchronisation des clients, patientez'),(1296,'2008-05-22 10:37:17',NULL,'false',208,3,'Chargement des donnes'),(1297,'2008-05-22 10:37:17',NULL,'false',209,3,'Synchronisation des clients, patientez'),(1298,'2008-05-22 10:37:17',NULL,'false',210,3,'effacer la zone de dessin'),(1299,'2008-05-22 10:37:17',NULL,'false',211,3,'effacer la zone de dessin, toutes les donnes sur le tableau blanc seront perdues'),(1300,'2008-05-22 10:37:17',NULL,'false',212,3,'Confirmer avant de charger un fichier'),(1301,'2008-05-22 10:37:17',NULL,'false',213,3,'Envoyer invitation'),(1302,'2008-05-22 10:37:17',NULL,'false',214,3,'Envoyer invitation'),(1303,'2008-05-22 10:37:17',NULL,'false',215,3,'Sujet'),(1304,'2008-05-22 10:37:17',NULL,'false',216,3,'Destinataire'),(1305,'2008-05-22 10:37:17',NULL,'false',217,3,'Message'),(1306,'2008-05-22 10:37:17',NULL,'false',218,3,'Envoyer'),(1307,'2008-05-22 10:37:17',NULL,'false',219,3,'annuler'),(1308,'2008-05-22 10:37:17',NULL,'false',220,3,'envoyer'),(1309,'2008-05-22 10:37:17',NULL,'false',221,3,'dtails sur l\'utilisateur'),(1310,'2008-05-22 10:37:17',NULL,'false',222,3,'Votre pseudonyme pour cette confrence'),(1311,'2008-05-22 10:37:17',NULL,'false',223,3,'pseudo'),(1312,'2008-05-22 10:37:17',NULL,'false',224,3,'prnom'),(1313,'2008-05-22 10:37:17',NULL,'false',225,3,'nom'),(1314,'2008-05-22 10:37:17',NULL,'false',226,3,'email'),(1315,'2008-05-22 10:37:17',NULL,'false',227,3,'langue'),(1316,'2008-05-22 10:37:17',NULL,'false',228,3,'entrer'),(1317,'2008-05-22 10:37:17',NULL,'false',229,3,'Chargement'),(1318,'2008-05-22 10:37:17',NULL,'false',230,3,'Donnes en cours de chargement, merci de patienter.'),(1319,'2008-05-22 10:37:17',NULL,'false',231,3,'Mauvais mot de passe'),(1320,'2008-05-22 10:37:17',NULL,'false',232,3,'Merci de mettre deux mots de passes identiques avec 4 caractres minimum.'),(1321,'2008-05-22 10:37:17',NULL,'false',233,3,'Mauvaise adresse e-mail.'),(1322,'2008-05-22 10:37:17',NULL,'false',234,3,'Vous avez utilis une adresse E-mail invalide.'),(1323,'2008-05-22 10:37:17',NULL,'false',235,3,'Enregistrement effectu.'),(1324,'2008-05-22 10:37:17',NULL,'false',236,3,'Votre compte a t cr. Vous pouvez vous connecter maintenant.'),(1325,'2008-05-22 10:37:17',NULL,'false',237,3,'Vous ne pouvez pas partager votre cran. Un autre utilisateur partage dj son cran.'),(1326,'2008-05-22 10:37:17',NULL,'false',238,3,'Partage annul'),(1327,'2008-05-22 10:37:17',NULL,'false',239,3,'Partager votre cran'),(1328,'2008-05-22 10:37:17',NULL,'false',240,3,'Mauvaise bande passante : Vous ne pouvez pas synchroniser votre cran. Des images seront supprimes.'),(1329,'2008-05-22 10:37:17',NULL,'false',241,3,'cran de :'),(1330,'2008-05-22 10:37:17',NULL,'false',242,3,'Peindre'),(1331,'2008-05-22 10:37:17',NULL,'false',243,3,'Document'),(1332,'2008-05-22 10:37:17',NULL,'false',244,3,'Chat'),(1333,'2008-05-22 10:37:17',NULL,'false',245,3,'Fichiers'),(1334,'2008-05-22 10:37:17',NULL,'false',246,3,'Membres'),(1335,'2008-05-22 10:37:17',NULL,'false',247,3,'Tlcharger le document original'),(1336,'2008-05-22 10:37:17',NULL,'false',248,3,'Tlcharger le document PDF'),(1337,'2008-05-22 10:37:17',NULL,'false',249,3,'Chargement de la prsentation sur le tableau blanc'),(1338,'2008-05-22 10:37:17',NULL,'false',250,3,'Configuration'),(1339,'2008-05-22 10:37:17',NULL,'false',251,3,'Dplacer cet objet'),(1340,'2008-05-22 10:37:17',NULL,'false',252,3,'Redimensionner cet objet'),(1341,'2008-05-22 10:37:17',NULL,'false',253,3,'%'),(1342,'2008-05-22 10:37:17',NULL,'false',254,3,'de'),(1343,'2008-05-22 10:37:17',NULL,'false',255,3,'Aller  la premire page'),(1344,'2008-05-22 10:37:17',NULL,'false',256,3,'Aller  la page prcdente'),(1345,'2008-05-22 10:37:17',NULL,'false',257,3,'Aller  la page suivante'),(1346,'2008-05-22 10:37:17',NULL,'false',258,3,'Aller  la dernire page'),(1347,'2008-05-22 10:37:17',NULL,'false',259,3,'Zoom --'),(1348,'2008-05-22 10:37:17',NULL,'false',260,3,'Zoom ++'),(1349,'2008-05-22 10:37:17',NULL,'false',261,3,'M.'),(1350,'2008-05-22 10:37:17',NULL,'false',262,3,'Mme.'),(1351,'2008-05-22 10:37:17',NULL,'false',263,3,'Configuration'),(1352,'2008-05-22 10:37:17',NULL,'false',264,3,'ID'),(1353,'2008-05-22 10:37:17',NULL,'false',265,3,'Cl'),(1354,'2008-05-22 10:37:17',NULL,'false',266,3,'Configuration'),(1355,'2008-05-22 10:37:17',NULL,'false',267,3,'Cl'),(1356,'2008-05-22 10:37:17',NULL,'false',268,3,'dernire mise  jour'),(1357,'2008-05-22 10:37:17',NULL,'false',269,3,'Mis  jour par'),(1358,'2008-05-22 10:37:17',NULL,'false',270,3,'commentaire'),(1359,'2008-05-22 10:37:17',NULL,'false',271,3,'cl'),(1360,'2008-05-22 10:37:17',NULL,'false',272,3,'de'),(1361,'2008-05-22 10:37:17',NULL,'false',273,3,'Utilisateurs'),(1362,'2008-05-22 10:37:17',NULL,'false',274,3,'Effacer l\'utilisateur de l\'organisation'),(1363,'2008-05-22 10:37:17',NULL,'false',275,3,'effacer'),(1364,'2008-05-22 10:37:17',NULL,'false',276,3,'cet utilisateur est dj membre de l\'organisation.'),(1365,'2008-05-22 10:37:17',NULL,'false',277,3,'Nouvelles'),(1366,'2008-05-22 10:37:17',NULL,'false',278,3,'Raccourcis'),(1367,'2008-05-22 10:37:17',NULL,'false',279,3,'Aller  la confrence'),(1368,'2008-05-22 10:37:17',NULL,'false',280,3,'Aller  l\'auditorium'),(1369,'2008-05-22 10:37:17',NULL,'false',281,3,'Aide et support'),(1370,'2008-05-22 10:37:17',NULL,'false',282,3,'http://code.google.com/p/openmeetings/'),(1371,'2008-05-22 10:37:17',NULL,'false',283,3,'http://groups.google.com/group/openmeetings-user'),(1372,'2008-05-22 10:37:17',NULL,'false',284,3,'Signaler un bug!'),(1373,'2008-05-22 10:37:17',NULL,'false',285,3,'dtail'),(1374,'2008-05-22 10:37:17',NULL,'false',286,3,'Site du projet (code.google.com/p/openmeetings/)'),(1375,'2008-05-22 10:37:17',NULL,'false',287,3,'Mailing List utilisateur (groups.google.com/group/openmeetings-user)'),(1376,'2008-05-22 10:37:17',NULL,'false',288,3,'Se souvenir de moi'),(1377,'2008-05-22 10:37:17',NULL,'false',289,3,'Contenu'),(1378,'2008-05-22 10:37:17',NULL,'false',290,3,'Ma page personnelle'),(1379,'2008-05-22 10:37:17',NULL,'false',291,3,'Mes runions programmes'),(1380,'2008-05-22 10:37:18',NULL,'false',292,3,'Mes confrences programmes'),(1381,'2008-05-22 10:37:18',NULL,'false',293,3,'Runions publiques'),(1382,'2008-05-22 10:37:18',NULL,'false',294,3,'Runions prives'),(1383,'2008-05-22 10:37:18',NULL,'false',295,3,'Confrences publiques'),(1384,'2008-05-22 10:37:18',NULL,'false',296,3,'Confrences prives'),(1385,'2008-05-22 10:37:18',NULL,'false',297,3,'Contenu publique'),(1386,'2008-05-22 10:37:18',NULL,'false',298,3,'Contenu priv'),(1387,'2008-05-22 10:37:18',NULL,'false',299,3,'Contenu personnel'),(1388,'2008-05-22 10:37:18',NULL,'false',300,3,''),(1389,'2008-05-22 10:37:18',NULL,'false',301,3,'Modration'),(1390,'2008-05-22 10:37:18',NULL,'false',302,3,'Demander la modration'),(1391,'2008-05-22 10:37:18',NULL,'false',303,3,'Enqute'),(1392,'2008-05-22 10:37:18',NULL,'false',304,3,'Choisir un fichier'),(1393,'2008-05-22 10:37:18',NULL,'false',305,3,'Configuration'),(1394,'2008-05-22 10:37:18',NULL,'false',306,3,'Configuration du micro et de la camra'),(1395,'2008-05-22 10:37:18',NULL,'false',307,3,'Configuration du tableau blanc'),(1396,'2008-05-22 10:37:18',NULL,'false',308,3,'Sortir'),(1397,'2008-05-22 10:37:18',NULL,'false',309,3,'Retours aux salles'),(1398,'2008-05-22 10:37:18',NULL,'false',310,3,'Dconnexion'),(1399,'2008-05-22 10:37:18',NULL,'false',311,3,'Mot de passe oubli ?'),(1400,'2008-05-22 10:37:18',NULL,'false',312,3,'Rinitialiser votre mot de passe'),(1401,'2008-05-22 10:37:18',NULL,'false',313,3,'Par email'),(1402,'2008-05-22 10:37:18',NULL,'false',314,3,'Par login'),(1403,'2008-05-22 10:37:18',NULL,'false',315,3,'Votre email'),(1404,'2008-05-22 10:37:18',NULL,'false',316,3,'Votre login'),(1405,'2008-05-22 10:37:18',NULL,'false',317,3,'Envoyer un mail de rinitialisation'),(1406,'2008-05-22 10:37:18',NULL,'false',318,3,'Aucune adresse trouve. Soyez sr d\'avoir entr la mme adresse que pour l\'inscription.'),(1407,'2008-05-22 10:37:18',NULL,'false',319,3,'Entrez votre mail ou nom d\'utilisateur.'),(1408,'2008-05-22 10:37:18',NULL,'false',320,3,'Il n\'y a pas d\'utilisateur avec ce nom'),(1409,'2008-05-22 10:37:18',NULL,'false',321,3,'Un email contenant un lien vous a t envoy. Si vous n\'avez pas reu d\'email, vrifiez votre antispam et redemandez une confirmation.'),(1410,'2008-05-22 10:37:18',NULL,'false',322,3,'Erreur'),(1411,'2008-05-22 10:37:18',NULL,'false',323,3,'Message'),(1412,'2008-05-22 10:37:18',NULL,'false',324,3,'Invalid Hash. No User found.'),(1413,'2008-05-22 10:37:18',NULL,'false',325,3,'Changez votre mot de passe'),(1414,'2008-05-22 10:37:18',NULL,'false',326,3,'Login'),(1415,'2008-05-22 10:37:18',NULL,'false',327,3,'Changez votre mot de passe'),(1416,'2008-05-22 10:37:18',NULL,'false',328,3,'nouveau mot de passe'),(1417,'2008-05-22 10:37:18',NULL,'false',329,3,'retapez votre mot de passe'),(1418,'2008-05-22 10:37:18',NULL,'false',330,3,'Les mots de passe que vous avez entrs ne sont pas identiques.'),(1419,'2008-05-22 10:37:18',NULL,'false',331,3,'4 caractres ou plus ; la casse a de l\'importance !'),(1420,'2008-05-22 10:37:18',NULL,'false',332,3,'Mot de passe chang. Vous pouvez vous connecter.'),(1421,'2008-05-22 10:37:18',NULL,'false',333,3,'OK'),(1422,'2008-05-22 10:37:18',NULL,'false',334,3,'Erreur inconnue. Veuillez le signaler  votre quipe support.'),(1423,'2008-05-22 10:37:18',NULL,'false',335,3,'Nom d\'utilisateur inconnu'),(1424,'2008-05-22 10:37:18',NULL,'false',336,3,'Mot de passe invalide'),(1425,'2008-05-22 10:37:18',NULL,'false',337,3,'Dconnect avec succs'),(1426,'2008-05-22 10:37:18',NULL,'false',338,3,'Enregistrement depuis la page d\'accueil dsactiv.'),(1427,'2008-05-22 10:37:18',NULL,'false',339,3,'EMail invalide'),(1428,'2008-05-22 10:37:18',NULL,'false',340,3,'Nom de fichier identique, veuillez choisir un autre nom de fichier'),(1429,'2008-05-22 10:37:18',NULL,'false',341,3,'Nom de fichier trop court'),(1430,'2008-05-22 10:37:18',NULL,'false',342,3,'Impossible de sauvegarder l\'adresse'),(1431,'2008-05-22 10:37:18',NULL,'false',343,3,'Utilisateur ajout, mais vous devez l\'assigner  une organisation, sinon il ne pourra pas se connecter.'),(1432,'2008-05-22 10:37:18',NULL,'false',344,3,'Nouvel enregistrement'),(1433,'2008-05-22 10:37:18',NULL,'false',345,3,'No Field found with this FieldId.'),(1434,'2008-05-22 10:37:18',NULL,'false',346,3,'No Label found for that Field.'),(1435,'2008-05-22 10:37:18',NULL,'false',347,3,'Require l\'autorisation de l\'administrateur'),(1436,'2008-05-22 10:37:18',NULL,'false',348,3,'Editeur de langue'),(1437,'2008-05-22 10:37:18',NULL,'false',349,3,'Langue'),(1438,'2008-05-22 10:37:18',NULL,'false',350,3,'Label-ID'),(1439,'2008-05-22 10:37:18',NULL,'false',351,3,'Label-Name'),(1440,'2008-05-22 10:37:18',NULL,'false',352,3,'Value'),(1441,'2008-05-22 10:37:18',NULL,'false',353,3,'Fieldvalues'),(1442,'2008-05-22 10:37:18',NULL,'false',354,3,'LabelName'),(1443,'2008-05-22 10:37:18',NULL,'false',355,3,'LabelValue'),(1444,'2008-05-22 10:37:18',NULL,'false',356,3,'Label-ID'),(1445,'2008-05-22 10:37:18',NULL,'false',357,3,'Vous avez effac le label, pas le champ ! vous ne pouvez pas effacer le champ, il peut contenir des labels pour d\'autres langues.'),(1446,'2008-05-22 10:37:18',NULL,'false',358,3,'Invalide Labelid. Le FieldLanguagesvalues_Id n\'est pas dans la base de donnes.'),(1447,'2008-05-22 10:37:18',NULL,'false',359,3,'You cannot delete this Field. You can only delete Labels NOT Fields. There is no Label loaded at the moment, wether it is not selected any Field or there is no Label for this Language for that Field defined.'),(1448,'2008-05-22 10:37:18',NULL,'false',360,3,'export'),(1449,'2008-05-22 10:37:18',NULL,'false',361,3,'Vous devez vous dconnecter pour voir les changements.'),(1450,'2008-05-22 10:37:18',NULL,'false',362,3,'Ajouter un langage'),(1451,'2008-05-22 10:37:18',NULL,'false',363,3,'Effacer un langage'),(1452,'2008-05-22 10:37:18',NULL,'false',364,3,'Ajouter un langage'),(1453,'2008-05-22 10:37:18',NULL,'false',365,3,'Nom'),(1454,'2008-05-22 10:37:18',NULL,'false',366,3,'ajouter un langage'),(1455,'2008-05-22 10:37:18',NULL,'false',367,3,'Sauvegarde'),(1456,'2008-05-22 10:37:18',NULL,'false',368,3,'retour au dbut'),(1457,'2008-05-22 10:37:18',NULL,'false',369,3,'prcdent'),(1458,'2008-05-22 10:37:18',NULL,'false',370,3,'suivant'),(1459,'2008-05-22 10:37:18',NULL,'false',371,3,'aller au dernier'),(1460,'2008-05-22 10:37:18',NULL,'false',372,3,'l\'utilisateur parle'),(1461,'2008-05-22 10:37:18',NULL,'false',373,3,'son marche/arrt'),(1462,'2008-05-22 10:37:18',NULL,'false',374,3,'Systme'),(1463,'2008-05-22 10:37:18',NULL,'false',375,3,'Votre configuration'),(1464,'2008-05-22 10:37:18',NULL,'false',376,3,'Bonjour,'),(1465,'2008-05-22 10:37:18',NULL,'false',377,3,'Editez votre profil'),(1466,'2008-05-22 10:37:18',NULL,'false',378,3,'Nouveaux Messages :'),(1467,'2008-05-22 10:37:18',NULL,'false',379,3,'Dposer une nouvelle image'),(1468,'2008-05-22 10:37:18',NULL,'false',380,3,'Exporter dtails utilisateurs'),(1469,'2008-05-22 10:37:18',NULL,'false',381,3,'Les organisions doivent exister !'),(1470,'2008-05-22 10:37:18',NULL,'false',382,3,'commencer l\'export'),(1471,'2008-05-22 10:37:18',NULL,'false',383,3,'Par organisation'),(1472,'2008-05-22 10:37:18',NULL,'false',384,3,'commencer l\'export'),(1473,'2008-05-22 10:37:18',NULL,'false',385,3,'Importer dtails utilisateurs'),(1474,'2008-05-22 10:37:18',NULL,'false',386,3,'choisissez users.xml'),(1475,'2008-05-22 10:37:18',NULL,'false',387,3,'import'),(1476,'2008-05-22 10:37:18',NULL,'false',388,3,'Export en XML - Ces fichiers peuvent tre utiliss pour : \n		- Contribuer au projet \n		- Importation sur un autre systme \n		- Sauvegarde \n		- Personnalisation \n		- Mettez le dans le dossier des langues pour votre prochaine installation'),(1477,'2008-05-22 10:37:18',NULL,'false',389,3,'Choisissez un fichier de langue  importer. Choisissez le bon langage depuis la boite droulante ! Peu importe le nom du fichier, il sera import pour ce langage'),(1478,'2008-05-22 10:37:18',NULL,'false',390,3,'import - choisir un fichier'),(1479,'2008-05-22 10:37:18',NULL,'false',391,3,'Enregistrer sous'),(1480,'2008-05-22 10:37:18',NULL,'false',392,3,'Nom :'),(1481,'2008-05-22 10:37:18',NULL,'false',393,3,'Commentaire :'),(1482,'2008-05-22 10:37:18',NULL,'false',394,3,'sauvegarde'),(1483,'2008-05-22 10:37:18',NULL,'false',395,3,'Enregistrements'),(1484,'2008-05-22 10:37:18',NULL,'false',396,3,'Lecteur d\'enregistrements'),(1485,'2008-05-22 10:37:18',NULL,'false',397,3,'Enregistrement des salles prives et publiques'),(1486,'2008-05-22 10:37:18',NULL,'false',398,3,'Utilisateurs : '),(1487,'2008-05-22 10:37:18',NULL,'false',399,3,'Inscrits :'),(1488,'2008-05-22 10:37:18',NULL,'false',400,3,''),(1489,'2008-05-22 10:37:18',NULL,'false',401,3,'Utilisateur dans la salle :'),(1490,'2008-05-22 10:37:18',NULL,'false',402,3,'Rafraichir'),(1491,'2008-05-22 10:37:18',NULL,'false',403,3,'Cette salle est pleine. Ressayez dans quelques minutes.'),(1492,'2008-05-22 10:37:18',NULL,'false',404,3,'Cliquez sur une salle pour plus de dtails'),(1493,'2008-05-22 10:37:18',NULL,'false',405,3,'Discutez avec les utilisateurs de cette salle :'),(1494,'2008-05-22 10:37:18',NULL,'false',406,3,'Salle : '),(1495,'2008-05-22 10:37:18',NULL,'false',407,3,'Utilisateurs dans cette salle :'),(1496,'2008-05-22 10:37:18',NULL,'false',408,3,'depuis :'),(1497,'2008-05-22 10:37:18',NULL,'false',409,3,'lire l\'enregistrement'),(1498,'2008-05-22 10:37:18',NULL,'false',410,3,'longueur :'),(1499,'2008-05-22 10:37:18',NULL,'false',411,3,'Date :'),(1500,'2008-05-22 10:37:18',NULL,'false',412,3,'Mode enregistrement ! Vous ne pouvez rien modifier, ceci est un document enregistr !'),(1501,'2008-05-22 10:37:18',NULL,'false',413,3,'lire cet enregistrement'),(1502,'2008-05-22 10:37:18',NULL,'false',414,3,'Lecture / Pause'),(1503,'2008-05-22 10:37:18',NULL,'false',415,3,'Commencer l\'enregistrement'),(1504,'2008-05-22 10:37:18',NULL,'false',416,3,'Stopper l\'enregistrement'),(1505,'2008-05-22 10:37:18',NULL,'false',417,3,'Enregistrement :'),(1506,'2008-05-22 10:37:18',NULL,'false',418,3,'Quelqu\'un est dj en train d\'enregistrer cette session :'),(1507,'2008-05-22 10:37:18',NULL,'false',419,3,'Enregistrement par :'),(1508,'2008-05-22 10:37:18',NULL,'false',420,3,'annuler'),(1509,'2008-05-22 10:37:18',NULL,'false',421,3,'L\'enregistrement sera annul et pas sauvegard.'),(1510,'2008-05-22 10:37:18',NULL,'false',422,3,'reprendre'),(1511,'2008-05-22 10:37:18',NULL,'false',423,3,'Fermer cette fentre et reprendre l\'enregistrement'),(1512,'2008-05-22 10:37:19',NULL,'false',424,3,'changer la couleur de ligne'),(1513,'2008-05-22 10:37:19',NULL,'false',425,3,'Choisir une couleur'),(1514,'2008-05-22 10:37:19',NULL,'false',426,3,'Dsactiver / Activer couleur de ligne'),(1515,'2008-05-22 10:37:19',NULL,'false',427,3,'changer la couleur de remplissage'),(1516,'2008-05-22 10:37:19',NULL,'false',428,3,'Dsactiver / Activer couleur de remplissage'),(1517,'2008-05-22 10:37:19',NULL,'false',429,3,'Changer largeur de ligne'),(1518,'2008-05-22 10:37:19',NULL,'false',430,3,'fermer'),(1519,'2008-05-22 10:37:19',NULL,'false',431,3,'changer la taille de la police'),(1520,'2008-05-22 10:37:19',NULL,'false',432,3,'Effacer l\'enregistrement'),(1521,'2008-05-22 10:37:19',NULL,'false',433,3,'Invit'),(1522,'2008-05-22 10:37:19',NULL,'false',434,3,'Par :'),(1523,'2008-05-22 10:37:19',NULL,'false',435,3,'Nom'),(1524,'2008-05-22 10:37:19',NULL,'false',436,3,'Salle'),(1525,'2008-05-22 10:37:19',NULL,'false',437,3,'Date'),(1526,'2008-05-22 10:37:19',NULL,'false',438,3,'annuler'),(1527,'2008-05-22 10:37:19',NULL,'false',439,3,'dmarrer'),(1528,'2008-05-22 10:37:19',NULL,'false',440,3,'Nom'),(1529,'2008-05-22 10:37:19',NULL,'false',441,3,'Date'),(1530,'2008-05-22 10:37:19',NULL,'false',442,3,'Effacer l\'historique du chat'),(1531,'2008-05-22 10:37:19',NULL,'false',443,3,'Chat'),(1532,'2008-05-22 10:37:19',NULL,'false',444,3,'envoyer message'),(1533,'2008-05-22 10:37:19',NULL,'false',445,3,'Emoticones'),(1534,'2008-05-22 10:37:19',NULL,'false',446,3,'Emoticons'),(1535,'2008-05-22 10:37:19',NULL,'false',447,3,'Choisissez le priphrique'),(1536,'2008-05-22 10:37:19',NULL,'false',448,3,'Audio et Video'),(1537,'2008-05-22 10:37:19',NULL,'false',449,3,'Audio seulement'),(1538,'2008-05-22 10:37:19',NULL,'false',450,3,'Video seulement'),(1539,'2008-05-22 10:37:19',NULL,'false',451,3,'pas d\'audio ni de video (image statique)'),(1540,'2008-05-22 10:37:19',NULL,'false',452,3,'Aucun flux Audio/Video ne seront mis,  la place l\'image de votre profil sera montre. Choisissez cette configuration en cas de problmes de bande passante ou si votre connexion internet est lente.'),(1541,'2008-05-22 10:37:19',NULL,'false',453,3,'LU'),(1542,'2008-05-22 10:37:19',NULL,'false',454,3,'MA'),(1543,'2008-05-22 10:37:19',NULL,'false',455,3,'ME'),(1544,'2008-05-22 10:37:19',NULL,'false',456,3,'JE'),(1545,'2008-05-22 10:37:19',NULL,'false',457,3,'VE'),(1546,'2008-05-22 10:37:19',NULL,'false',458,3,'SA'),(1547,'2008-05-22 10:37:19',NULL,'false',459,3,'DI'),(1548,'2008-05-22 10:37:19',NULL,'false',460,3,'lundi'),(1549,'2008-05-22 10:37:19',NULL,'false',461,3,'mardi'),(1550,'2008-05-22 10:37:19',NULL,'false',462,3,'mercredi'),(1551,'2008-05-22 10:37:19',NULL,'false',463,3,'jeudi'),(1552,'2008-05-22 10:37:19',NULL,'false',464,3,'vendredi'),(1553,'2008-05-22 10:37:19',NULL,'false',465,3,'samedi'),(1554,'2008-05-22 10:37:19',NULL,'false',466,3,'dimance'),(1555,'2008-05-22 10:37:19',NULL,'false',467,3,'CS'),(1556,'2008-05-22 10:37:19',NULL,'false',468,3,'Calendrier semaine'),(1557,'2008-05-22 10:37:19',NULL,'false',469,3,'janvier'),(1558,'2008-05-22 10:37:19',NULL,'false',470,3,'fevrier'),(1559,'2008-05-22 10:37:19',NULL,'false',471,3,'mars'),(1560,'2008-05-22 10:37:19',NULL,'false',472,3,'avril'),(1561,'2008-05-22 10:37:19',NULL,'false',473,3,'mai'),(1562,'2008-05-22 10:37:19',NULL,'false',474,3,'juin'),(1563,'2008-05-22 10:37:19',NULL,'false',475,3,'juillet'),(1564,'2008-05-22 10:37:19',NULL,'false',476,3,'aout'),(1565,'2008-05-22 10:37:19',NULL,'false',477,3,'septembre'),(1566,'2008-05-22 10:37:19',NULL,'false',478,3,'octobre'),(1567,'2008-05-22 10:37:20',NULL,'false',479,3,'novembre'),(1568,'2008-05-22 10:37:20',NULL,'false',480,3,'decembre'),(1569,'2008-05-22 10:37:20',NULL,'false',481,3,'Calendrier'),(1570,'2008-05-22 10:37:20',NULL,'false',482,3,'Participants'),(1571,'2008-05-22 10:37:20',NULL,'false',483,3,'Montrer la disposition'),(1572,'2008-05-22 10:37:20',NULL,'false',484,3,'X | Y'),(1573,'2008-05-22 10:37:20',NULL,'false',485,3,'Largeur | Hauteur'),(1574,'2008-05-22 10:37:20',NULL,'false',486,3,'Conteneur-video'),(1575,'2008-05-22 10:37:20',NULL,'false',487,3,'Conteneur-moderation'),(1576,'2008-05-22 10:37:20',NULL,'false',488,3,'X'),(1577,'2008-05-22 10:37:20',NULL,'false',489,3,'Conteneur-tableau blanc'),(1578,'2008-05-22 10:37:20',NULL,'false',490,3,'Activ'),(1579,'2008-05-22 10:37:20',NULL,'false',491,3,'X | Y'),(1580,'2008-05-22 10:37:20',NULL,'false',492,3,'Largeur | Hauteur'),(1581,'2008-05-22 10:37:20',NULL,'false',493,3,'Conteneur Fichier,chat,participants'),(1582,'2008-05-22 10:37:20',NULL,'false',494,3,'Activ'),(1583,'2008-05-22 10:37:20',NULL,'false',495,3,'X |Y'),(1584,'2008-05-22 10:37:20',NULL,'false',496,3,'Largeur | Hauteur'),(1585,'2008-05-22 10:37:20',NULL,'false',497,3,'Le Moderateur a quitt la salle. Personne n\'est prsent actuellement. Vous pouvez demander la modration ou attendre.'),(1586,'2008-05-22 10:37:20',NULL,'false',498,3,'Il n\'y a pas de modrateur dans cette salle, mais il reste des participants. Vous pouvez demander la modration ou attendre.'),(1587,'2008-05-22 10:37:20',NULL,'false',499,3,'Sentiments sur OpenMeetings'),(1588,'2008-05-22 10:37:20',NULL,'false',500,3,'OpenMeetings - Invitation'),(1589,'2008-05-22 10:37:20',NULL,'false',501,3,'Message pour :'),(1590,'2008-05-22 10:37:20',NULL,'false',502,3,'Message :'),(1591,'2008-05-22 10:37:20',NULL,'false',503,3,'Clickez sur le lien pour participer au meeting s:'),(1592,'2008-05-22 10:37:20',NULL,'false',504,3,'Clickez pour entrer dans la salle'),(1593,'2008-05-22 10:37:20',NULL,'false',505,3,'Si ce lien ne fonctionne pas, copier/coller le dans votre navigateur.'),(1594,'2008-05-22 10:37:20',NULL,'false',506,3,'Inscription OpenMeetings'),(1595,'2008-05-22 10:37:20',NULL,'false',507,3,'Vos donnes utilisateur :'),(1596,'2008-05-22 10:37:20',NULL,'false',508,3,'Login:'),(1597,'2008-05-22 10:37:20',NULL,'false',509,3,'Mot de passe :'),(1598,'2008-05-22 10:37:20',NULL,'false',510,3,'EMail :'),(1599,'2008-05-22 10:37:20',NULL,'false',511,3,'Equipe-OpenMeetings'),(1600,'2008-05-22 10:37:20',NULL,'false',512,3,'Inscription OpenMeetings'),(1601,'2008-05-22 10:37:20',NULL,'false',513,3,'OpenMeetings - Reset Password'),(1602,'2008-05-22 10:37:20',NULL,'false',514,3,'Clickez sur le lien pour saisir un nouveau mot de passe :'),(1603,'2008-05-22 10:37:20',NULL,'false',515,3,'Clickez ici pour saisir un nouveau mot de passe'),(1604,'2008-05-22 10:37:20',NULL,'false',516,3,'Si ce lien ne fonctionne pas, copier/coller le dans votre navigateur.'),(1605,'2008-05-22 10:37:20',NULL,'false',517,3,'OpenMeetings nouveau mot de passe'),(1606,'2008-05-22 10:37:20',NULL,'false',518,3,'Entrez une date valide, par exemple 24.12.2001 (jj.mm.aaaa)'),(1607,'2008-05-22 10:37:20',NULL,'false',519,3,'Entrez un mail valide, par exemple name@mail.com'),(1608,'2008-05-22 10:37:20',NULL,'false',520,3,'Entrez un nombre dcimal valide, par exemple 1.00'),(1609,'2008-05-22 10:37:20',NULL,'false',521,3,'Entrez un entier valide, par exemple 100'),(1610,'2008-05-22 10:37:20',NULL,'false',522,3,'Entrez un numro de tlphone valide, par exemple ++49 0123 123123'),(1611,'2008-05-22 10:37:20',NULL,'false',523,3,'Entrez une heure valide, par exemple 12:23 (hh:mm)'),(1612,'2008-05-22 10:37:20',NULL,'false',524,3,'Mot de passe protg'),(1613,'2008-05-22 10:37:20',NULL,'false',525,3,'Mot de passe'),(1614,'2008-05-22 10:37:20',NULL,'false',526,3,'Periode de validit'),(1615,'2008-05-22 10:37:20',NULL,'false',527,3,'Infini'),(1616,'2008-05-22 10:37:20',NULL,'false',528,3,'Periode'),(1617,'2008-05-22 10:37:20',NULL,'false',529,3,'Une fois'),(1618,'2008-05-22 10:37:20',NULL,'false',530,3,'Valide  partir de :'),(1619,'2008-05-22 10:37:20',NULL,'false',531,3,'Valide jusqu\'a :'),(1620,'2008-05-22 10:37:20',NULL,'false',532,3,'Invitation  OpenMeetings'),(1621,'2008-05-22 10:37:20',NULL,'false',533,3,'Pas d\'invitation disponible pour ce code'),(1622,'2008-05-22 10:37:20',NULL,'false',534,3,'L\'invitation est dj utilis. Ce type d\'invitation ne peux tre rutilise.'),(1623,'2008-05-22 10:37:20',NULL,'false',535,3,'Ce code d\'invitation n\'est pas valide.'),(1624,'2008-05-22 10:37:20',NULL,'false',536,3,'Mot de passe:'),(1625,'2008-05-22 10:37:20',NULL,'false',537,3,'Verification du mot de passe'),(1626,'2008-05-22 10:37:20',NULL,'false',538,3,'Mot de passe invalide !'),(1627,'2008-05-22 10:37:20',NULL,'false',539,3,'Browser'),(1628,'2008-05-22 10:37:20',NULL,'false',540,3,'Syncronize Audio/Video'),(1629,'2008-05-22 10:37:20',NULL,'false',541,3,'Login was correct, but the Session you tried is not active or stored on the Server. You have to get a new SessionId and retry login.'),(1630,'2008-05-22 10:37:20',NULL,'false',542,3,'The SessionId is not loggedin or has no Admin rights. The SOAP Gateway needs an User with Admin-Rights to embed new Users.'),(1631,'2008-05-22 10:37:20',NULL,'false',543,3,'This Session has no Remoteuser-Data connected. Wether you did not call the SOAP-Gateway before accessing the Application or you are usnig a wrong Session-ID'),(1632,'2008-05-22 10:37:20',NULL,'false',544,3,'The recorder is currently Beta!'),(1633,'2008-05-22 10:37:20',NULL,'false',1,4,'Conferenza'),(1634,'2008-05-22 10:37:20',NULL,'false',2,4,'Incontro'),(1635,'2008-05-22 10:37:20',NULL,'false',3,4,'Auditorium'),(1636,'2008-05-22 10:37:20',NULL,'false',4,4,'Impostazioni'),(1637,'2008-05-22 10:37:20',NULL,'false',5,4,'Utente'),(1638,'2008-05-22 10:37:20',NULL,'false',6,4,'Amministrazione'),(1639,'2008-05-22 10:37:20',NULL,'false',7,4,'Stop'),(1640,'2008-05-22 10:37:20',NULL,'false',8,4,'Registra'),(1641,'2008-05-22 10:37:20',NULL,'false',9,4,'Nessun file disponibile'),(1642,'2008-05-22 10:37:20',NULL,'false',10,4,'Solo il docente'),(1643,'2008-05-22 10:37:20',NULL,'false',11,4,'Utenti connessi:'),(1644,'2008-05-22 10:37:20',NULL,'false',12,4,'Inizia una conferenza'),(1645,'2008-05-22 10:37:20',NULL,'false',13,4,'Il mio nome'),(1646,'2008-05-22 10:37:20',NULL,'false',14,4,'Video Conferenza'),(1647,'2008-05-22 10:37:20',NULL,'false',15,4,'Carica presentazione'),(1648,'2008-05-22 10:37:20',NULL,'false',16,4,'Aggiorna la lista'),(1649,'2008-05-22 10:37:20',NULL,'false',17,4,'All\'archivio principale'),(1650,'2008-05-22 10:37:20',NULL,'false',18,4,'Nuovo sondaggio'),(1651,'2008-05-22 10:37:20',NULL,'false',19,4,'Un nuovo sondaggio per la conferenza.'),(1652,'2008-05-22 10:37:20',NULL,'false',20,4,'Domanda:'),(1653,'2008-05-22 10:37:20',NULL,'false',21,4,'Tipo di sondaggio:'),(1654,'2008-05-22 10:37:20',NULL,'false',22,4,'Crea'),(1655,'2008-05-22 10:37:20',NULL,'false',23,4,'Informazione: Ogni utente connesso riceve un messaggio con il nuovo sondaggio.'),(1656,'2008-05-22 10:37:20',NULL,'false',24,4,'Crea un sondaggio'),(1657,'2008-05-22 10:37:20',NULL,'false',25,4,'Cancella'),(1658,'2008-05-22 10:37:20',NULL,'false',26,4,'Si/No'),(1659,'2008-05-22 10:37:20',NULL,'false',27,4,'Numerico 1-10'),(1660,'2008-05-22 10:37:20',NULL,'false',28,4,'Sondaggio'),(1661,'2008-05-22 10:37:20',NULL,'false',29,4,'Devi essere moderatore per creare una domanda'),(1662,'2008-05-22 10:37:20',NULL,'false',30,4,'Il tuo voto  stato registrato.'),(1663,'2008-05-22 10:37:20',NULL,'false',31,4,'Hai gi votato per questo sondaggio.'),(1664,'2008-05-22 10:37:20',NULL,'false',32,4,'Vota!'),(1665,'2008-05-22 10:37:20',NULL,'false',33,4,'La tua risposta:'),(1666,'2008-05-22 10:37:20',NULL,'false',34,4,'Si'),(1667,'2008-05-22 10:37:20',NULL,'false',35,4,'No'),(1668,'2008-05-22 10:37:20',NULL,'false',36,4,'Rispondi alle domande:'),(1669,'2008-05-22 10:37:20',NULL,'false',37,4,'Risultati del sondaggio'),(1670,'2008-05-22 10:37:20',NULL,'false',38,4,'Domanda:'),(1671,'2008-05-22 10:37:20',NULL,'false',39,4,'risultati:'),(1672,'2008-05-22 10:37:20',NULL,'false',40,4,'Risposte:'),(1673,'2008-05-22 10:37:20',NULL,'false',41,4,'Nessun sondaggio  attivo.'),(1674,'2008-05-22 10:37:20',NULL,'false',42,4,'Vota!'),(1675,'2008-05-22 10:37:20',NULL,'false',43,4,'Incontro (massimo 4 partecipanti)'),(1676,'2008-05-22 10:37:20',NULL,'false',44,4,'Conferenza (massimo 100 partecipanti)'),(1677,'2008-05-22 10:37:20',NULL,'false',45,4,'Tipo'),(1678,'2008-05-22 10:37:20',NULL,'false',46,4,'Altri partecipanti'),(1679,'2008-05-22 10:37:20',NULL,'false',47,4,'Gi scelto'),(1680,'2008-05-22 10:37:20',NULL,'false',48,4,'entra'),(1681,'2008-05-22 10:37:20',NULL,'false',49,4,'Il moderatore ha lasciato l\'incontro.'),(1682,'2008-05-22 10:37:20',NULL,'false',50,4,'Informazioni di sistema'),(1683,'2008-05-22 10:37:20',NULL,'false',51,4,'Scegli il dispositivo'),(1684,'2008-05-22 10:37:20',NULL,'false',52,4,'Scegli la webcam:'),(1685,'2008-05-22 10:37:20',NULL,'false',53,4,'Scegli il microfono:'),(1686,'2008-05-22 10:37:20',NULL,'false',54,4,'ok'),(1687,'2008-05-22 10:37:20',NULL,'false',55,4,'annulla'),(1688,'2008-05-22 10:37:20',NULL,'false',56,4,'Devi riconnetterti.'),(1689,'2008-05-22 10:37:20',NULL,'false',57,4,'Modifica le impostazioni.'),(1690,'2008-05-22 10:37:20',NULL,'false',58,4,'Corso:'),(1691,'2008-05-22 10:37:20',NULL,'false',59,4,'Lingua:'),(1692,'2008-05-22 10:37:20',NULL,'false',60,4,'ok'),(1693,'2008-05-22 10:37:20',NULL,'false',61,4,'annulla'),(1694,'2008-05-22 10:37:21',NULL,'false',62,4,'Cancella la lavagna'),(1695,'2008-05-22 10:37:21',NULL,'false',63,4,'Vuoi che la lavagna sia pulita prima di aggiungere una nuova immagine?'),(1696,'2008-05-22 10:37:21',NULL,'false',64,4,'Non chiedere ancora'),(1697,'2008-05-22 10:37:21',NULL,'false',65,4,'no'),(1698,'2008-05-22 10:37:21',NULL,'false',66,4,'Modifica impostazioni'),(1699,'2008-05-22 10:37:21',NULL,'false',67,4,'Richiesta di conferma prima di pulire la lavagna.'),(1700,'2008-05-22 10:37:21',NULL,'false',68,4,'Informazioni sull\'utente'),(1701,'2008-05-22 10:37:21',NULL,'false',69,4,'Pulisci la lavagna'),(1702,'2008-05-22 10:37:21',NULL,'false',70,4,'Annulla le modifiche'),(1703,'2008-05-22 10:37:21',NULL,'false',71,4,'Ripristina le modifiche'),(1704,'2008-05-22 10:37:21',NULL,'false',72,4,'Seleziona un\'oggetto'),(1705,'2008-05-22 10:37:21',NULL,'false',73,4,'Testo'),(1706,'2008-05-22 10:37:21',NULL,'false',74,4,'Disegna'),(1707,'2008-05-22 10:37:21',NULL,'false',75,4,'Disegna una linea'),(1708,'2008-05-22 10:37:21',NULL,'false',76,4,'Evidenziatore'),(1709,'2008-05-22 10:37:21',NULL,'false',77,4,'Rettangolo'),(1710,'2008-05-22 10:37:21',NULL,'false',78,4,'Ellisse'),(1711,'2008-05-22 10:37:21',NULL,'false',79,4,'Freccia'),(1712,'2008-05-22 10:37:21',NULL,'false',80,4,'Cancella l\'oggetto selezionato'),(1713,'2008-05-22 10:37:21',NULL,'false',81,4,'Sottoponi al moderatore'),(1714,'2008-05-22 10:37:21',NULL,'false',82,4,'applica'),(1715,'2008-05-22 10:37:21',NULL,'false',83,4,'cancella'),(1716,'2008-05-22 10:37:21',NULL,'false',84,4,'Diventa moderatore'),(1717,'2008-05-22 10:37:21',NULL,'false',85,4,'chiudi'),(1718,'2008-05-22 10:37:21',NULL,'false',86,4,'corsivo'),(1719,'2008-05-22 10:37:21',NULL,'false',87,4,'grassetto'),(1720,'2008-05-22 10:37:21',NULL,'false',88,4,'ATTENDERE'),(1721,'2008-05-22 10:37:21',NULL,'false',89,4,'Un utente vuole sottoporre al moderatore:'),(1722,'2008-05-22 10:37:21',NULL,'false',90,4,'accetta'),(1723,'2008-05-22 10:37:21',NULL,'false',91,4,'rifiuta'),(1724,'2008-05-22 10:37:21',NULL,'false',92,4,'cancella'),(1725,'2008-05-22 10:37:21',NULL,'false',93,4,'Invia la richiesta agli utenti seguenti'),(1726,'2008-05-22 10:37:21',NULL,'false',94,4,'Accettata'),(1727,'2008-05-22 10:37:21',NULL,'false',95,4,'Rifiutata'),(1728,'2008-05-22 10:37:21',NULL,'false',96,4,'Cambia moderatore'),(1729,'2008-05-22 10:37:21',NULL,'false',97,4,'Non sei il moderatore per questo corso!'),(1730,'2008-05-22 10:37:21',NULL,'false',98,4,'Moderatore:'),(1731,'2008-05-22 10:37:21',NULL,'false',99,4,'La stanza  piena. Spiacenti riprovare pi tardi.'),(1732,'2008-05-22 10:37:21',NULL,'false',100,4,'Ellisse'),(1733,'2008-05-22 10:37:21',NULL,'false',101,4,'chiudi'),(1734,'2008-05-22 10:37:21',NULL,'false',102,4,'errori nei dati inseriti'),(1735,'2008-05-22 10:37:21',NULL,'false',103,4,'Il nome utente deve essere di almeno 4 caratteri'),(1736,'2008-05-22 10:37:21',NULL,'false',104,4,'la password deve essere di almeno 4 caratteri'),(1737,'2008-05-22 10:37:21',NULL,'false',105,4,'Il nome utente  gi in uso'),(1738,'2008-05-22 10:37:21',NULL,'false',106,4,'L\'indirizzo email  gi stato usato'),(1739,'2008-05-22 10:37:21',NULL,'false',107,4,'Errore di sistema, contattare l\'amministratore'),(1740,'2008-05-22 10:37:21',NULL,'false',108,4,'Autenticati'),(1741,'2008-05-22 10:37:21',NULL,'false',109,4,'Nome utente:'),(1742,'2008-05-22 10:37:21',NULL,'false',110,4,'Password:'),(1743,'2008-05-22 10:37:21',NULL,'false',111,4,'Lingua'),(1744,'2008-05-22 10:37:21',NULL,'false',112,4,'Autenticazione'),(1745,'2008-05-22 10:37:21',NULL,'false',113,4,'Iscriviti'),(1746,'2008-05-22 10:37:21',NULL,'false',114,4,'Nome utente:'),(1747,'2008-05-22 10:37:21',NULL,'false',115,4,'Password:'),(1748,'2008-05-22 10:37:21',NULL,'false',116,4,'Riscrivere:'),(1749,'2008-05-22 10:37:21',NULL,'false',117,4,'Nome:'),(1750,'2008-05-22 10:37:21',NULL,'false',118,4,'Cognome:'),(1751,'2008-05-22 10:37:21',NULL,'false',119,4,'Email:'),(1752,'2008-05-22 10:37:21',NULL,'false',120,4,'Stato:'),(1753,'2008-05-22 10:37:21',NULL,'false',121,4,'Registrati'),(1754,'2008-05-22 10:37:21',NULL,'false',122,4,'Annulla'),(1755,'2008-05-22 10:37:21',NULL,'false',123,4,'Registrati'),(1756,'2008-05-22 10:37:21',NULL,'false',124,4,'home'),(1757,'2008-05-22 10:37:21',NULL,'false',125,4,'Utenti'),(1758,'2008-05-22 10:37:21',NULL,'false',126,4,'Gruppi'),(1759,'2008-05-22 10:37:21',NULL,'false',127,4,'Organizzazioni'),(1760,'2008-05-22 10:37:21',NULL,'false',128,4,'Stanze delle conferenze'),(1761,'2008-05-22 10:37:21',NULL,'false',129,4,'pubblico'),(1762,'2008-05-22 10:37:21',NULL,'false',130,4,'organizzazione'),(1763,'2008-05-22 10:37:21',NULL,'false',131,4,'entra'),(1764,'2008-05-22 10:37:21',NULL,'false',132,4,'Autenticati'),(1765,'2008-05-22 10:37:21',NULL,'false',133,4,'Password'),(1766,'2008-05-22 10:37:21',NULL,'false',134,4,'Riscrivere'),(1767,'2008-05-22 10:37:21',NULL,'false',135,4,'Nome'),(1768,'2008-05-22 10:37:21',NULL,'false',136,4,'Cognome'),(1769,'2008-05-22 10:37:21',NULL,'false',137,4,'Email'),(1770,'2008-05-22 10:37:21',NULL,'false',138,4,'Data di nascita'),(1771,'2008-05-22 10:37:21',NULL,'false',139,4,'Indirizzo/civico'),(1772,'2008-05-22 10:37:21',NULL,'false',140,4,'C.A.P/Citt'),(1773,'2008-05-22 10:37:21',NULL,'false',141,4,'Stato'),(1774,'2008-05-22 10:37:21',NULL,'false',142,4,'Informazioni sull\'indirizzo'),(1775,'2008-05-22 10:37:21',NULL,'false',143,4,'Dati utente'),(1776,'2008-05-22 10:37:21',NULL,'false',144,4,'salva'),(1777,'2008-05-22 10:37:21',NULL,'false',145,4,'salva'),(1778,'2008-05-22 10:37:21',NULL,'false',146,4,'ID-Utente'),(1779,'2008-05-22 10:37:21',NULL,'false',147,4,'Autenticati'),(1780,'2008-05-22 10:37:21',NULL,'false',148,4,'nome'),(1781,'2008-05-22 10:37:21',NULL,'false',149,4,'cognome'),(1782,'2008-05-22 10:37:21',NULL,'false',150,4,'mostra prossimo'),(1783,'2008-05-22 10:37:21',NULL,'false',151,4,'mostra precedente'),(1784,'2008-05-22 10:37:21',NULL,'false',152,4,'Elimina il record'),(1785,'2008-05-22 10:37:21',NULL,'false',153,4,'annulla'),(1786,'2008-05-22 10:37:21',NULL,'false',154,4,'elimina'),(1787,'2008-05-22 10:37:21',NULL,'false',155,4,'nuovo record'),(1788,'2008-05-22 10:37:21',NULL,'false',156,4,'aggiorna record'),(1789,'2008-05-22 10:37:21',NULL,'false',157,4,'elimina record'),(1790,'2008-05-22 10:37:21',NULL,'false',158,4,'stato'),(1791,'2008-05-22 10:37:21',NULL,'false',159,4,'disabilitato'),(1792,'2008-05-22 10:37:21',NULL,'false',160,4,'abilitato'),(1793,'2008-05-22 10:37:21',NULL,'false',161,4,'organizzazioni'),(1794,'2008-05-22 10:37:21',NULL,'false',162,4,'calendario'),(1795,'2008-05-22 10:37:21',NULL,'false',163,4,'chiudi'),(1796,'2008-05-22 10:37:21',NULL,'false',164,4,'ID-organizzazione'),(1797,'2008-05-22 10:37:21',NULL,'false',165,4,'nome'),(1798,'2008-05-22 10:37:21',NULL,'false',166,4,'utente'),(1799,'2008-05-22 10:37:21',NULL,'false',167,4,'mod'),(1800,'2008-05-22 10:37:21',NULL,'false',168,4,'amministratore'),(1801,'2008-05-22 10:37:21',NULL,'false',169,4,'livello utente'),(1802,'2008-05-22 10:37:21',NULL,'false',170,4,'organizzazione'),(1803,'2008-05-22 10:37:21',NULL,'false',171,4,'nome'),(1804,'2008-05-22 10:37:21',NULL,'false',172,4,'aggiungi un\'organizzazione'),(1805,'2008-05-22 10:37:21',NULL,'false',173,4,'aggiungi un\'organizzazione'),(1806,'2008-05-22 10:37:21',NULL,'false',174,4,'annulla'),(1807,'2008-05-22 10:37:21',NULL,'false',175,4,'aggiungi'),(1808,'2008-05-22 10:37:21',NULL,'false',176,4,'rimuovi l\'organizzazione'),(1809,'2008-05-22 10:37:21',NULL,'false',177,4,'utente'),(1810,'2008-05-22 10:37:21',NULL,'false',178,4,'aggiungi un\'utente'),(1811,'2008-05-22 10:37:21',NULL,'false',179,4,'elimina l\'utente'),(1812,'2008-05-22 10:37:21',NULL,'false',180,4,'aggiungi l\'utente'),(1813,'2008-05-22 10:37:21',NULL,'false',181,4,'cerca un utente'),(1814,'2008-05-22 10:37:21',NULL,'false',182,4,'cerca'),(1815,'2008-05-22 10:37:21',NULL,'false',183,4,'utente'),(1816,'2008-05-22 10:37:21',NULL,'false',184,4,'organizzazione'),(1817,'2008-05-22 10:37:21',NULL,'false',185,4,'entra'),(1818,'2008-05-22 10:37:21',NULL,'false',186,4,'stanze delle conferenze'),(1819,'2008-05-22 10:37:21',NULL,'false',187,4,'stanze delle conferenze'),(1820,'2008-05-22 10:37:21',NULL,'false',188,4,'id'),(1821,'2008-05-22 10:37:21',NULL,'false',189,4,'Nome'),(1822,'2008-05-22 10:37:21',NULL,'false',190,4,'pubblico'),(1823,'2008-05-22 10:37:21',NULL,'false',191,4,'organizzazioni'),(1824,'2008-05-22 10:37:21',NULL,'false',192,4,'stanze delle conferenze'),(1825,'2008-05-22 10:37:21',NULL,'false',193,4,'nome'),(1826,'2008-05-22 10:37:21',NULL,'false',194,4,'tipo'),(1827,'2008-05-22 10:37:21',NULL,'false',195,4,'pubblico'),(1828,'2008-05-22 10:37:21',NULL,'false',196,4,'commento'),(1829,'2008-05-22 10:37:21',NULL,'false',197,4,'salva'),(1830,'2008-05-22 10:37:21',NULL,'false',198,4,'carica'),(1831,'2008-05-22 10:37:21',NULL,'false',199,4,'salva con nome'),(1832,'2008-05-22 10:37:21',NULL,'false',200,4,'nome del file'),(1833,'2008-05-22 10:37:21',NULL,'false',201,4,'nome del file'),(1834,'2008-05-22 10:37:21',NULL,'false',202,4,'annulla'),(1835,'2008-05-22 10:37:21',NULL,'false',203,4,'salva'),(1836,'2008-05-22 10:37:21',NULL,'false',204,4,'errore'),(1837,'2008-05-22 10:37:21',NULL,'false',205,4,'caricamento'),(1838,'2008-05-22 10:37:21',NULL,'false',206,4,'oggetto caricato'),(1839,'2008-05-22 10:37:21',NULL,'false',207,4,'sincronizzazione con i client, attendere:'),(1840,'2008-05-22 10:37:22',NULL,'false',208,4,'Caricamento delle immagini'),(1841,'2008-05-22 10:37:22',NULL,'false',209,4,'sincronizzazione con i client, attendere:'),(1842,'2008-05-22 10:37:22',NULL,'false',210,4,'pulisci la lavagna'),(1843,'2008-05-22 10:37:22',NULL,'false',211,4,'pulisci la lavagna, tutte le informazioni su di essa saranno perse'),(1844,'2008-05-22 10:37:22',NULL,'false',212,4,'Conferma prima di caricare il file'),(1845,'2008-05-22 10:37:22',NULL,'false',213,4,'Invia un invito'),(1846,'2008-05-22 10:37:22',NULL,'false',214,4,'Invia un invito'),(1847,'2008-05-22 10:37:22',NULL,'false',215,4,'Soggetto'),(1848,'2008-05-22 10:37:22',NULL,'false',216,4,'Destinatario'),(1849,'2008-05-22 10:37:22',NULL,'false',217,4,'Messaggio'),(1850,'2008-05-22 10:37:22',NULL,'false',218,4,'Invia'),(1851,'2008-05-22 10:37:22',NULL,'false',219,4,'annulla'),(1852,'2008-05-22 10:37:22',NULL,'false',220,4,'invia'),(1853,'2008-05-22 10:37:22',NULL,'false',221,4,'dati utente'),(1854,'2008-05-22 10:37:22',NULL,'false',222,4,'Il tuo appellativo per la conferenza'),(1855,'2008-05-22 10:37:22',NULL,'false',223,4,'appellativo'),(1856,'2008-05-22 10:37:22',NULL,'false',224,4,'nome'),(1857,'2008-05-22 10:37:22',NULL,'false',225,4,'cognome'),(1858,'2008-05-22 10:37:22',NULL,'false',226,4,'Email'),(1859,'2008-05-22 10:37:22',NULL,'false',227,4,'lingua'),(1860,'2008-05-22 10:37:22',NULL,'false',228,4,'entra'),(1861,'2008-05-22 10:37:22',NULL,'false',229,4,'Caricamento'),(1862,'2008-05-22 10:37:22',NULL,'false',230,4,'Caricamento dati, attendere prego!'),(1863,'2008-05-22 10:37:22',NULL,'false',231,4,'Password sbagliata'),(1864,'2008-05-22 10:37:22',NULL,'false',232,4,'Inserisci due password identiche di minimo quattro caratteri'),(1865,'2008-05-22 10:37:22',NULL,'false',233,4,'Mail sbagliata'),(1866,'2008-05-22 10:37:22',NULL,'false',234,4,'Hai inserito una mail non valida'),(1867,'2008-05-22 10:37:22',NULL,'false',235,4,'Registrazione completata'),(1868,'2008-05-22 10:37:22',NULL,'false',236,4,'Il tuo profilo  stato creato correttamente. Puoi effettuare il login.'),(1869,'2008-05-22 10:37:22',NULL,'false',237,4,'Non  possibile condividere il tuo desktop in questo momento. Potrebbe essere in condivisione con qualcun\'altro'),(1870,'2008-05-22 10:37:22',NULL,'false',238,4,'Condivisione non permessa'),(1871,'2008-05-22 10:37:22',NULL,'false',239,4,'Condivisione desktop'),(1872,'2008-05-22 10:37:22',NULL,'false',240,4,'larghezza di banda insufficiente: Non sei abilitato a sincronizzare le immagini. i Frames saranno lasciati. Se visualizzi questo messaggio chiedi al moderatore di abbassare la qualit.'),(1873,'2008-05-22 10:37:22',NULL,'false',241,4,'immagine di:'),(1874,'2008-05-22 10:37:22',NULL,'false',242,4,'Disegna'),(1875,'2008-05-22 10:37:22',NULL,'false',243,4,'Documento'),(1876,'2008-05-22 10:37:22',NULL,'false',244,4,'Chat'),(1877,'2008-05-22 10:37:22',NULL,'false',245,4,'Files'),(1878,'2008-05-22 10:37:22',NULL,'false',246,4,'Membri'),(1879,'2008-05-22 10:37:22',NULL,'false',247,4,'Scarica il documento originale'),(1880,'2008-05-22 10:37:22',NULL,'false',248,4,'Scarica il documento PDF'),(1881,'2008-05-22 10:37:22',NULL,'false',249,4,'Carica la presentazione sulla lavagna'),(1882,'2008-05-22 10:37:22',NULL,'false',250,4,'Configurazione'),(1883,'2008-05-22 10:37:22',NULL,'false',251,4,'Muovi quest\'oggetto'),(1884,'2008-05-22 10:37:22',NULL,'false',252,4,'Ripristina quest\'oggetto'),(1885,'2008-05-22 10:37:22',NULL,'false',253,4,'%'),(1886,'2008-05-22 10:37:22',NULL,'false',254,4,'di'),(1887,'2008-05-22 10:37:22',NULL,'false',255,4,'Vai alla prima pagina'),(1888,'2008-05-22 10:37:22',NULL,'false',256,4,'Vai alla pagina precedente'),(1889,'2008-05-22 10:37:22',NULL,'false',257,4,'Vai alla prossima pagina'),(1890,'2008-05-22 10:37:22',NULL,'false',258,4,'Vai all\'ultima pagina'),(1891,'2008-05-22 10:37:22',NULL,'false',259,4,'Zoom --'),(1892,'2008-05-22 10:37:22',NULL,'false',260,4,'Zoom ++'),(1893,'2008-05-22 10:37:22',NULL,'false',261,4,'sig.'),(1894,'2008-05-22 10:37:22',NULL,'false',262,4,'Sig.ra'),(1895,'2008-05-22 10:37:22',NULL,'false',263,4,'Configurazione'),(1896,'2008-05-22 10:37:22',NULL,'false',264,4,'ID'),(1897,'2008-05-22 10:37:22',NULL,'false',265,4,'Chiave'),(1898,'2008-05-22 10:37:22',NULL,'false',266,4,'Configurazione'),(1899,'2008-05-22 10:37:22',NULL,'false',267,4,'Chiave'),(1900,'2008-05-22 10:37:22',NULL,'false',268,4,'Ultimo aggiornamento'),(1901,'2008-05-22 10:37:22',NULL,'false',269,4,'aggiornato da'),(1902,'2008-05-22 10:37:22',NULL,'false',270,4,'commenti'),(1903,'2008-05-22 10:37:22',NULL,'false',271,4,'chiave'),(1904,'2008-05-22 10:37:22',NULL,'false',272,4,'di'),(1905,'2008-05-22 10:37:22',NULL,'false',273,4,'Utenti'),(1906,'2008-05-22 10:37:22',NULL,'false',274,4,'Cancella l\'utente dall\'organizzazione'),(1907,'2008-05-22 10:37:22',NULL,'false',275,4,'cancella'),(1908,'2008-05-22 10:37:22',NULL,'false',276,4,'Questo utente  gi membro di questa organizzazione.'),(1909,'2008-05-22 10:37:22',NULL,'false',277,4,'News'),(1910,'2008-05-22 10:37:22',NULL,'false',278,4,'Link veloce'),(1911,'2008-05-22 10:37:22',NULL,'false',279,4,'Vai alla Conferenza'),(1912,'2008-05-22 10:37:22',NULL,'false',280,4,'Vai all\'Auditorium'),(1913,'2008-05-22 10:37:22',NULL,'false',281,4,'Aiuto e supporto'),(1914,'2008-05-22 10:37:22',NULL,'false',282,4,'http://code.google.com/p/openmeetings/'),(1915,'2008-05-22 10:37:22',NULL,'false',283,4,'http://groups.google.com/group/openmeetings-user'),(1916,'2008-05-22 10:37:22',NULL,'false',284,4,'Riporta un errore!'),(1917,'2008-05-22 10:37:22',NULL,'false',285,4,'Altre informazioni'),(1918,'2008-05-22 10:37:22',NULL,'false',286,4,'Sito web del progetto (code.google.com/p/openmeetings/)'),(1919,'2008-05-22 10:37:22',NULL,'false',287,4,'Mailing List utenti (groups.google.com/group/openmeetings-user)'),(1920,'2008-05-22 10:37:22',NULL,'false',288,4,'Ricorda utente'),(1921,'2008-05-22 10:37:22',NULL,'false',289,4,'Content'),(1922,'2008-05-22 10:37:22',NULL,'false',290,4,'Mia Home Page'),(1923,'2008-05-22 10:37:22',NULL,'false',291,4,'Mie conferenze fissate'),(1924,'2008-05-22 10:37:22',NULL,'false',292,4,'Miei eventi fissati'),(1925,'2008-05-22 10:37:22',NULL,'false',293,4,'Conferenze pubbliche'),(1926,'2008-05-22 10:37:22',NULL,'false',294,4,'Conferenze private'),(1927,'2008-05-22 10:37:22',NULL,'false',295,4,'Eventi pubblici'),(1928,'2008-05-22 10:37:22',NULL,'false',296,4,'Eventi privati'),(1929,'2008-05-22 10:37:22',NULL,'false',297,4,'Contenuti pubblici'),(1930,'2008-05-22 10:37:22',NULL,'false',298,4,'Contenuti privati'),(1931,'2008-05-22 10:37:22',NULL,'false',299,4,'Contenuti personali'),(1932,'2008-05-22 10:37:22',NULL,'false',300,4,''),(1933,'2008-05-22 10:37:22',NULL,'false',301,4,'Moderatore'),(1934,'2008-05-22 10:37:22',NULL,'false',302,4,'Assegna moderatore'),(1935,'2008-05-22 10:37:22',NULL,'false',303,4,'Sondaggio'),(1936,'2008-05-22 10:37:22',NULL,'false',304,4,'Scegli un file'),(1937,'2008-05-22 10:37:22',NULL,'false',305,4,'Impostazioni'),(1938,'2008-05-22 10:37:22',NULL,'false',306,4,'Impostazioni Cam e Mic'),(1939,'2008-05-22 10:37:22',NULL,'false',307,4,'Impostazioni lavagna'),(1940,'2008-05-22 10:37:22',NULL,'false',308,4,'Esci'),(1941,'2008-05-22 10:37:22',NULL,'false',309,4,'Torna alle stanze'),(1942,'2008-05-22 10:37:22',NULL,'false',310,4,'Logout'),(1943,'2008-05-22 10:37:22',NULL,'false',311,4,'Visualizzatore desktop'),(1944,'2008-05-22 10:37:22',NULL,'false',312,4,'Avvia visualizzatore desktop'),(1945,'2008-05-22 10:37:22',NULL,'false',313,4,'Video e Audio'),(1946,'2008-05-22 10:37:22',NULL,'false',314,4,'Chat'),(1947,'2008-05-22 10:37:22',NULL,'false',315,4,'Lavagna'),(1948,'2008-05-22 10:37:22',NULL,'false',316,4,'Moderatore'),(1949,'2008-05-22 10:37:22',NULL,'false',317,4,'Files'),(1950,'2008-05-22 10:37:22',NULL,'false',318,4,'Utenti'),(1951,'2008-05-22 10:37:22',NULL,'false',319,4,'Sondaggio'),(1952,'2008-05-22 10:37:22',NULL,'false',320,4,'Non ci sono utenti collegati con questo Username'),(1953,'2008-05-22 10:37:22',NULL,'false',321,4,'Una mail, contenente un link,  stata inviata al tuo indirizzo email, controlla la tua posta. Se non hai ricevuto la mail, controlla il tuo filtro di spam e richiedi nuovamente la mail di conferma.'),(1954,'2008-05-22 10:37:22',NULL,'false',322,4,'Errore'),(1955,'2008-05-22 10:37:22',NULL,'false',323,4,'Messaggio'),(1956,'2008-05-22 10:37:22',NULL,'false',324,4,'Hash non valida. Utente non trovato.'),(1957,'2008-05-22 10:37:22',NULL,'false',325,4,'Resetta la tua password'),(1958,'2008-05-22 10:37:22',NULL,'false',326,4,'Login'),(1959,'2008-05-22 10:37:22',NULL,'false',327,4,'cambia password'),(1960,'2008-05-22 10:37:22',NULL,'false',328,4,'nuova password'),(1961,'2008-05-22 10:37:22',NULL,'false',329,4,'ripeti la password'),(1962,'2008-05-22 10:37:22',NULL,'false',330,4,'Le password inserite non sono identiche.'),(1963,'2008-05-22 10:37:22',NULL,'false',331,4,'4 o pi caratteri; sensibile alle maiuscole;'),(1964,'2008-05-22 10:37:22',NULL,'false',332,4,'Password impostata. Ora puoi collegarti.'),(1965,'2008-05-22 10:37:22',NULL,'false',333,4,'OK'),(1966,'2008-05-22 10:37:22',NULL,'false',334,4,'Errore sconosciuto. Contatta il tuo amministratore.'),(1967,'2008-05-22 10:37:22',NULL,'false',335,4,'Username non trovato'),(1968,'2008-05-22 10:37:22',NULL,'false',336,4,'Password non valida'),(1969,'2008-05-22 10:37:22',NULL,'false',337,4,'Scollegamento effettuato'),(1970,'2008-05-22 10:37:22',NULL,'false',338,4,'Registrazioni disabilitate.'),(1971,'2008-05-22 10:37:22',NULL,'false',339,4,'EMail non valida'),(1972,'2008-05-22 10:37:22',NULL,'false',340,4,'nome del file duplicato, scegli un altro nome'),(1973,'2008-05-22 10:37:22',NULL,'false',341,4,'nome di file troppo corto'),(1974,'2008-05-22 10:37:22',NULL,'false',342,4,'Salvataggio di indirizzo non possibile'),(1975,'2008-05-22 10:37:22',NULL,'false',343,4,'Utente aggiunto, ma deve essere assegnato ad un\'organizzazione, altrimenti non potr collegarsi.'),(1976,'2008-05-22 10:37:22',NULL,'false',344,4,'Nuova registrazione'),(1977,'2008-05-22 10:37:23',NULL,'false',345,4,'Nessun testo trovato con questo ID.'),(1978,'2008-05-22 10:37:23',NULL,'false',346,4,'Nessun valore trovato per questo elemento.'),(1979,'2008-05-22 10:37:23',NULL,'false',347,4,'Permessi da amministratore richiesti'),(1980,'2008-05-22 10:37:23',NULL,'false',348,4,'Editor linguaggi'),(1981,'2008-05-22 10:37:23',NULL,'false',349,4,'Linguaggi'),(1982,'2008-05-22 10:37:23',NULL,'false',350,4,'Identificativo-ID'),(1983,'2008-05-22 10:37:23',NULL,'false',351,4,'Identificativo-Nome'),(1984,'2008-05-22 10:37:23',NULL,'false',352,4,'Valore'),(1985,'2008-05-22 10:37:23',NULL,'false',353,4,'Record'),(1986,'2008-05-22 10:37:23',NULL,'false',354,4,'Nome dell\'identificativo'),(1987,'2008-05-22 10:37:23',NULL,'false',355,4,'Testo'),(1988,'2008-05-22 10:37:23',NULL,'false',356,4,'ID'),(1989,'2008-05-22 10:37:23',NULL,'false',357,4,'Puoi cancellare solo l\'identificativo, non il record! Potrebbe essere utilizzato in altri linguaggi.'),(1990,'2008-05-22 10:37:23',NULL,'false',358,4,'ID non valido. l\'identificativo del linguaggio non  presente nel database.'),(1991,'2008-05-22 10:37:23',NULL,'false',359,4,'Non puoi cancellare questo campo. Puoi solo cancellare il contenuto non il campo. Non ci sono dati contenuti caricati in questo momento, potrebbe non esser stato scelto un campo o non ci sono contenuti impostati per questo linguaggio.'),(1992,'2008-05-22 10:37:23',NULL,'false',360,4,'esporta'),(1993,'2008-05-22 10:37:23',NULL,'false',361,4,'Devi scollegarti per vedere i cambiamenti.'),(1994,'2008-05-22 10:37:23',NULL,'false',362,4,'Aggiungi un nuovo linguaggio'),(1995,'2008-05-22 10:37:23',NULL,'false',363,4,'cancella linguaggio'),(1996,'2008-05-22 10:37:23',NULL,'false',364,4,'Aggiungi nuovo linguaggio'),(1997,'2008-05-22 10:37:23',NULL,'false',365,4,'Nome'),(1998,'2008-05-22 10:37:23',NULL,'false',366,4,'aggiungi linguaggio'),(1999,'2008-05-22 10:37:23',NULL,'false',367,4,'Backup'),(2000,'2008-05-22 10:37:23',NULL,'false',368,4,'vai al primo'),(2001,'2008-05-22 10:37:23',NULL,'false',369,4,'vai al precedente'),(2002,'2008-05-22 10:37:23',NULL,'false',370,4,'vai al prossimo'),(2003,'2008-05-22 10:37:23',NULL,'false',371,4,'vai all\'ultimo'),(2004,'2008-05-22 10:37:23',NULL,'false',372,4,'utente parla'),(2005,'2008-05-22 10:37:23',NULL,'false',373,4,'suono on/off'),(2006,'2008-05-22 10:37:23',NULL,'false',374,4,'Sistema'),(2007,'2008-05-22 10:37:23',NULL,'false',375,4,'I tuoi settaggi'),(2008,'2008-05-22 10:37:23',NULL,'false',376,4,'ciao,'),(2009,'2008-05-22 10:37:23',NULL,'false',377,4,'Modifica il profilo'),(2010,'2008-05-22 10:37:23',NULL,'false',378,4,'Nuovi messaggi:'),(2011,'2008-05-22 10:37:23',NULL,'false',379,4,'Carica nuove immagini'),(2012,'2008-05-22 10:37:23',NULL,'false',380,4,'Esporta dati utente'),(2013,'2008-05-22 10:37:23',NULL,'false',381,4,'Le organizzazioni devono esistere tutte!'),(2014,'2008-05-22 10:37:23',NULL,'false',382,4,'Inizia esportazione'),(2015,'2008-05-22 10:37:23',NULL,'false',383,4,'Per organizzazione'),(2016,'2008-05-22 10:37:23',NULL,'false',384,4,'inizia esportazione'),(2017,'2008-05-22 10:37:23',NULL,'false',385,4,'Dati utente - Importazione'),(2018,'2008-05-22 10:37:23',NULL,'false',386,4,'scegli users.xml'),(2019,'2008-05-22 10:37:23',NULL,'false',387,4,'importa'),(2020,'2008-05-22 10:37:23',NULL,'false',388,4,'esporta in XML - Questi file possono essere usati per: - Contribuire al progetto - Importare in altro sistema - Backup - Personalizzazione - Inserire nella directoy dei linguaggi della tua prossima installazione'),(2021,'2008-05-22 10:37:23',NULL,'false',389,4,'Scegli un file di linguaggio da importare. Scegli il giusto linguaggio dalla combobox! Non importa il nome del file, esso sar importato in questo linguaggio!'),(2022,'2008-05-22 10:37:23',NULL,'false',390,4,'importazione - file scelto'),(2023,'2008-05-22 10:37:23',NULL,'false',391,4,'Salva come'),(2024,'2008-05-22 10:37:23',NULL,'false',392,4,'Nome:'),(2025,'2008-05-22 10:37:23',NULL,'false',393,4,'Commento:'),(2026,'2008-05-22 10:37:23',NULL,'false',394,4,'save'),(2027,'2008-05-22 10:37:23',NULL,'false',395,4,'Registra'),(2028,'2008-05-22 10:37:23',NULL,'false',396,4,'Visualizzatore delle registrazioni'),(2029,'2008-05-22 10:37:23',NULL,'false',397,4,'Registrazioni di stanze private e pubbliche'),(2030,'2008-05-22 10:37:23',NULL,'false',398,4,'Utenti:'),(2031,'2008-05-22 10:37:23',NULL,'false',399,4,'Accedi:'),(2032,'2008-05-22 10:37:23',NULL,'false',400,4,''),(2033,'2008-05-22 10:37:23',NULL,'false',401,4,'Utenti nella stanza:'),(2034,'2008-05-22 10:37:23',NULL,'false',402,4,'ricarica'),(2035,'2008-05-22 10:37:23',NULL,'false',403,4,'Questa stanza  piena. Riprova fra qualche minuto.'),(2036,'2008-05-22 10:37:23',NULL,'false',404,4,'premi su una stanza per avere dettagli'),(2037,'2008-05-22 10:37:23',NULL,'false',405,4,'Parla con gli utenti nella stanza:'),(2038,'2008-05-22 10:37:23',NULL,'false',406,4,'Stanza:'),(2039,'2008-05-22 10:37:23',NULL,'false',407,4,'Utenti in questa stanza:'),(2040,'2008-05-22 10:37:23',NULL,'false',408,4,'fino:'),(2041,'2008-05-22 10:37:23',NULL,'false',409,4,'vedi registrazione'),(2042,'2008-05-22 10:37:23',NULL,'false',410,4,'Durata:'),(2043,'2008-05-22 10:37:23',NULL,'false',411,4,'Data:'),(2044,'2008-05-22 10:37:23',NULL,'false',412,4,'Registrazione! Non puoi cambiare nessuna impostazione,  una registrazione!'),(2045,'2008-05-22 10:37:23',NULL,'false',413,4,'Vedi questa registrazione'),(2046,'2008-05-22 10:37:23',NULL,'false',414,4,'Play / Pause'),(2047,'2008-05-22 10:37:23',NULL,'false',415,4,'Avvia registrazione'),(2048,'2008-05-22 10:37:23',NULL,'false',416,4,'ferma registrazione'),(2049,'2008-05-22 10:37:23',NULL,'false',417,4,'Registrazione:'),(2050,'2008-05-22 10:37:23',NULL,'false',418,4,'C\'e\' gi qualcuno che sta registrando in questo momento:'),(2051,'2008-05-22 10:37:23',NULL,'false',419,4,'Registrazione! dall\'utente:'),(2052,'2008-05-22 10:37:23',NULL,'false',420,4,'cancella'),(2053,'2008-05-22 10:37:23',NULL,'false',421,4,'La registrazione sar cancellata e non salvata.'),(2054,'2008-05-22 10:37:23',NULL,'false',422,4,'recupera'),(2055,'2008-05-22 10:37:23',NULL,'false',423,4,'Chiudi questa finestra e recupera registrazione'),(2056,'2008-05-22 10:37:23',NULL,'false',424,4,'cambia colore della linea'),(2057,'2008-05-22 10:37:23',NULL,'false',425,4,'Scegli colore'),(2058,'2008-05-22 10:37:23',NULL,'false',426,4,'Disabilita / Abilita il colore della linea'),(2059,'2008-05-22 10:37:23',NULL,'false',427,4,'cambia il colore di riempimento'),(2060,'2008-05-22 10:37:23',NULL,'false',428,4,'Disabilita / abilita riempimento colore'),(2061,'2008-05-22 10:37:23',NULL,'false',429,4,'Cambia spessore linea'),(2062,'2008-05-22 10:37:23',NULL,'false',430,4,'chiudi'),(2063,'2008-05-22 10:37:23',NULL,'false',431,4,'cambia grandezza carattere'),(2064,'2008-05-22 10:37:23',NULL,'false',432,4,'Cancella registrazione'),(2065,'2008-05-22 10:37:23',NULL,'false',433,4,'Ospite'),(2066,'2008-05-22 10:37:23',NULL,'false',434,4,'Da:'),(2067,'2008-05-22 10:37:23',NULL,'false',435,4,'Nome'),(2068,'2008-05-22 10:37:23',NULL,'false',436,4,'Stanza'),(2069,'2008-05-22 10:37:23',NULL,'false',437,4,'Data'),(2070,'2008-05-22 10:37:23',NULL,'false',438,4,'cancella'),(2071,'2008-05-22 10:37:23',NULL,'false',439,4,'inizio'),(2072,'2008-05-22 10:37:23',NULL,'false',440,4,'Nome'),(2073,'2008-05-22 10:37:23',NULL,'false',441,4,'Data'),(2074,'2008-05-22 10:37:23',NULL,'false',442,4,'Cancella i log della chat sul server'),(2075,'2008-05-22 10:37:23',NULL,'false',443,4,'Chat'),(2076,'2008-05-22 10:37:23',NULL,'false',444,4,'invia messaggio'),(2077,'2008-05-22 10:37:23',NULL,'false',445,4,'Emoticons'),(2078,'2008-05-22 10:37:23',NULL,'false',446,4,'Emoticons'),(2079,'2008-05-22 10:37:23',NULL,'false',447,4,'Scegli i devices da pubblicare'),(2080,'2008-05-22 10:37:23',NULL,'false',448,4,'Audio e Video'),(2081,'2008-05-22 10:37:23',NULL,'false',449,4,'solo Audio'),(2082,'2008-05-22 10:37:23',NULL,'false',450,4,'solo Video'),(2083,'2008-05-22 10:37:23',NULL,'false',451,4,'no Audio/Video (immagine statica)'),(2084,'2008-05-22 10:37:23',NULL,'false',452,4,'Nessun Audio/Video del tuo PC saranno pubblicati, al loro posto sar visualizzata l\'immagine del tuo profilo. Scegli questa impostazione se hai problemi di banda o velocit di Internet.'),(2085,'2008-05-22 10:37:23',NULL,'false',453,4,'LU'),(2086,'2008-05-22 10:37:23',NULL,'false',454,4,'MA'),(2087,'2008-05-22 10:37:23',NULL,'false',455,4,'ME'),(2088,'2008-05-22 10:37:23',NULL,'false',456,4,'GI'),(2089,'2008-05-22 10:37:24',NULL,'false',457,4,'VE'),(2090,'2008-05-22 10:37:24',NULL,'false',458,4,'SA'),(2091,'2008-05-22 10:37:24',NULL,'false',459,4,'DO'),(2092,'2008-05-22 10:37:24',NULL,'false',460,4,'Lunedi'),(2093,'2008-05-22 10:37:24',NULL,'false',461,4,'Martedi'),(2094,'2008-05-22 10:37:24',NULL,'false',462,4,'Mercoledi'),(2095,'2008-05-22 10:37:24',NULL,'false',463,4,'Giovedi'),(2096,'2008-05-22 10:37:24',NULL,'false',464,4,'Venerdi'),(2097,'2008-05-22 10:37:24',NULL,'false',465,4,'Sabato'),(2098,'2008-05-22 10:37:24',NULL,'false',466,4,'Domenica'),(2099,'2008-05-22 10:37:24',NULL,'false',467,4,'CW'),(2100,'2008-05-22 10:37:24',NULL,'false',468,4,'Calendario settimane'),(2101,'2008-05-22 10:37:24',NULL,'false',469,4,'Gennaio'),(2102,'2008-05-22 10:37:24',NULL,'false',470,4,'Febbraio'),(2103,'2008-05-22 10:37:24',NULL,'false',471,4,'Marzo'),(2104,'2008-05-22 10:37:24',NULL,'false',472,4,'Aprile'),(2105,'2008-05-22 10:37:24',NULL,'false',473,4,'Maggio'),(2106,'2008-05-22 10:37:24',NULL,'false',474,4,'Giugno'),(2107,'2008-05-22 10:37:24',NULL,'false',475,4,'Luglio'),(2108,'2008-05-22 10:37:24',NULL,'false',476,4,'Agosto'),(2109,'2008-05-22 10:37:24',NULL,'false',477,4,'Settembre'),(2110,'2008-05-22 10:37:24',NULL,'false',478,4,'Ottobre'),(2111,'2008-05-22 10:37:24',NULL,'false',479,4,'Novembre'),(2112,'2008-05-22 10:37:24',NULL,'false',480,4,'Dicembre'),(2113,'2008-05-22 10:37:24',NULL,'false',481,4,'Calendario'),(2114,'2008-05-22 10:37:24',NULL,'false',482,4,'Partecipanti'),(2115,'2008-05-22 10:37:24',NULL,'false',483,4,'Mostra i settaggi del layout'),(2116,'2008-05-22 10:37:24',NULL,'false',484,4,'X | Y'),(2117,'2008-05-22 10:37:24',NULL,'false',485,4,'Larghezza | Altezza'),(2118,'2008-05-22 10:37:24',NULL,'false',486,4,'Video-Container'),(2119,'2008-05-22 10:37:24',NULL,'false',487,4,'Moderatore-Container'),(2120,'2008-05-22 10:37:24',NULL,'false',488,4,'X'),(2121,'2008-05-22 10:37:24',NULL,'false',489,4,'Lavagna-Container'),(2122,'2008-05-22 10:37:24',NULL,'false',490,4,'Abilitato'),(2123,'2008-05-22 10:37:24',NULL,'false',491,4,'X | Y'),(2124,'2008-05-22 10:37:24',NULL,'false',492,4,'Larghezza | Altezza'),(2125,'2008-05-22 10:37:24',NULL,'false',493,4,'Files,Chat,Partecipanti - Container'),(2126,'2008-05-22 10:37:24',NULL,'false',494,4,'Abilitato'),(2127,'2008-05-22 10:37:24',NULL,'false',495,4,'X |Y'),(2128,'2008-05-22 10:37:24',NULL,'false',496,4,'Larghezza | Altezza'),(2129,'2008-05-22 10:37:24',NULL,'false',497,4,'Il moderatore ha lasciato la stanza. Nessuno  presente in questo momento. Tu puoi diventare moderatore o attendere.'),(2130,'2008-05-22 10:37:24',NULL,'false',498,4,'Non ci sono moderatori in questa stanza, ma ci sono dei partecipanti. Puoi diventare moderatore o attendere.'),(2131,'2008-05-22 10:37:24',NULL,'false',499,4,'Feedback OpenMeetings'),(2132,'2008-05-22 10:37:24',NULL,'false',500,4,'OpenMeetings - Invito'),(2133,'2008-05-22 10:37:24',NULL,'false',501,4,'Messaggio dall\'utente:'),(2134,'2008-05-22 10:37:24',NULL,'false',502,4,'Messaggio:'),(2135,'2008-05-22 10:37:24',NULL,'false',503,4,'Clicca questo link per partecipare alla conferenza:'),(2136,'2008-05-22 10:37:24',NULL,'false',504,4,'Clicca qui per entrare nella stanza'),(2137,'2008-05-22 10:37:24',NULL,'false',505,4,'se hai problemi con il link, per favore copia e incolla questo sul browser:'),(2138,'2008-05-22 10:37:24',NULL,'false',506,4,'OpenMeetings SignUp'),(2139,'2008-05-22 10:37:24',NULL,'false',507,4,'I tuoi dati:'),(2140,'2008-05-22 10:37:24',NULL,'false',508,4,'Login:'),(2141,'2008-05-22 10:37:24',NULL,'false',509,4,'Pass:'),(2142,'2008-05-22 10:37:24',NULL,'false',510,4,'EMail:'),(2143,'2008-05-22 10:37:24',NULL,'false',511,4,'OpenMeetings-Team'),(2144,'2008-05-22 10:37:24',NULL,'false',512,4,'OpenMeetings Accesso'),(2145,'2008-05-22 10:37:24',NULL,'false',513,4,'OpenMeetings - Re-imposta password'),(2146,'2008-05-22 10:37:24',NULL,'false',514,4,'Clicca su questo link per inserire una nuova password:'),(2147,'2008-05-22 10:37:24',NULL,'false',515,4,'Clicca qui per inserire una nuova password'),(2148,'2008-05-22 10:37:24',NULL,'false',516,4,'se hai problemi con il link, per favore copia e incolla questo sul browser:'),(2149,'2008-05-22 10:37:24',NULL,'false',517,4,'Reset della password di OpenMeetings'),(2150,'2008-05-22 10:37:24',NULL,'false',518,4,'inserisci una data valida, per esempio 24.12.2001 (dd.mm.yyyy)'),(2151,'2008-05-22 10:37:24',NULL,'false',519,4,'Inserisci un email valido, per esempio name@mail.com'),(2152,'2008-05-22 10:37:24',NULL,'false',520,4,'Inserisci un numero decimale, per esempio 1.00'),(2153,'2008-05-22 10:37:24',NULL,'false',521,4,'Inserisci un numero (Intero), per esempio 100'),(2154,'2008-05-22 10:37:24',NULL,'false',522,4,'Inserisci un numero di telefono valido, per esempio ++39 0461 123123'),(2155,'2008-05-22 10:37:24',NULL,'false',523,4,'Inserisci un orario valido, per esempio 12:23 (hh:mm)'),(2156,'2008-05-22 10:37:24',NULL,'false',524,4,'Protetto da password'),(2157,'2008-05-22 10:37:24',NULL,'false',525,4,'Password'),(2158,'2008-05-22 10:37:24',NULL,'false',526,4,'Periodo di validit'),(2159,'2008-05-22 10:37:24',NULL,'false',527,4,'Senza scadenza'),(2160,'2008-05-22 10:37:24',NULL,'false',528,4,'Periodo'),(2161,'2008-05-22 10:37:24',NULL,'false',529,4,'Una volta'),(2162,'2008-05-22 10:37:24',NULL,'false',530,4,'Valido da:'),(2163,'2008-05-22 10:37:24',NULL,'false',531,4,'Valido fino:'),(2164,'2008-05-22 10:37:24',NULL,'false',532,4,'Invito a OpenMeetings'),(2165,'2008-05-22 10:37:24',NULL,'false',533,4,'Nessun invito presente per questo codice.'),(2166,'2008-05-22 10:37:24',NULL,'false',534,4,'L\'invito  gi stato utilizzato. Questo tipo di invito non pu essere riutilizzato.'),(2167,'2008-05-22 10:37:24',NULL,'false',535,4,'Il codice di invito non  valido.'),(2168,'2008-05-22 10:37:24',NULL,'false',536,4,'Password:'),(2169,'2008-05-22 10:37:24',NULL,'false',537,4,'Controlla password'),(2170,'2008-05-22 10:37:24',NULL,'false',538,4,'Password non valida!'),(2171,'2008-05-22 10:37:24',NULL,'false',539,4,'Browser'),(2172,'2008-05-22 10:37:24',NULL,'false',540,4,'Syncronize Audio/Video'),(2173,'2008-05-22 10:37:24',NULL,'false',541,4,'Login was correct, but the Session you tried is not active or stored on the Server. You have to get a new SessionId and retry login.'),(2174,'2008-05-22 10:37:24',NULL,'false',542,4,'The SessionId is not loggedin or has no Admin rights. The SOAP Gateway needs an User with Admin-Rights to embed new Users.'),(2175,'2008-05-22 10:37:24',NULL,'false',543,4,'This Session has no Remoteuser-Data connected. Wether you did not call the SOAP-Gateway before accessing the Application or you are usnig a wrong Session-ID'),(2176,'2008-05-22 10:37:24',NULL,'false',544,4,'The recorder is currently Beta!'),(2177,'2008-05-22 10:37:24',NULL,'false',1,5,'Conferncia'),(2178,'2008-05-22 10:37:24',NULL,'false',2,5,'Reunio'),(2179,'2008-05-22 10:37:24',NULL,'false',3,5,'Auditrio'),(2180,'2008-05-22 10:37:24',NULL,'false',4,5,'Configuraes'),(2181,'2008-05-22 10:37:24',NULL,'false',5,5,'Usurio'),(2182,'2008-05-22 10:37:24',NULL,'false',6,5,'Administrao'),(2183,'2008-05-22 10:37:25',NULL,'false',7,5,'Parar'),(2184,'2008-05-22 10:37:25',NULL,'false',8,5,'Gravar'),(2185,'2008-05-22 10:37:25',NULL,'false',9,5,'Nenhum arquivo disponvel'),(2186,'2008-05-22 10:37:25',NULL,'false',10,5,'Admisso disponvel apenas para professores'),(2187,'2008-05-22 10:37:25',NULL,'false',11,5,'Usurios conectados:'),(2188,'2008-05-22 10:37:25',NULL,'false',12,5,'Iniciar uma conferncia'),(2189,'2008-05-22 10:37:25',NULL,'false',13,5,'Meu nome:'),(2190,'2008-05-22 10:37:25',NULL,'false',14,5,'VideoConferncia'),(2191,'2008-05-22 10:37:25',NULL,'false',15,5,'Importar apresentao'),(2192,'2008-05-22 10:37:25',NULL,'false',16,5,'Atualizar lista'),(2193,'2008-05-22 10:37:25',NULL,'false',17,5,'Zum Hauptverzeichnis'),(2194,'2008-05-22 10:37:25',NULL,'false',18,5,'nova enquete'),(2195,'2008-05-22 10:37:25',NULL,'false',19,5,'Uma nova enquete para conferncia.'),(2196,'2008-05-22 10:37:25',NULL,'false',20,5,'Pergunta:'),(2197,'2008-05-22 10:37:25',NULL,'false',21,5,'Tipo de enquete:'),(2198,'2008-05-22 10:37:25',NULL,'false',22,5,'Criar'),(2199,'2008-05-22 10:37:25',NULL,'false',23,5,'Info: Cada usurio conectado recebe uma menssagem com a nova enquete.'),(2200,'2008-05-22 10:37:25',NULL,'false',24,5,'Criar uma enquete'),(2201,'2008-05-22 10:37:25',NULL,'false',25,5,'Cancelar'),(2202,'2008-05-22 10:37:25',NULL,'false',26,5,'Sim/No'),(2203,'2008-05-22 10:37:26',NULL,'false',27,5,'Numrico 1-10'),(2204,'2008-05-22 10:37:26',NULL,'false',28,5,'Enquete'),(2205,'2008-05-22 10:37:26',NULL,'false',29,5,'Eles podem ser moderadores/professores nessa rea de enquetes'),(2206,'2008-05-22 10:37:26',NULL,'false',30,5,'Seu voto foi registrado.'),(2207,'2008-05-22 10:37:26',NULL,'false',31,5,'Voc j votou nessa enquete.'),(2208,'2008-05-22 10:37:26',NULL,'false',32,5,'Votar !'),(2209,'2008-05-22 10:37:26',NULL,'false',33,5,'Sua resposta:'),(2210,'2008-05-22 10:37:26',NULL,'false',34,5,'Sim'),(2211,'2008-05-22 10:37:26',NULL,'false',35,5,'No'),(2212,'2008-05-22 10:37:26',NULL,'false',36,5,'Quer saber:'),(2213,'2008-05-22 10:37:26',NULL,'false',37,5,'Resultados da enquete'),(2214,'2008-05-22 10:37:26',NULL,'false',38,5,'Pergunta:'),(2215,'2008-05-22 10:37:26',NULL,'false',39,5,'Resultados:'),(2216,'2008-05-22 10:37:26',NULL,'false',40,5,'Respostas:'),(2217,'2008-05-22 10:37:26',NULL,'false',41,5,'Nenhuma enquete foi iniciada.'),(2218,'2008-05-22 10:37:26',NULL,'false',42,5,'Votar!'),(2219,'2008-05-22 10:37:26',NULL,'false',43,5,'Reunio (mximo 4 assentos)'),(2220,'2008-05-22 10:37:26',NULL,'false',44,5,'Conference (mximo 50 assentos)'),(2221,'2008-05-22 10:37:26',NULL,'false',45,5,'Tipo'),(2222,'2008-05-22 10:37:26',NULL,'false',46,5,'Outros assentos'),(2223,'2008-05-22 10:37:26',NULL,'false',47,5,'J escolhido'),(2224,'2008-05-22 10:37:26',NULL,'false',48,5,'entrar'),(2225,'2008-05-22 10:37:26',NULL,'false',49,5,'O moderaror saiu da reunio.'),(2226,'2008-05-22 10:37:26',NULL,'false',50,5,'Informaes do sistema'),(2227,'2008-05-22 10:37:26',NULL,'false',51,5,'Escolher dispositvo'),(2228,'2008-05-22 10:37:26',NULL,'false',52,5,'Escolher webcam:'),(2229,'2008-05-22 10:37:26',NULL,'false',53,5,'Escolher microfone:'),(2230,'2008-05-22 10:37:26',NULL,'false',54,5,'ok'),(2231,'2008-05-22 10:37:26',NULL,'false',55,5,'cancelar'),(2232,'2008-05-22 10:37:26',NULL,'false',56,5,'Voc precisa reconectar.'),(2233,'2008-05-22 10:37:26',NULL,'false',57,5,'Editar configuraes.'),(2234,'2008-05-22 10:37:26',NULL,'false',58,5,'Curso:'),(2235,'2008-05-22 10:37:26',NULL,'false',59,5,'Idioma:'),(2236,'2008-05-22 10:37:26',NULL,'false',60,5,'ok'),(2237,'2008-05-22 10:37:26',NULL,'false',61,5,'cancelar'),(2238,'2008-05-22 10:37:26',NULL,'false',62,5,'Limpar a lousa.'),(2239,'2008-05-22 10:37:26',NULL,'false',63,5,'Voc quer que a lousa seja apagada antes que uma figura seja adicionada ?'),(2240,'2008-05-22 10:37:26',NULL,'false',64,5,'No perguntar de novo.'),(2241,'2008-05-22 10:37:26',NULL,'false',65,5,'No'),(2242,'2008-05-22 10:37:26',NULL,'false',66,5,'Editar configuraes'),(2243,'2008-05-22 10:37:26',NULL,'false',67,5,'Confirmao de requisio antes de limpar a lousa.'),(2244,'2008-05-22 10:37:26',NULL,'false',68,5,'Informaes do usurio'),(2245,'2008-05-22 10:37:26',NULL,'false',69,5,'Limpar rea de desenho'),(2246,'2008-05-22 10:37:26',NULL,'false',70,5,'Desfazer'),(2247,'2008-05-22 10:37:26',NULL,'false',71,5,'Refazer'),(2248,'2008-05-22 10:37:26',NULL,'false',72,5,'Selecionar um objeto'),(2249,'2008-05-22 10:37:26',NULL,'false',73,5,'Texto'),(2250,'2008-05-22 10:37:26',NULL,'false',74,5,'Pintura'),(2251,'2008-05-22 10:37:26',NULL,'false',75,5,'Desenhar linha'),(2252,'2008-05-22 10:37:26',NULL,'false',76,5,'Desenhar sublinha'),(2253,'2008-05-22 10:37:26',NULL,'false',77,5,'Retngulo'),(2254,'2008-05-22 10:37:26',NULL,'false',78,5,'Elipse'),(2255,'2008-05-22 10:37:26',NULL,'false',79,5,'Seta'),(2256,'2008-05-22 10:37:26',NULL,'false',80,5,'excluir tem selecionado'),(2257,'2008-05-22 10:37:26',NULL,'false',81,5,'Aplicar para moderao'),(2258,'2008-05-22 10:37:26',NULL,'false',82,5,'Aplicar'),(2259,'2008-05-22 10:37:26',NULL,'false',83,5,'fechar'),(2260,'2008-05-22 10:37:26',NULL,'false',84,5,'Tornar-se moderador'),(2261,'2008-05-22 10:37:26',NULL,'false',85,5,'fechar'),(2262,'2008-05-22 10:37:26',NULL,'false',86,5,'italic'),(2263,'2008-05-22 10:37:26',NULL,'false',87,5,'negrito'),(2264,'2008-05-22 10:37:26',NULL,'false',88,5,'AGUARDANDO'),(2265,'2008-05-22 10:37:26',NULL,'false',89,5,'Um usurio quer se tornar moderador:'),(2266,'2008-05-22 10:37:26',NULL,'false',90,5,'aceitar'),(2267,'2008-05-22 10:37:26',NULL,'false',91,5,'rejeitar'),(2268,'2008-05-22 10:37:26',NULL,'false',92,5,'cancelar'),(2269,'2008-05-22 10:37:26',NULL,'false',93,5,'Enviando requisio para os seguintes usurios'),(2270,'2008-05-22 10:37:26',NULL,'false',94,5,'Aceito'),(2271,'2008-05-22 10:37:26',NULL,'false',95,5,'Rejeitado'),(2272,'2008-05-22 10:37:26',NULL,'false',96,5,'Mudar moderador'),(2273,'2008-05-22 10:37:26',NULL,'false',97,5,'Voc no est moderando este curso!'),(2274,'2008-05-22 10:37:26',NULL,'false',98,5,'Moderador:'),(2275,'2008-05-22 10:37:26',NULL,'false',99,5,'A sala est lotada. Por favor tente novamente mais tarde.'),(2276,'2008-05-22 10:37:26',NULL,'false',100,5,'Elipse'),(2277,'2008-05-22 10:37:26',NULL,'false',101,5,'fechar'),(2278,'2008-05-22 10:37:26',NULL,'false',102,5,'erro na entrada de dados'),(2279,'2008-05-22 10:37:26',NULL,'false',103,5,'nome do usurio deve ter no mnimo 4 letras'),(2280,'2008-05-22 10:37:26',NULL,'false',104,5,'senha deve ter no mnimo 4 letras'),(2281,'2008-05-22 10:37:26',NULL,'false',105,5,'Nome de usurio j existente'),(2282,'2008-05-22 10:37:26',NULL,'false',106,5,'O email j foi registrado.'),(2283,'2008-05-22 10:37:26',NULL,'false',107,5,'Erro no sistema, por favor, contacte os administradores.'),(2284,'2008-05-22 10:37:26',NULL,'false',108,5,'Login'),(2285,'2008-05-22 10:37:26',NULL,'false',109,5,'Usurio:'),(2286,'2008-05-22 10:37:26',NULL,'false',110,5,'Senha:'),(2287,'2008-05-22 10:37:26',NULL,'false',111,5,'idioma'),(2288,'2008-05-22 10:37:26',NULL,'false',112,5,'Login'),(2289,'2008-05-22 10:37:26',NULL,'false',113,5,'Sign Up'),(2290,'2008-05-22 10:37:27',NULL,'false',114,5,'Usurio:'),(2291,'2008-05-22 10:37:27',NULL,'false',115,5,'Senha:'),(2292,'2008-05-22 10:37:27',NULL,'false',116,5,'Re-digite:'),(2293,'2008-05-22 10:37:27',NULL,'false',117,5,'Primeiro nome:'),(2294,'2008-05-22 10:37:27',NULL,'false',118,5,'ltimo nome:'),(2295,'2008-05-22 10:37:27',NULL,'false',119,5,'E-Mail:'),(2296,'2008-05-22 10:37:27',NULL,'false',120,5,'Pas:'),(2297,'2008-05-22 10:37:27',NULL,'false',121,5,'Registrar'),(2298,'2008-05-22 10:37:27',NULL,'false',122,5,'cancelar'),(2299,'2008-05-22 10:37:27',NULL,'false',123,5,'Registrar'),(2300,'2008-05-22 10:37:27',NULL,'false',124,5,'home'),(2301,'2008-05-22 10:37:27',NULL,'false',125,5,'Usurios'),(2302,'2008-05-22 10:37:27',NULL,'false',126,5,'Grupos'),(2303,'2008-05-22 10:37:27',NULL,'false',127,5,'Organizaes'),(2304,'2008-05-22 10:37:27',NULL,'false',128,5,'Salas de Conferncia'),(2305,'2008-05-22 10:37:27',NULL,'false',129,5,'pblico'),(2306,'2008-05-22 10:37:27',NULL,'false',130,5,'organizao'),(2307,'2008-05-22 10:37:27',NULL,'false',131,5,'entrar'),(2308,'2008-05-22 10:37:27',NULL,'false',132,5,'Login'),(2309,'2008-05-22 10:37:27',NULL,'false',133,5,'Senha'),(2310,'2008-05-22 10:37:27',NULL,'false',134,5,'Re-digite'),(2311,'2008-05-22 10:37:27',NULL,'false',135,5,'Primeiro nome'),(2312,'2008-05-22 10:37:27',NULL,'false',136,5,'ltimo nome'),(2313,'2008-05-22 10:37:27',NULL,'false',137,5,'E-Mail'),(2314,'2008-05-22 10:37:27',NULL,'false',138,5,'Aniversrio'),(2315,'2008-05-22 10:37:27',NULL,'false',139,5,'Rua/No'),(2316,'2008-05-22 10:37:27',NULL,'false',140,5,'CEP/Cidade'),(2317,'2008-05-22 10:37:27',NULL,'false',141,5,'Pas'),(2318,'2008-05-22 10:37:27',NULL,'false',142,5,'Endereo'),(2319,'2008-05-22 10:37:27',NULL,'false',143,5,'Dados do usurio'),(2320,'2008-05-22 10:37:27',NULL,'false',144,5,'salvar'),(2321,'2008-05-22 10:37:27',NULL,'false',145,5,'Salvar'),(2322,'2008-05-22 10:37:27',NULL,'false',146,5,'ID DO USURIO'),(2323,'2008-05-22 10:37:27',NULL,'false',147,5,'login'),(2324,'2008-05-22 10:37:27',NULL,'false',148,5,'primeiro nome'),(2325,'2008-05-22 10:37:27',NULL,'false',149,5,'ltimo nome'),(2326,'2008-05-22 10:37:27',NULL,'false',150,5,'mostrar prximo'),(2327,'2008-05-22 10:37:27',NULL,'false',151,5,'mostrar anterior'),(2328,'2008-05-22 10:37:27',NULL,'false',152,5,'excluir registro'),(2329,'2008-05-22 10:37:27',NULL,'false',153,5,'cancelar'),(2330,'2008-05-22 10:37:27',NULL,'false',154,5,'excluir'),(2331,'2008-05-22 10:37:27',NULL,'false',155,5,'novo registro'),(2332,'2008-05-22 10:37:27',NULL,'false',156,5,'atualizar registro'),(2333,'2008-05-22 10:37:27',NULL,'false',157,5,'excluir registro'),(2334,'2008-05-22 10:37:27',NULL,'false',158,5,'status'),(2335,'2008-05-22 10:37:27',NULL,'false',159,5,'desabilitado'),(2336,'2008-05-22 10:37:27',NULL,'false',160,5,'habilitado'),(2337,'2008-05-22 10:37:27',NULL,'false',161,5,'organizaes'),(2338,'2008-05-22 10:37:27',NULL,'false',162,5,'calendrio'),(2339,'2008-05-22 10:37:27',NULL,'false',163,5,'fechar'),(2340,'2008-05-22 10:37:27',NULL,'false',164,5,'ID da Organizao'),(2341,'2008-05-22 10:37:27',NULL,'false',165,5,'nome'),(2342,'2008-05-22 10:37:27',NULL,'false',166,5,'usurio'),(2343,'2008-05-22 10:37:27',NULL,'false',167,5,'mod'),(2344,'2008-05-22 10:37:27',NULL,'false',168,5,'admin'),(2345,'2008-05-22 10:37:27',NULL,'false',169,5,'nvel do usurio'),(2346,'2008-05-22 10:37:27',NULL,'false',170,5,'organizao'),(2347,'2008-05-22 10:37:27',NULL,'false',171,5,'nome'),(2348,'2008-05-22 10:37:27',NULL,'false',172,5,'adicionar organizao'),(2349,'2008-05-22 10:37:27',NULL,'false',173,5,'adicionar organizao'),(2350,'2008-05-22 10:37:27',NULL,'false',174,5,'cancelar'),(2351,'2008-05-22 10:37:27',NULL,'false',175,5,'adicionar'),(2352,'2008-05-22 10:37:27',NULL,'false',176,5,'remover organizao'),(2353,'2008-05-22 10:37:27',NULL,'false',177,5,'usurio'),(2354,'2008-05-22 10:37:27',NULL,'false',178,5,'adicionar usurio'),(2355,'2008-05-22 10:37:27',NULL,'false',179,5,'excluir usurio'),(2356,'2008-05-22 10:37:27',NULL,'false',180,5,'adicionar usurio'),(2357,'2008-05-22 10:37:27',NULL,'false',181,5,'procurar usurio'),(2358,'2008-05-22 10:37:27',NULL,'false',182,5,'procurar'),(2359,'2008-05-22 10:37:27',NULL,'false',183,5,'usurio'),(2360,'2008-05-22 10:37:27',NULL,'false',184,5,'organizao'),(2361,'2008-05-22 10:37:27',NULL,'false',185,5,'entrar'),(2362,'2008-05-22 10:37:27',NULL,'false',186,5,'salas de conferncia'),(2363,'2008-05-22 10:37:27',NULL,'false',187,5,'Salas de conferncia'),(2364,'2008-05-22 10:37:27',NULL,'false',188,5,'id'),(2365,'2008-05-22 10:37:27',NULL,'false',189,5,'Nome'),(2366,'2008-05-22 10:37:27',NULL,'false',190,5,'pblico'),(2367,'2008-05-22 10:37:27',NULL,'false',191,5,'organizaes'),(2368,'2008-05-22 10:37:27',NULL,'false',192,5,'Salas de conferncia'),(2369,'2008-05-22 10:37:27',NULL,'false',193,5,'nome'),(2370,'2008-05-22 10:37:27',NULL,'false',194,5,'tipo'),(2371,'2008-05-22 10:37:27',NULL,'false',195,5,'pblico'),(2372,'2008-05-22 10:37:27',NULL,'false',196,5,'comentrio'),(2373,'2008-05-22 10:37:27',NULL,'false',197,5,'salvar'),(2374,'2008-05-22 10:37:27',NULL,'false',198,5,'abrir'),(2375,'2008-05-22 10:37:27',NULL,'false',199,5,'salvar como'),(2376,'2008-05-22 10:37:27',NULL,'false',200,5,'nome do arquivo'),(2377,'2008-05-22 10:37:27',NULL,'false',201,5,'nome do arquivo'),(2378,'2008-05-22 10:37:27',NULL,'false',202,5,'cancelar'),(2379,'2008-05-22 10:37:27',NULL,'false',203,5,'salvar'),(2380,'2008-05-22 10:37:27',NULL,'false',204,5,'erro'),(2381,'2008-05-22 10:37:27',NULL,'false',205,5,'carregando'),(2382,'2008-05-22 10:37:27',NULL,'false',206,5,'objetos carregados'),(2383,'2008-05-22 10:37:27',NULL,'false',207,5,'sincronizando clientes, clientes a esperar:'),(2384,'2008-05-22 10:37:27',NULL,'false',208,5,'Carregando imagem'),(2385,'2008-05-22 10:37:27',NULL,'false',209,5,'sincronizando clientes, clientes a esperar:'),(2386,'2008-05-22 10:37:27',NULL,'false',210,5,'limpar rea de desenho'),(2387,'2008-05-22 10:37:27',NULL,'false',211,5,'limpar rea de desenho, todos os dados da lousa sero perdidos'),(2388,'2008-05-22 10:37:27',NULL,'false',212,5,'Confirme antes de carregar o arquivo'),(2389,'2008-05-22 10:37:27',NULL,'false',213,5,'Enviar convite'),(2390,'2008-05-22 10:37:27',NULL,'false',214,5,'Enviar convite'),(2391,'2008-05-22 10:37:27',NULL,'false',215,5,'Assunto'),(2392,'2008-05-22 10:37:27',NULL,'false',216,5,'Destinatrio'),(2393,'2008-05-22 10:37:27',NULL,'false',217,5,'Mensagem'),(2394,'2008-05-22 10:37:27',NULL,'false',218,5,'Enviar'),(2395,'2008-05-22 10:37:27',NULL,'false',219,5,'cancelar'),(2396,'2008-05-22 10:37:27',NULL,'false',220,5,'enviar'),(2397,'2008-05-22 10:37:27',NULL,'false',221,5,'Dados do usurio'),(2398,'2008-05-22 10:37:27',NULL,'false',222,5,'Seu apelido para essa conferncia'),(2399,'2008-05-22 10:37:27',NULL,'false',223,5,'apelido'),(2400,'2008-05-22 10:37:27',NULL,'false',224,5,'primeiro nome'),(2401,'2008-05-22 10:37:27',NULL,'false',225,5,'ltimo nome'),(2402,'2008-05-22 10:37:27',NULL,'false',226,5,'email'),(2403,'2008-05-22 10:37:27',NULL,'false',227,5,'idioma'),(2404,'2008-05-22 10:37:27',NULL,'false',228,5,'entrar'),(2405,'2008-05-22 10:37:27',NULL,'false',229,5,'Carregando'),(2406,'2008-05-22 10:37:27',NULL,'false',230,5,'Carregando dados, por favor aguarde!'),(2407,'2008-05-22 10:37:27',NULL,'false',231,5,'Senha Incorreta'),(2408,'2008-05-22 10:37:27',NULL,'false',232,5,'Por favor digite dois passwords idnticos com pelo menos 4 caracteres'),(2409,'2008-05-22 10:37:27',NULL,'false',233,5,'Email Incorreto'),(2410,'2008-05-22 10:37:27',NULL,'false',234,5,'Vo digitou um endereo de email invlido.'),(2411,'2008-05-22 10:37:27',NULL,'false',235,5,'Cadastro completo'),(2412,'2008-05-22 10:37:27',NULL,'false',236,5,'Sua conta foi criada. Voc pode fazer o login agora.'),(2413,'2008-05-22 10:37:27',NULL,'false',237,5,'Voc no pode compartilhar sua tela agora. Alguem j compartilhou a tela.'),(2414,'2008-05-22 10:37:27',NULL,'false',238,5,'Compartilhamento perdido'),(2415,'2008-05-22 10:37:27',NULL,'false',239,5,'Compartilhe sua tela'),(2416,'2008-05-22 10:37:27',NULL,'false',240,5,'Falha na transmisso: Voc no est apto a sincronizar a tela. Frames sero perdidos. Caso esse aviso tenha sido mostrado cedo voc pode pedir ao moderador para reduzir a qualidade.'),(2417,'2008-05-22 10:37:27',NULL,'false',241,5,'Tela de:'),(2418,'2008-05-22 10:37:27',NULL,'false',242,5,'Desenhar'),(2419,'2008-05-22 10:37:27',NULL,'false',243,5,'Documento'),(2420,'2008-05-22 10:37:27',NULL,'false',244,5,'Chat'),(2421,'2008-05-22 10:37:27',NULL,'false',245,5,'Arquivos'),(2422,'2008-05-22 10:37:28',NULL,'false',246,5,'Membros'),(2423,'2008-05-22 10:37:28',NULL,'false',247,5,'Download do documeto original'),(2424,'2008-05-22 10:37:28',NULL,'false',248,5,'Download do pdf'),(2425,'2008-05-22 10:37:28',NULL,'false',249,5,'Carregar apresentao no quadro'),(2426,'2008-05-22 10:37:28',NULL,'false',250,5,'Configurao'),(2427,'2008-05-22 10:37:28',NULL,'false',251,5,'Arrastar esse objeto'),(2428,'2008-05-22 10:37:28',NULL,'false',252,5,'Redimensionar esse objeto'),(2429,'2008-05-22 10:37:28',NULL,'false',253,5,'%'),(2430,'2008-05-22 10:37:28',NULL,'false',254,5,'de'),(2431,'2008-05-22 10:37:28',NULL,'false',255,5,'Ir para primeira pgina'),(2432,'2008-05-22 10:37:28',NULL,'false',256,5,'Ir para pgina anterior'),(2433,'2008-05-22 10:37:28',NULL,'false',257,5,'Ir para a prxima pgina'),(2434,'2008-05-22 10:37:28',NULL,'false',258,5,'Ir para a ltima pgina'),(2435,'2008-05-22 10:37:28',NULL,'false',259,5,'Zoom --'),(2436,'2008-05-22 10:37:28',NULL,'false',260,5,'Zoom ++'),(2437,'2008-05-22 10:37:28',NULL,'false',261,5,'Sr.'),(2438,'2008-05-22 10:37:28',NULL,'false',262,5,'Sra.'),(2439,'2008-05-22 10:37:28',NULL,'false',263,5,'Configurao'),(2440,'2008-05-22 10:37:28',NULL,'false',264,5,'ID'),(2441,'2008-05-22 10:37:28',NULL,'false',265,5,'Chave'),(2442,'2008-05-22 10:37:28',NULL,'false',266,5,'Configurao'),(2443,'2008-05-22 10:37:28',NULL,'false',267,5,'Chave'),(2444,'2008-05-22 10:37:28',NULL,'false',268,5,'ltima atualizao'),(2445,'2008-05-22 10:37:28',NULL,'false',269,5,'atualizado por'),(2446,'2008-05-22 10:37:28',NULL,'false',270,5,'comentrio'),(2447,'2008-05-22 10:37:28',NULL,'false',271,5,'chave'),(2448,'2008-05-22 10:37:28',NULL,'false',272,5,'de'),(2449,'2008-05-22 10:37:28',NULL,'false',273,5,'Usurios'),(2450,'2008-05-22 10:37:28',NULL,'false',274,5,'excluir usurio da compania'),(2451,'2008-05-22 10:37:28',NULL,'false',275,5,'excluir'),(2452,'2008-05-22 10:37:28',NULL,'false',276,5,'Este usurio j  membro desta companhia.'),(2453,'2008-05-22 10:37:28',NULL,'false',277,5,'Notcias'),(2454,'2008-05-22 10:37:28',NULL,'false',278,5,'Links Rpidos'),(2455,'2008-05-22 10:37:28',NULL,'false',279,5,'Ir para conferncia'),(2456,'2008-05-22 10:37:28',NULL,'false',280,5,'Ir para auditrio'),(2457,'2008-05-22 10:37:28',NULL,'false',281,5,'Ajuda e suporte'),(2458,'2008-05-22 10:37:28',NULL,'false',282,5,'http://code.google.com/p/openmeetings/'),(2459,'2008-05-22 10:37:28',NULL,'false',283,5,'http://groups.google.com/group/openmeetings-user'),(2460,'2008-05-22 10:37:28',NULL,'false',284,5,'Reportar um bug!'),(2461,'2008-05-22 10:37:28',NULL,'false',285,5,'mais'),(2462,'2008-05-22 10:37:28',NULL,'false',286,5,'Website do projeto (code.google.com/p/openmeetings/)'),(2463,'2008-05-22 10:37:28',NULL,'false',287,5,'Lista de emails (groups.google.com/group/openmeetings-user)'),(2464,'2008-05-22 10:37:28',NULL,'false',288,5,'Relembrar Login'),(2465,'2008-05-22 10:37:28',NULL,'false',289,5,'Contedo'),(2466,'2008-05-22 10:37:28',NULL,'false',290,5,'Minha Home Page'),(2467,'2008-05-22 10:37:28',NULL,'false',291,5,'My Reunies Agendadas'),(2468,'2008-05-22 10:37:28',NULL,'false',292,5,'My Eventos Agendados'),(2469,'2008-05-22 10:37:28',NULL,'false',293,5,'Reunies Pblicas'),(2470,'2008-05-22 10:37:28',NULL,'false',294,5,'Reunies Privadas'),(2471,'2008-05-22 10:37:28',NULL,'false',295,5,'Eventos Pblicos'),(2472,'2008-05-22 10:37:28',NULL,'false',296,5,'Eventos Privados'),(2473,'2008-05-22 10:37:28',NULL,'false',297,5,'Contedo Pblico'),(2474,'2008-05-22 10:37:28',NULL,'false',298,5,'Contedo Privado'),(2475,'2008-05-22 10:37:28',NULL,'false',299,5,'Contedo Pessoal'),(2476,'2008-05-22 10:37:28',NULL,'false',300,5,''),(2477,'2008-05-22 10:37:28',NULL,'false',301,5,'Moderao'),(2478,'2008-05-22 10:37:28',NULL,'false',302,5,'Aplicar para Moderao'),(2479,'2008-05-22 10:37:28',NULL,'false',303,5,'Conjuntos'),(2480,'2008-05-22 10:37:28',NULL,'false',304,5,'Escolha um arquivo'),(2481,'2008-05-22 10:37:28',NULL,'false',305,5,'Configuraes'),(2482,'2008-05-22 10:37:28',NULL,'false',306,5,'Configuraes de Cam e Mic'),(2483,'2008-05-22 10:37:28',NULL,'false',307,5,'Configuraes da lousa'),(2484,'2008-05-22 10:37:28',NULL,'false',308,5,'Sair'),(2485,'2008-05-22 10:37:28',NULL,'false',309,5,'Voltar para salas'),(2486,'2008-05-22 10:37:28',NULL,'false',310,5,'Logout'),(2487,'2008-05-22 10:37:28',NULL,'false',311,5,'Viso Desktop'),(2488,'2008-05-22 10:37:28',NULL,'false',312,5,'iniciar viso Desktop'),(2489,'2008-05-22 10:37:28',NULL,'false',313,5,'Vdeo e udio'),(2490,'2008-05-22 10:37:28',NULL,'false',314,5,'Chat'),(2491,'2008-05-22 10:37:28',NULL,'false',315,5,'Lousa'),(2492,'2008-05-22 10:37:28',NULL,'false',316,5,'Moderao'),(2493,'2008-05-22 10:37:28',NULL,'false',317,5,'Arquivos'),(2494,'2008-05-22 10:37:28',NULL,'false',318,5,'Usurios'),(2495,'2008-05-22 10:37:28',NULL,'false',319,5,'Conjuntos'),(2496,'2008-05-22 10:37:28',NULL,'false',320,5,'No existe usurio conectado a este nome'),(2497,'2008-05-22 10:37:28',NULL,'false',321,5,'Um email contendo um link foi enviado a seu endereo de email, por favor confira sua caixa postal. Se voc ainda no tiver recebido um email, por favor ajuste as configuraes de spam e remande a confirmao de email.'),(2498,'2008-05-22 10:37:28',NULL,'false',322,5,'Erro'),(2499,'2008-05-22 10:37:28',NULL,'false',323,5,'Mensagem'),(2500,'2008-05-22 10:37:28',NULL,'false',324,5,'Hash invlido. Nenhum usuio encontrado.'),(2501,'2008-05-22 10:37:28',NULL,'false',325,5,'Reset sua senha'),(2502,'2008-05-22 10:37:28',NULL,'false',326,5,'Login'),(2503,'2008-05-22 10:37:28',NULL,'false',327,5,'alterar senha'),(2504,'2008-05-22 10:37:28',NULL,'false',328,5,'nova senha'),(2505,'2008-05-22 10:37:28',NULL,'false',329,5,'redigite a senha'),(2506,'2008-05-22 10:37:28',NULL,'false',330,5,'As senhas que voc digitou no so iguais.'),(2507,'2008-05-22 10:37:28',NULL,'false',331,5,'4 ou mais caracteres; maisculas e minsculas so diferentes!'),(2508,'2008-05-22 10:37:28',NULL,'false',332,5,'Senha configurada. Voc pode se logar agora.'),(2509,'2008-05-22 10:37:28',NULL,'false',333,5,'OK'),(2510,'2008-05-22 10:37:28',NULL,'false',334,5,'Erro desconhecido. Por favor informe isso ao Service-Team.'),(2511,'2008-05-22 10:37:28',NULL,'false',335,5,'Username no encontrado'),(2512,'2008-05-22 10:37:28',NULL,'false',336,5,'Senha invlida'),(2513,'2008-05-22 10:37:28',NULL,'false',337,5,'Desconectado com sucesso'),(2514,'2008-05-22 10:37:28',NULL,'false',338,5,'Cadastro do frontend desabilitado.'),(2515,'2008-05-22 10:37:28',NULL,'false',339,5,'EMail invlido'),(2516,'2008-05-22 10:37:28',NULL,'false',340,5,'nome de arquivo duplicado, por favor escolha outro nome'),(2517,'2008-05-22 10:37:28',NULL,'false',341,5,'nome de arquivo muito curto'),(2518,'2008-05-22 10:37:28',NULL,'false',342,5,'No foi possvel salvar o endereo'),(2519,'2008-05-22 10:37:28',NULL,'false',343,5,'Usurio adicionado mas voc precisa associar esse usurio a uma organizao, se no ele no estar apto a se associar.'),(2520,'2008-05-22 10:37:28',NULL,'false',344,5,'Novo Registro'),(2521,'2008-05-22 10:37:28',NULL,'false',345,5,'Nenhum campo encontrado com esse id.'),(2522,'2008-05-22 10:37:28',NULL,'false',346,5,'Nenhum Label encontrado para este campo.'),(2523,'2008-05-22 10:37:28',NULL,'false',347,5,'Necessrio perfil de administrador'),(2524,'2008-05-22 10:37:28',NULL,'false',348,5,'Editor de idiomas'),(2525,'2008-05-22 10:37:28',NULL,'false',349,5,'Idioma'),(2526,'2008-05-22 10:37:28',NULL,'false',350,5,'Label-ID'),(2527,'2008-05-22 10:37:28',NULL,'false',351,5,'Label-Nome'),(2528,'2008-05-22 10:37:28',NULL,'false',352,5,'Valor'),(2529,'2008-05-22 10:37:28',NULL,'false',353,5,'Fieldvalues'),(2530,'2008-05-22 10:37:28',NULL,'false',354,5,'LabelName'),(2531,'2008-05-22 10:37:28',NULL,'false',355,5,'LabelValue'),(2532,'2008-05-22 10:37:28',NULL,'false',356,5,'Label-ID'),(2533,'2008-05-22 10:37:28',NULL,'false',357,5,'Voc apenas deletou o Label NO o Field! Voc no pode deletar esse Field, podem existir Labels em outros idiomas.'),(2534,'2008-05-22 10:37:28',NULL,'false',358,5,'Labelid invlido. O FieldLanguagesvalues_Id no pode ser encontrado na base de dados.'),(2535,'2008-05-22 10:37:28',NULL,'false',359,5,'Voc no pode deletar esse Field. Voc pode apenas deletar Labels NO Fields. No existe Label carregado no momento, se nenhum Field for selecionado ou no existir Label para esse idioma para esse Field definido.'),(2536,'2008-05-22 10:37:28',NULL,'false',360,5,'exportar'),(2537,'2008-05-22 10:37:28',NULL,'false',361,5,'Voc precisa fazer login novamente para ver as mudanas.'),(2538,'2008-05-22 10:37:28',NULL,'false',362,5,'Adicionar novo idioma'),(2539,'2008-05-22 10:37:28',NULL,'false',363,5,'excluir idioma'),(2540,'2008-05-22 10:37:28',NULL,'false',364,5,'Adicionar novo idioma'),(2541,'2008-05-22 10:37:28',NULL,'false',365,5,'Nome'),(2542,'2008-05-22 10:37:28',NULL,'false',366,5,'adicionar idioma'),(2543,'2008-05-22 10:37:28',NULL,'false',367,5,'Backup'),(2544,'2008-05-22 10:37:28',NULL,'false',368,5,'ir ao primeiro'),(2545,'2008-05-22 10:37:28',NULL,'false',369,5,'ir ao anterior'),(2546,'2008-05-22 10:37:28',NULL,'false',370,5,'ir ao prximo'),(2547,'2008-05-22 10:37:28',NULL,'false',371,5,'ir ao ltimo'),(2548,'2008-05-22 10:37:28',NULL,'false',372,5,'palestras do usurio'),(2549,'2008-05-22 10:37:28',NULL,'false',373,5,'desligar/ligar som'),(2550,'2008-05-22 10:37:28',NULL,'false',374,5,'Sistema'),(2551,'2008-05-22 10:37:28',NULL,'false',375,5,'Suas configuraes'),(2552,'2008-05-22 10:37:28',NULL,'false',376,5,'ol,'),(2553,'2008-05-22 10:37:28',NULL,'false',377,5,'Editar seu perfil'),(2554,'2008-05-22 10:37:28',NULL,'false',378,5,'Novas Mensagens:'),(2555,'2008-05-22 10:37:29',NULL,'false',379,5,'Upload de nova imagem'),(2556,'2008-05-22 10:37:29',NULL,'false',380,5,'Dados do Usurio - Exportar'),(2557,'2008-05-22 10:37:29',NULL,'false',381,5,'Todas as organizaes j devem existir!'),(2558,'2008-05-22 10:37:29',NULL,'false',382,5,'comear a exportar'),(2559,'2008-05-22 10:37:29',NULL,'false',383,5,'Por organizao'),(2560,'2008-05-22 10:37:29',NULL,'false',384,5,'comear a exportar'),(2561,'2008-05-22 10:37:29',NULL,'false',385,5,'Dados do Usurio - Importar'),(2562,'2008-05-22 10:37:29',NULL,'false',386,5,'escolha users.xml'),(2563,'2008-05-22 10:37:29',NULL,'false',387,5,'importar'),(2564,'2008-05-22 10:37:29',NULL,'false',388,5,'Exportar para XML - Esses arquivos podem ser usados para: \n		- Contribua com o projeto\n		- Importe em outro sistema\n		- Backup \n		- Customizao\n		- Coloque no diretrio de idiomas para sua prxima instalao'),(2565,'2008-05-22 10:37:29',NULL,'false',389,5,'Escolha um arquivo de idioma para importar. Escolha o idioma correto no Combobox! \n		No importa o nome do arquivo, ele ser importado nesse idioma!'),(2566,'2008-05-22 10:37:29',NULL,'false',390,5,'importar - escolha o arquivo'),(2567,'2008-05-22 10:37:29',NULL,'false',391,5,'Salvar como'),(2568,'2008-05-22 10:37:29',NULL,'false',392,5,'Nome:'),(2569,'2008-05-22 10:37:29',NULL,'false',393,5,'Comentrio:'),(2570,'2008-05-22 10:37:29',NULL,'false',394,5,'salvar'),(2571,'2008-05-22 10:37:29',NULL,'false',395,5,'Gravaes'),(2572,'2008-05-22 10:37:29',NULL,'false',396,5,'Vizualizador de Gravaes'),(2573,'2008-05-22 10:37:29',NULL,'false',397,5,'Gravaes de salas pblicas e privadas'),(2574,'2008-05-22 10:37:29',NULL,'false',398,5,'Usurios :'),(2575,'2008-05-22 10:37:29',NULL,'false',399,5,'Entrou:'),(2576,'2008-05-22 10:37:29',NULL,'false',400,5,''),(2577,'2008-05-22 10:37:29',NULL,'false',401,5,'Usurios nessa sala:'),(2578,'2008-05-22 10:37:29',NULL,'false',402,5,'atualizar'),(2579,'2008-05-22 10:37:29',NULL,'false',403,5,'Essa sala est cheia. Tente novamente em alguns instntes.'),(2580,'2008-05-22 10:37:29',NULL,'false',404,5,'clique em uma sala para ver os detalhes'),(2581,'2008-05-22 10:37:29',NULL,'false',405,5,'Chat com os usurios dessa sala:'),(2582,'2008-05-22 10:37:29',NULL,'false',406,5,'Sala:'),(2583,'2008-05-22 10:37:29',NULL,'false',407,5,'Usurios nessa sala:'),(2584,'2008-05-22 10:37:29',NULL,'false',408,5,'desde:'),(2585,'2008-05-22 10:37:29',NULL,'false',409,5,'mostrar a gravao'),(2586,'2008-05-22 10:37:29',NULL,'false',410,5,'Tamanho:'),(2587,'2008-05-22 10:37:29',NULL,'false',411,5,'Data:'),(2588,'2008-05-22 10:37:29',NULL,'false',412,5,'Modo Gravao! Voc no pode mudar nenhum valor, este  um arquivo gravado!'),(2589,'2008-05-22 10:37:29',NULL,'false',413,5,'Mostrar essa gravao'),(2590,'2008-05-22 10:37:29',NULL,'false',414,5,'Play / Pause'),(2591,'2008-05-22 10:37:29',NULL,'false',415,5,'Comear gravao'),(2592,'2008-05-22 10:37:29',NULL,'false',416,5,'parar gravao'),(2593,'2008-05-22 10:37:29',NULL,'false',417,5,'Gravao:'),(2594,'2008-05-22 10:37:29',NULL,'false',418,5,'J existe algum gravando nesse momento:'),(2595,'2008-05-22 10:37:29',NULL,'false',419,5,'Gravando! Pelo usurio:'),(2596,'2008-05-22 10:37:29',NULL,'false',420,5,'cancelar'),(2597,'2008-05-22 10:37:29',NULL,'false',421,5,'Gravao ser cancelada e no ser salva.'),(2598,'2008-05-22 10:37:29',NULL,'false',422,5,'continuar'),(2599,'2008-05-22 10:37:29',NULL,'false',423,5,'Fechar essa janela e continuar a gravao.'),(2600,'2008-05-22 10:37:29',NULL,'false',424,5,'mudar cor da linha'),(2601,'2008-05-22 10:37:29',NULL,'false',425,5,'Mudar Cor'),(2602,'2008-05-22 10:37:29',NULL,'false',426,5,'Disabilitar / Habilitar cor da linha'),(2603,'2008-05-22 10:37:29',NULL,'false',427,5,'mudar Fillcolor'),(2604,'2008-05-22 10:37:29',NULL,'false',428,5,'Disabilitar / Habilitar Fillcolor'),(2605,'2008-05-22 10:37:29',NULL,'false',429,5,'Mudar tamanho da linha'),(2606,'2008-05-22 10:37:29',NULL,'false',430,5,'fechar'),(2607,'2008-05-22 10:37:29',NULL,'false',431,5,'mudar tamanho da fonte'),(2608,'2008-05-22 10:37:29',NULL,'false',432,5,'Deletar Gravao'),(2609,'2008-05-22 10:37:29',NULL,'false',433,5,'Convidado'),(2610,'2008-05-22 10:37:29',NULL,'false',434,5,'Por:'),(2611,'2008-05-22 10:37:29',NULL,'false',435,5,'Nome'),(2612,'2008-05-22 10:37:29',NULL,'false',436,5,'Sala'),(2613,'2008-05-22 10:37:29',NULL,'false',437,5,'Data'),(2614,'2008-05-22 10:37:29',NULL,'false',438,5,'cancelar'),(2615,'2008-05-22 10:37:29',NULL,'false',439,5,'start'),(2616,'2008-05-22 10:37:29',NULL,'false',440,5,'Nome'),(2617,'2008-05-22 10:37:29',NULL,'false',441,5,'Data'),(2618,'2008-05-22 10:37:29',NULL,'false',442,5,'Deletar Server-Chatlog'),(2619,'2008-05-22 10:37:29',NULL,'false',443,5,'Chat'),(2620,'2008-05-22 10:37:29',NULL,'false',444,5,'enviar mensagem'),(2621,'2008-05-22 10:37:29',NULL,'false',445,5,'Emoticons'),(2622,'2008-05-22 10:37:29',NULL,'false',446,5,'Emoticons'),(2623,'2008-05-22 10:37:29',NULL,'false',447,5,'Escolher adaptadores publicados'),(2624,'2008-05-22 10:37:29',NULL,'false',448,5,'udio e Vdeo'),(2625,'2008-05-22 10:37:29',NULL,'false',449,5,'udio somente'),(2626,'2008-05-22 10:37:29',NULL,'false',450,5,'Vdeo somente'),(2627,'2008-05-22 10:37:29',NULL,'false',451,5,'sem udio/Vdeo (Image esttica)'),(2628,'2008-05-22 10:37:29',NULL,'false',452,5,'Nenhum udio/Vdeo do seu PC ser publicado, ao invs disso uma figura do seu perfil ser mostrada. Escolha essas configuraes se voc tem problemas com sua conexo ou uma conexo de Internet lenta.'),(2629,'2008-05-22 10:37:29',NULL,'false',453,5,'SEG'),(2630,'2008-05-22 10:37:29',NULL,'false',454,5,'TER'),(2631,'2008-05-22 10:37:29',NULL,'false',455,5,'QUA'),(2632,'2008-05-22 10:37:29',NULL,'false',456,5,'QUI'),(2633,'2008-05-22 10:37:29',NULL,'false',457,5,'SEX'),(2634,'2008-05-22 10:37:29',NULL,'false',458,5,'SAB'),(2635,'2008-05-22 10:37:29',NULL,'false',459,5,'DOM'),(2636,'2008-05-22 10:37:29',NULL,'false',460,5,'Segunda'),(2637,'2008-05-22 10:37:29',NULL,'false',461,5,'Tera'),(2638,'2008-05-22 10:37:29',NULL,'false',462,5,'Quarta'),(2639,'2008-05-22 10:37:29',NULL,'false',463,5,'Quinta'),(2640,'2008-05-22 10:37:29',NULL,'false',464,5,'Sexta'),(2641,'2008-05-22 10:37:29',NULL,'false',465,5,'Sabado'),(2642,'2008-05-22 10:37:29',NULL,'false',466,5,'Domingo'),(2643,'2008-05-22 10:37:29',NULL,'false',467,5,'CS'),(2644,'2008-05-22 10:37:29',NULL,'false',468,5,'Calendrio da semana'),(2645,'2008-05-22 10:37:29',NULL,'false',469,5,'Janeiro'),(2646,'2008-05-22 10:37:29',NULL,'false',470,5,'Fevereiro'),(2647,'2008-05-22 10:37:29',NULL,'false',471,5,'Maro'),(2648,'2008-05-22 10:37:29',NULL,'false',472,5,'Abril'),(2649,'2008-05-22 10:37:29',NULL,'false',473,5,'Maio'),(2650,'2008-05-22 10:37:29',NULL,'false',474,5,'Junho'),(2651,'2008-05-22 10:37:29',NULL,'false',475,5,'Julho'),(2652,'2008-05-22 10:37:29',NULL,'false',476,5,'Augosto'),(2653,'2008-05-22 10:37:29',NULL,'false',477,5,'Setembro'),(2654,'2008-05-22 10:37:29',NULL,'false',478,5,'Outubro'),(2655,'2008-05-22 10:37:29',NULL,'false',479,5,'Novembro'),(2656,'2008-05-22 10:37:29',NULL,'false',480,5,'Dezembro'),(2657,'2008-05-22 10:37:29',NULL,'false',481,5,'Calendrio'),(2658,'2008-05-22 10:37:29',NULL,'false',482,5,'Participantes'),(2659,'2008-05-22 10:37:29',NULL,'false',483,5,'Mostrar configuraes de layout'),(2660,'2008-05-22 10:37:29',NULL,'false',484,5,'X | Y'),(2661,'2008-05-22 10:37:29',NULL,'false',485,5,'Largura | Altura'),(2662,'2008-05-22 10:37:29',NULL,'false',486,5,'Video-Container'),(2663,'2008-05-22 10:37:29',NULL,'false',487,5,'Moderao-Container'),(2664,'2008-05-22 10:37:29',NULL,'false',488,5,'X'),(2665,'2008-05-22 10:37:29',NULL,'false',489,5,'Lousa-Container'),(2666,'2008-05-22 10:37:29',NULL,'false',490,5,'Habilitado'),(2667,'2008-05-22 10:37:29',NULL,'false',491,5,'X | Y'),(2668,'2008-05-22 10:37:29',NULL,'false',492,5,'Largura | Altura'),(2669,'2008-05-22 10:37:29',NULL,'false',493,5,'Arquivos,Chat,Participantes - Container'),(2670,'2008-05-22 10:37:29',NULL,'false',494,5,'Habilitado'),(2671,'2008-05-22 10:37:29',NULL,'false',495,5,'X |Y'),(2672,'2008-05-22 10:37:29',NULL,'false',496,5,'Largura | Altura'),(2673,'2008-05-22 10:37:29',NULL,'false',497,5,'O moderador saiu da sala. Nenhum est presente no momento. Voc pode se candidatar para moderao ou esperar.'),(2674,'2008-05-22 10:37:29',NULL,'false',498,5,'No existe nenhum moderador nessa sala, mas existem alguns participantes. Voc deve se candidatar a moderao ou esperar.'),(2675,'2008-05-22 10:37:29',NULL,'false',499,5,'Feedback OpenMeetings'),(2676,'2008-05-22 10:37:29',NULL,'false',500,5,'OpenMeetings - Convite'),(2677,'2008-05-22 10:37:29',NULL,'false',501,5,'Mensagem do Usurio:'),(2678,'2008-05-22 10:37:29',NULL,'false',502,5,'Mensagem:'),(2679,'2008-05-22 10:37:29',NULL,'false',503,5,'Click neste link para participar das reunies:'),(2680,'2008-05-22 10:37:29',NULL,'false',504,5,'Click aqui para entrar na sala'),(2681,'2008-05-22 10:37:29',NULL,'false',505,5,'se voc tem problemas com o link, por favor copie e cole isso no seu browser:'),(2682,'2008-05-22 10:37:29',NULL,'false',506,5,'OpenMeetings SignUp'),(2683,'2008-05-22 10:37:29',NULL,'false',507,5,'Seus dados:'),(2684,'2008-05-22 10:37:29',NULL,'false',508,5,'Login:'),(2685,'2008-05-22 10:37:30',NULL,'false',509,5,'Senha:'),(2686,'2008-05-22 10:37:30',NULL,'false',510,5,'EMail:'),(2687,'2008-05-22 10:37:30',NULL,'false',511,5,'OpenMeetings-Team'),(2688,'2008-05-22 10:37:30',NULL,'false',512,5,'OpenMeetings Sign-Up'),(2689,'2008-05-22 10:37:30',NULL,'false',513,5,'OpenMeetings - Reset Password'),(2690,'2008-05-22 10:37:30',NULL,'false',514,5,'Clique neste link para criar uma nova senha:'),(2691,'2008-05-22 10:37:30',NULL,'false',515,5,'Click aqui para criar umanova senha'),(2692,'2008-05-22 10:37:30',NULL,'false',516,5,'se voc tiver problemas com o link, por favor copie e cole isso em seu browser:'),(2693,'2008-05-22 10:37:30',NULL,'false',517,5,'OpenMeetings Senha Reset'),(2694,'2008-05-22 10:37:30',NULL,'false',518,5,'Por favor informe uma data vlida, por exemplo 24.12.2001 (dd.mm.yyyy)'),(2695,'2008-05-22 10:37:30',NULL,'false',519,5,'Por favor informe um email vlido, por exemplo name@mail.com'),(2696,'2008-05-22 10:37:30',NULL,'false',520,5,'Por favor informe um nmero de ponto flutuante, por exemplo 1.00'),(2697,'2008-05-22 10:37:30',NULL,'false',521,5,'Por favor informe um nmero (Inteiro), por exemplo 100'),(2698,'2008-05-22 10:37:30',NULL,'false',522,5,'Por favor informe um nmero de telefone vlido, por exemplo ++49 1234 1234'),(2699,'2008-05-22 10:37:30',NULL,'false',523,5,'Por favor informe um horrio vlido, por exemplo 12:23 (hh:mm)'),(2700,'2008-05-22 10:37:30',NULL,'false',524,5,'Senha protegida'),(2701,'2008-05-22 10:37:30',NULL,'false',525,5,'Senha'),(2702,'2008-05-22 10:37:30',NULL,'false',526,5,'Perodo de validade'),(2703,'2008-05-22 10:37:30',NULL,'false',527,5,'Final'),(2704,'2008-05-22 10:37:30',NULL,'false',528,5,'Perodo'),(2705,'2008-05-22 10:37:30',NULL,'false',529,5,'Uma vez'),(2706,'2008-05-22 10:37:30',NULL,'false',530,5,'Valido de:'),(2707,'2008-05-22 10:37:30',NULL,'false',531,5,'Valido at:'),(2708,'2008-05-22 10:37:30',NULL,'false',532,5,'Convite para o OpenMeetings'),(2709,'2008-05-22 10:37:30',NULL,'false',533,5,'Nenhum convite disponvel para esse cdigo'),(2710,'2008-05-22 10:37:30',NULL,'false',534,5,'O convite j foi utilizado. Esse tipo de convite no pode ser reutilizado.'),(2711,'2008-05-22 10:37:30',NULL,'false',535,5,'Esse cdigo de convite no  vlido.'),(2712,'2008-05-22 10:37:30',NULL,'false',536,5,'Senha:'),(2713,'2008-05-22 10:37:30',NULL,'false',537,5,'Verificar senha'),(2714,'2008-05-22 10:37:30',NULL,'false',538,5,'Senha Invlida!'),(2715,'2008-05-22 10:37:30',NULL,'false',539,5,'Browser'),(2716,'2008-05-22 10:37:30',NULL,'false',540,5,'Syncronize Audio/Video'),(2717,'2008-05-22 10:37:30',NULL,'false',541,5,'Login was correct, but the Session you tried is not active or stored on the Server. You have to get a new SessionId and retry login.'),(2718,'2008-05-22 10:37:30',NULL,'false',542,5,'The SessionId is not loggedin or has no Admin rights. The SOAP Gateway needs an User with Admin-Rights to embed new Users.'),(2719,'2008-05-22 10:37:30',NULL,'false',543,5,'This Session has no Remoteuser-Data connected. Wether you did not call the SOAP-Gateway before accessing the Application or you are usnig a wrong Session-ID'),(2720,'2008-05-22 10:37:30',NULL,'false',544,5,'The recorder is currently Beta!'),(2721,'2008-05-22 10:37:30',NULL,'false',1,6,'Conferencia'),(2722,'2008-05-22 10:37:30',NULL,'false',2,6,'Encuentro'),(2723,'2008-05-22 10:37:30',NULL,'false',3,6,'Auditorio'),(2724,'2008-05-22 10:37:30',NULL,'false',4,6,'Calibracin'),(2725,'2008-05-22 10:37:30',NULL,'false',5,6,'Usuario'),(2726,'2008-05-22 10:37:30',NULL,'false',6,6,'Administracin'),(2727,'2008-05-22 10:37:30',NULL,'false',7,6,'Detener'),(2728,'2008-05-22 10:37:30',NULL,'false',8,6,'Grabar'),(2729,'2008-05-22 10:37:30',NULL,'false',9,6,'No se ha seleccionado ningn archivo'),(2730,'2008-05-22 10:37:30',NULL,'false',10,6,'Grabacin por el profesor'),(2731,'2008-05-22 10:37:30',NULL,'false',11,6,'Usuarios conectados:'),(2732,'2008-05-22 10:37:30',NULL,'false',12,6,'Iniciar conferencia'),(2733,'2008-05-22 10:37:30',NULL,'false',13,6,'Mi Nombre'),(2734,'2008-05-22 10:37:30',NULL,'false',14,6,'Video Conferencia'),(2735,'2008-05-22 10:37:30',NULL,'false',15,6,'Importar Presentacin'),(2736,'2008-05-22 10:37:30',NULL,'false',16,6,'Actualizar lista de archivos'),(2737,'2008-05-22 10:37:30',NULL,'false',17,6,'Elegir archivo como principal'),(2738,'2008-05-22 10:37:30',NULL,'false',18,6,'Nueva Encuesta'),(2739,'2008-05-22 10:37:30',NULL,'false',19,6,'Nueva encuesta para al conferencia'),(2740,'2008-05-22 10:37:30',NULL,'false',20,6,'Pregunta:'),(2741,'2008-05-22 10:37:30',NULL,'false',21,6,'Tipo de Encuesta:'),(2742,'2008-05-22 10:37:30',NULL,'false',22,6,'Crear'),(2743,'2008-05-22 10:37:30',NULL,'false',23,6,'Informacin: Descripcin de la encuesta.'),(2744,'2008-05-22 10:37:30',NULL,'false',24,6,'Crear encuesta'),(2745,'2008-05-22 10:37:30',NULL,'false',25,6,'Cancelar'),(2746,'2008-05-22 10:37:30',NULL,'false',26,6,'S/No'),(2747,'2008-05-22 10:37:30',NULL,'false',27,6,'Valor Numrico 1-10'),(2748,'2008-05-22 10:37:30',NULL,'false',28,6,'Encuesta'),(2749,'2008-05-22 10:37:30',NULL,'false',29,6,'Se necesita ser moderador para crear una encuesta.'),(2750,'2008-05-22 10:37:30',NULL,'false',30,6,'Su Voto ha sido registrado'),(2751,'2008-05-22 10:37:30',NULL,'false',31,6,'Ya ha respondido la encuesta previamente'),(2752,'2008-05-22 10:37:30',NULL,'false',32,6,'Responder!'),(2753,'2008-05-22 10:37:30',NULL,'false',33,6,'Su respuesta:'),(2754,'2008-05-22 10:37:30',NULL,'false',34,6,'S'),(2755,'2008-05-22 10:37:30',NULL,'false',35,6,'No'),(2756,'2008-05-22 10:37:30',NULL,'false',36,6,'desea conocer:'),(2757,'2008-05-22 10:37:30',NULL,'false',37,6,'Resultados'),(2758,'2008-05-22 10:37:30',NULL,'false',38,6,'Pregunta:'),(2759,'2008-05-22 10:37:30',NULL,'false',39,6,'Resultados:'),(2760,'2008-05-22 10:37:30',NULL,'false',40,6,'Respuestas:'),(2761,'2008-05-22 10:37:30',NULL,'false',41,6,'No hay encuestas'),(2762,'2008-05-22 10:37:30',NULL,'false',42,6,'Votar!'),(2763,'2008-05-22 10:37:30',NULL,'false',43,6,'Reunin (max 4 puestos)'),(2764,'2008-05-22 10:37:30',NULL,'false',44,6,'Conferencia (max 50 puestos)'),(2765,'2008-05-22 10:37:30',NULL,'false',45,6,'Tipo'),(2766,'2008-05-22 10:37:30',NULL,'false',46,6,'Otros puestos'),(2767,'2008-05-22 10:37:30',NULL,'false',47,6,'Ya ha Seleccionado'),(2768,'2008-05-22 10:37:30',NULL,'false',48,6,'Ingresar'),(2769,'2008-05-22 10:37:30',NULL,'false',49,6,'El moderador ha dejado la reunin.'),(2770,'2008-05-22 10:37:30',NULL,'false',50,6,'Informacin del Sistema'),(2771,'2008-05-22 10:37:30',NULL,'false',51,6,'Seleccionar dispositivo'),(2772,'2008-05-22 10:37:30',NULL,'false',52,6,'Seleccionar cmara:'),(2773,'2008-05-22 10:37:30',NULL,'false',53,6,'Seleccionar micrfono:'),(2774,'2008-05-22 10:37:30',NULL,'false',54,6,'OK'),(2775,'2008-05-22 10:37:30',NULL,'false',55,6,'Cancelar'),(2776,'2008-05-22 10:37:30',NULL,'false',56,6,'Necesita reconectarse'),(2777,'2008-05-22 10:37:30',NULL,'false',57,6,'Editar configuracin'),(2778,'2008-05-22 10:37:30',NULL,'false',58,6,'Curso:'),(2779,'2008-05-22 10:37:30',NULL,'false',59,6,'Idioma:'),(2780,'2008-05-22 10:37:30',NULL,'false',60,6,'OK'),(2781,'2008-05-22 10:37:30',NULL,'false',61,6,'cancelar'),(2782,'2008-05-22 10:37:30',NULL,'false',62,6,'Borrar tablero'),(2783,'2008-05-22 10:37:30',NULL,'false',63,6,'Desea limpiar el tablero antes de aadir otra grfica?'),(2784,'2008-05-22 10:37:30',NULL,'false',64,6,'No volver a preguntar'),(2785,'2008-05-22 10:37:30',NULL,'false',65,6,'no'),(2786,'2008-05-22 10:37:30',NULL,'false',66,6,'Editar configuracin'),(2787,'2008-05-22 10:37:30',NULL,'false',67,6,'Requerir confirmacin antes de limpiar el tablero'),(2788,'2008-05-22 10:37:30',NULL,'false',68,6,'Informacin del usuario'),(2789,'2008-05-22 10:37:30',NULL,'false',69,6,'Limpiar el rea de dibujo'),(2790,'2008-05-22 10:37:30',NULL,'false',70,6,'Deshacer'),(2791,'2008-05-22 10:37:30',NULL,'false',71,6,'Rehacer'),(2792,'2008-05-22 10:37:30',NULL,'false',72,6,'Seleccionar un objeto'),(2793,'2008-05-22 10:37:30',NULL,'false',73,6,'Texto'),(2794,'2008-05-22 10:37:30',NULL,'false',74,6,'Pintar'),(2795,'2008-05-22 10:37:30',NULL,'false',75,6,'Dibujar una lnea'),(2796,'2008-05-22 10:37:30',NULL,'false',76,6,'Dibujar un subrayado'),(2797,'2008-05-22 10:37:30',NULL,'false',77,6,'Rectngulo'),(2798,'2008-05-22 10:37:30',NULL,'false',78,6,'Elipse'),(2799,'2008-05-22 10:37:30',NULL,'false',79,6,'Flecha'),(2800,'2008-05-22 10:37:31',NULL,'false',80,6,'Borrar el item escogido'),(2801,'2008-05-22 10:37:31',NULL,'false',81,6,'Aplicar para ser moderador'),(2802,'2008-05-22 10:37:31',NULL,'false',82,6,'Aplicar'),(2803,'2008-05-22 10:37:31',NULL,'false',83,6,'Cancelar'),(2804,'2008-05-22 10:37:31',NULL,'false',84,6,'Convertirse en moderador'),(2805,'2008-05-22 10:37:31',NULL,'false',85,6,'Cerrar'),(2806,'2008-05-22 10:37:31',NULL,'false',86,6,'Italica'),(2807,'2008-05-22 10:37:31',NULL,'false',87,6,'Negrilla'),(2808,'2008-05-22 10:37:31',NULL,'false',88,6,'ESPERANDO'),(2809,'2008-05-22 10:37:31',NULL,'false',89,6,'Un usuario desea aplicar para ser moderador:'),(2810,'2008-05-22 10:37:31',NULL,'false',90,6,'Aceptar'),(2811,'2008-05-22 10:37:31',NULL,'false',91,6,'Denegar'),(2812,'2008-05-22 10:37:31',NULL,'false',92,6,'Cancelar'),(2813,'2008-05-22 10:37:31',NULL,'false',93,6,'Enviando la solicitud a los siguientes usuarios'),(2814,'2008-05-22 10:37:31',NULL,'false',94,6,'Aceptado'),(2815,'2008-05-22 10:37:31',NULL,'false',95,6,'Rechazado'),(2816,'2008-05-22 10:37:31',NULL,'false',96,6,'Cambiar Moderador'),(2817,'2008-05-22 10:37:31',NULL,'false',97,6,'Usted no es moderador!'),(2818,'2008-05-22 10:37:31',NULL,'false',98,6,'Moderador:'),(2819,'2008-05-22 10:37:31',NULL,'false',99,6,'Lo sentimos pero esta aula est llena. Intente ms tarde'),(2820,'2008-05-22 10:37:31',NULL,'false',100,6,'Elipse'),(2821,'2008-05-22 10:37:31',NULL,'false',101,6,'cerrar'),(2822,'2008-05-22 10:37:31',NULL,'false',102,6,'error en el ingreso de datos'),(2823,'2008-05-22 10:37:31',NULL,'false',103,6,'el nombre de usuario debe contener al menos 4 caracteres'),(2824,'2008-05-22 10:37:31',NULL,'false',104,6,'la clave de usuario debe contener al menos 4 caracteres'),(2825,'2008-05-22 10:37:31',NULL,'false',105,6,'Este nombre de usuario ya existe'),(2826,'2008-05-22 10:37:31',NULL,'false',106,6,'Este email ya est registrado'),(2827,'2008-05-22 10:37:31',NULL,'false',107,6,'Error, por favor contacte al administrador del sistema'),(2828,'2008-05-22 10:37:31',NULL,'false',108,6,'Login'),(2829,'2008-05-22 10:37:31',NULL,'false',109,6,'Usuario:'),(2830,'2008-05-22 10:37:31',NULL,'false',110,6,'Contrasea:'),(2831,'2008-05-22 10:37:31',NULL,'false',111,6,'Idioma'),(2832,'2008-05-22 10:37:31',NULL,'false',112,6,'Login'),(2833,'2008-05-22 10:37:31',NULL,'false',113,6,'Registrarse'),(2834,'2008-05-22 10:37:31',NULL,'false',114,6,'Usuario:'),(2835,'2008-05-22 10:37:31',NULL,'false',115,6,'Contrasea:'),(2836,'2008-05-22 10:37:31',NULL,'false',116,6,'Contrasea (otra vez):'),(2837,'2008-05-22 10:37:31',NULL,'false',117,6,'Nombre(s):'),(2838,'2008-05-22 10:37:31',NULL,'false',118,6,'Apellido(s):'),(2839,'2008-05-22 10:37:31',NULL,'false',119,6,'Correo Electrnico:'),(2840,'2008-05-22 10:37:31',NULL,'false',120,6,'Pas:'),(2841,'2008-05-22 10:37:31',NULL,'false',121,6,'Registrarse'),(2842,'2008-05-22 10:37:31',NULL,'false',122,6,'Cancelar'),(2843,'2008-05-22 10:37:31',NULL,'false',123,6,'Registrar'),(2844,'2008-05-22 10:37:31',NULL,'false',124,6,'Inicio'),(2845,'2008-05-22 10:37:31',NULL,'false',125,6,'Usuarios'),(2846,'2008-05-22 10:37:31',NULL,'false',126,6,'Grupos'),(2847,'2008-05-22 10:37:31',NULL,'false',127,6,'Organizaciones'),(2848,'2008-05-22 10:37:31',NULL,'false',128,6,'Salones de Conferencias'),(2849,'2008-05-22 10:37:31',NULL,'false',129,6,'Pblico'),(2850,'2008-05-22 10:37:31',NULL,'false',130,6,'Organizacin'),(2851,'2008-05-22 10:37:31',NULL,'false',131,6,'Ingresar'),(2852,'2008-05-22 10:37:31',NULL,'false',132,6,'Login'),(2853,'2008-05-22 10:37:31',NULL,'false',133,6,'Clave'),(2854,'2008-05-22 10:37:31',NULL,'false',134,6,'Reescribir Contrasea'),(2855,'2008-05-22 10:37:31',NULL,'false',135,6,'Nombre(s)'),(2856,'2008-05-22 10:37:31',NULL,'false',136,6,'Apellido(s)'),(2857,'2008-05-22 10:37:31',NULL,'false',137,6,'Correo Electrnico'),(2858,'2008-05-22 10:37:31',NULL,'false',138,6,'Fecha de Nacimiento'),(2859,'2008-05-22 10:37:31',NULL,'false',139,6,'Direccin'),(2860,'2008-05-22 10:37:31',NULL,'false',140,6,'Ciudad'),(2861,'2008-05-22 10:37:31',NULL,'false',141,6,'Pas'),(2862,'2008-05-22 10:37:31',NULL,'false',142,6,'Informacin Extra'),(2863,'2008-05-22 10:37:31',NULL,'false',143,6,'Datos de Usuario'),(2864,'2008-05-22 10:37:31',NULL,'false',144,6,'Guardar'),(2865,'2008-05-22 10:37:31',NULL,'false',145,6,'Guardar'),(2866,'2008-05-22 10:37:31',NULL,'false',146,6,'ID'),(2867,'2008-05-22 10:37:31',NULL,'false',147,6,'login'),(2868,'2008-05-22 10:37:31',NULL,'false',148,6,'nombre'),(2869,'2008-05-22 10:37:31',NULL,'false',149,6,'apellido'),(2870,'2008-05-22 10:37:31',NULL,'false',150,6,'mostrar siguiente'),(2871,'2008-05-22 10:37:31',NULL,'false',151,6,'mostrar anterior'),(2872,'2008-05-22 10:37:31',NULL,'false',152,6,'eliminar registro'),(2873,'2008-05-22 10:37:31',NULL,'false',153,6,'cancelar'),(2874,'2008-05-22 10:37:31',NULL,'false',154,6,'eliminar'),(2875,'2008-05-22 10:37:31',NULL,'false',155,6,'nuevo registro'),(2876,'2008-05-22 10:37:31',NULL,'false',156,6,'actualizar registro'),(2877,'2008-05-22 10:37:31',NULL,'false',157,6,'eliminar registro'),(2878,'2008-05-22 10:37:31',NULL,'false',158,6,'estado'),(2879,'2008-05-22 10:37:31',NULL,'false',159,6,'no activo'),(2880,'2008-05-22 10:37:31',NULL,'false',160,6,'activo'),(2881,'2008-05-22 10:37:31',NULL,'false',161,6,'organizaciones'),(2882,'2008-05-22 10:37:31',NULL,'false',162,6,'calendario'),(2883,'2008-05-22 10:37:31',NULL,'false',163,6,'cerrar'),(2884,'2008-05-22 10:37:31',NULL,'false',164,6,'ID'),(2885,'2008-05-22 10:37:31',NULL,'false',165,6,'Nombre'),(2886,'2008-05-22 10:37:31',NULL,'false',166,6,'Usuario'),(2887,'2008-05-22 10:37:31',NULL,'false',167,6,'moderador'),(2888,'2008-05-22 10:37:31',NULL,'false',168,6,'administrador'),(2889,'2008-05-22 10:37:31',NULL,'false',169,6,'nivel de usuario'),(2890,'2008-05-22 10:37:31',NULL,'false',170,6,'organizacin'),(2891,'2008-05-22 10:37:31',NULL,'false',171,6,'nombre'),(2892,'2008-05-22 10:37:31',NULL,'false',172,6,'aadir organizacin'),(2893,'2008-05-22 10:37:31',NULL,'false',173,6,'aadir organizacin'),(2894,'2008-05-22 10:37:31',NULL,'false',174,6,'cancelar'),(2895,'2008-05-22 10:37:31',NULL,'false',175,6,'aadir'),(2896,'2008-05-22 10:37:31',NULL,'false',176,6,'remover organizacin'),(2897,'2008-05-22 10:37:31',NULL,'false',177,6,'usuario'),(2898,'2008-05-22 10:37:31',NULL,'false',178,6,'aadir usuario'),(2899,'2008-05-22 10:37:31',NULL,'false',179,6,'eliminar usuario'),(2900,'2008-05-22 10:37:32',NULL,'false',180,6,'aadir usuario'),(2901,'2008-05-22 10:37:32',NULL,'false',181,6,'buscar usuario'),(2902,'2008-05-22 10:37:32',NULL,'false',182,6,'buscar'),(2903,'2008-05-22 10:37:32',NULL,'false',183,6,'usuario'),(2904,'2008-05-22 10:37:32',NULL,'false',184,6,'organizacin'),(2905,'2008-05-22 10:37:32',NULL,'false',185,6,'ingresar'),(2906,'2008-05-22 10:37:32',NULL,'false',186,6,'salas'),(2907,'2008-05-22 10:37:32',NULL,'false',187,6,'Salas de Conferencia'),(2908,'2008-05-22 10:37:32',NULL,'false',188,6,'id'),(2909,'2008-05-22 10:37:32',NULL,'false',189,6,'Nombre'),(2910,'2008-05-22 10:37:32',NULL,'false',190,6,'pblica'),(2911,'2008-05-22 10:37:32',NULL,'false',191,6,'organizaciones'),(2912,'2008-05-22 10:37:32',NULL,'false',192,6,'Salas de Conferencia'),(2913,'2008-05-22 10:37:32',NULL,'false',193,6,'nombre'),(2914,'2008-05-22 10:37:32',NULL,'false',194,6,'tipo'),(2915,'2008-05-22 10:37:32',NULL,'false',195,6,'pblica'),(2916,'2008-05-22 10:37:32',NULL,'false',196,6,'comentario'),(2917,'2008-05-22 10:37:32',NULL,'false',197,6,'guardar'),(2918,'2008-05-22 10:37:32',NULL,'false',198,6,'cargar'),(2919,'2008-05-22 10:37:32',NULL,'false',199,6,'guardar como'),(2920,'2008-05-22 10:37:32',NULL,'false',200,6,'archivo'),(2921,'2008-05-22 10:37:32',NULL,'false',201,6,'archivo'),(2922,'2008-05-22 10:37:32',NULL,'false',202,6,'cancelar'),(2923,'2008-05-22 10:37:32',NULL,'false',203,6,'guardar'),(2924,'2008-05-22 10:37:32',NULL,'false',204,6,'error'),(2925,'2008-05-22 10:37:32',NULL,'false',205,6,'cargando'),(2926,'2008-05-22 10:37:32',NULL,'false',206,6,'objetos cargados'),(2927,'2008-05-22 10:37:32',NULL,'false',207,6,'sincronizando clientes, clientes en espera:'),(2928,'2008-05-22 10:37:32',NULL,'false',208,6,'Cargando datos de imagen'),(2929,'2008-05-22 10:37:32',NULL,'false',209,6,'sincronizando clientes, clientes en espera:'),(2930,'2008-05-22 10:37:32',NULL,'false',210,6,'limpiar el rea de dibujo'),(2931,'2008-05-22 10:37:32',NULL,'false',211,6,'limpiar el rea de dibujo, toda la informacin del tablero se perder'),(2932,'2008-05-22 10:37:32',NULL,'false',212,6,'Confirmar antes de cargar un archivo'),(2933,'2008-05-22 10:37:32',NULL,'false',213,6,'Enviar invitacin'),(2934,'2008-05-22 10:37:32',NULL,'false',214,6,'Enviar invitacin'),(2935,'2008-05-22 10:37:32',NULL,'false',215,6,'Tema'),(2936,'2008-05-22 10:37:32',NULL,'false',216,6,'Destinatario'),(2937,'2008-05-22 10:37:32',NULL,'false',217,6,'Mensaje'),(2938,'2008-05-22 10:37:32',NULL,'false',218,6,'Enviar'),(2939,'2008-05-22 10:37:32',NULL,'false',219,6,'cancelar'),(2940,'2008-05-22 10:37:32',NULL,'false',220,6,'enviar'),(2941,'2008-05-22 10:37:32',NULL,'false',221,6,'Datos de usuario'),(2942,'2008-05-22 10:37:32',NULL,'false',222,6,'Su sobrenombre para esta conferencia'),(2943,'2008-05-22 10:37:32',NULL,'false',223,6,'nombre para mostrar'),(2944,'2008-05-22 10:37:32',NULL,'false',224,6,'nombre'),(2945,'2008-05-22 10:37:32',NULL,'false',225,6,'apellido'),(2946,'2008-05-22 10:37:32',NULL,'false',226,6,'email'),(2947,'2008-05-22 10:37:32',NULL,'false',227,6,'idioma'),(2948,'2008-05-22 10:37:32',NULL,'false',228,6,'ingresar'),(2949,'2008-05-22 10:37:32',NULL,'false',229,6,'Cargando'),(2950,'2008-05-22 10:37:32',NULL,'false',230,6,'Cargando datos, espere un momento'),(2951,'2008-05-22 10:37:32',NULL,'false',231,6,'Clave equivocada'),(2952,'2008-05-22 10:37:32',NULL,'false',232,6,'Por favor ingrese 2 veces las misma contrasea con un mnimo de 4 caracteres'),(2953,'2008-05-22 10:37:32',NULL,'false',233,6,'Correo invlido'),(2954,'2008-05-22 10:37:32',NULL,'false',234,6,'Usted ha ingresado una direccin de correo electrnico invlida'),(2955,'2008-05-22 10:37:32',NULL,'false',235,6,'El Registro se ha completado con xito'),(2956,'2008-05-22 10:37:32',NULL,'false',236,6,'Su cuenta ha sido creada, puede ingresar desde este momento'),(2957,'2008-05-22 10:37:32',NULL,'false',237,6,'Usted no puede compartir su escritorio en este momento. Alguien ms ya est compartiendo su escritorio.'),(2958,'2008-05-22 10:37:32',NULL,'false',238,6,'Comparticin prohibida'),(2959,'2008-05-22 10:37:32',NULL,'false',239,6,'Compartir su escritorio'),(2960,'2008-05-22 10:37:32',NULL,'false',240,6,'Problemas de conexin: Su ancho de banda es insuficiente y se perdern informacin. Si el mensaje se repite con frecuencia solicite al moderador reducir la calidad.'),(2961,'2008-05-22 10:37:32',NULL,'false',241,6,'Escritorio de:'),(2962,'2008-05-22 10:37:32',NULL,'false',242,6,'Dibujar'),(2963,'2008-05-22 10:37:32',NULL,'false',243,6,'Documento'),(2964,'2008-05-22 10:37:32',NULL,'false',244,6,'Chat'),(2965,'2008-05-22 10:37:32',NULL,'false',245,6,'Archivos'),(2966,'2008-05-22 10:37:32',NULL,'false',246,6,'Miembros'),(2967,'2008-05-22 10:37:32',NULL,'false',247,6,'Descargar el documento original'),(2968,'2008-05-22 10:37:32',NULL,'false',248,6,'Descargar el documento en pdf'),(2969,'2008-05-22 10:37:32',NULL,'false',249,6,'Subir una presentacin al tablero'),(2970,'2008-05-22 10:37:32',NULL,'false',250,6,'Configuracin'),(2971,'2008-05-22 10:37:32',NULL,'false',251,6,'Arrastrar este objeto'),(2972,'2008-05-22 10:37:32',NULL,'false',252,6,'Ajustar el tamao del objeto'),(2973,'2008-05-22 10:37:32',NULL,'false',253,6,'%'),(2974,'2008-05-22 10:37:32',NULL,'false',254,6,'de'),(2975,'2008-05-22 10:37:32',NULL,'false',255,6,'Ir a la primera pgina'),(2976,'2008-05-22 10:37:32',NULL,'false',256,6,'Ir a la pgina previa'),(2977,'2008-05-22 10:37:32',NULL,'false',257,6,'Ir a la pgina siguiente'),(2978,'2008-05-22 10:37:32',NULL,'false',258,6,'Ir a la ltima pgina'),(2979,'2008-05-22 10:37:32',NULL,'false',259,6,'Disminuir Zoom'),(2980,'2008-05-22 10:37:32',NULL,'false',260,6,'Aumentar Zoom'),(2981,'2008-05-22 10:37:32',NULL,'false',261,6,'Sr.'),(2982,'2008-05-22 10:37:32',NULL,'false',262,6,'Sra.'),(2983,'2008-05-22 10:37:32',NULL,'false',263,6,'Configuracin'),(2984,'2008-05-22 10:37:32',NULL,'false',264,6,'ID'),(2985,'2008-05-22 10:37:32',NULL,'false',265,6,'Clave'),(2986,'2008-05-22 10:37:32',NULL,'false',266,6,'Configuracin'),(2987,'2008-05-22 10:37:32',NULL,'false',267,6,'Clave'),(2988,'2008-05-22 10:37:32',NULL,'false',268,6,'ltima actualizacin'),(2989,'2008-05-22 10:37:32',NULL,'false',269,6,'actualizado por'),(2990,'2008-05-22 10:37:32',NULL,'false',270,6,'comentar'),(2991,'2008-05-22 10:37:32',NULL,'false',271,6,'clave'),(2992,'2008-05-22 10:37:32',NULL,'false',272,6,'de'),(2993,'2008-05-22 10:37:32',NULL,'false',273,6,'Usuarios'),(2994,'2008-05-22 10:37:32',NULL,'false',274,6,'Eliminar usuario de la organizacin'),(2995,'2008-05-22 10:37:32',NULL,'false',275,6,'Eliminar'),(2996,'2008-05-22 10:37:32',NULL,'false',276,6,'Este usuario ya es miembro de la organizacin'),(2997,'2008-05-22 10:37:32',NULL,'false',277,6,'Noticias'),(2998,'2008-05-22 10:37:32',NULL,'false',278,6,'Links rpidos'),(2999,'2008-05-22 10:37:32',NULL,'false',279,6,'Ir a la conferencia'),(3000,'2008-05-22 10:37:32',NULL,'false',280,6,'Ir al Auditorio'),(3001,'2008-05-22 10:37:32',NULL,'false',281,6,'Ayuda y Soporte'),(3002,'2008-05-22 10:37:32',NULL,'false',282,6,'http://code.google.com/p/openmeetings/'),(3003,'2008-05-22 10:37:32',NULL,'false',283,6,'http://groups.google.com/group/openmeetings-user'),(3004,'2008-05-22 10:37:32',NULL,'false',284,6,'Reportar un bug!'),(3005,'2008-05-22 10:37:32',NULL,'false',285,6,'ms'),(3006,'2008-05-22 10:37:32',NULL,'false',286,6,'Sitio Web del Proyecto (code.google.com/p/openmeetings/)'),(3007,'2008-05-22 10:37:32',NULL,'false',287,6,'Lista de correos del Proyecto (groups.google.com/group/openmeetings-user)'),(3008,'2008-05-22 10:37:32',NULL,'false',288,6,'Recordar'),(3009,'2008-05-22 10:37:32',NULL,'false',289,6,'Contenido'),(3010,'2008-05-22 10:37:32',NULL,'false',290,6,'Mi pgina de inicio'),(3011,'2008-05-22 10:37:32',NULL,'false',291,6,'Mis reuniones programadas'),(3012,'2008-05-22 10:37:32',NULL,'false',292,6,'Mis eventos programados'),(3013,'2008-05-22 10:37:32',NULL,'false',293,6,'Reuniones pblicas'),(3014,'2008-05-22 10:37:32',NULL,'false',294,6,'Reuniones privadas'),(3015,'2008-05-22 10:37:32',NULL,'false',295,6,'Eventos pblicos'),(3016,'2008-05-22 10:37:32',NULL,'false',296,6,'Eventos privados'),(3017,'2008-05-22 10:37:32',NULL,'false',297,6,'Contenido pblico'),(3018,'2008-05-22 10:37:32',NULL,'false',298,6,'Contenido privado'),(3019,'2008-05-22 10:37:32',NULL,'false',299,6,'Contenido personal'),(3020,'2008-05-22 10:37:32',NULL,'false',300,6,'...'),(3021,'2008-05-22 10:37:32',NULL,'false',301,6,'Moderacin'),(3022,'2008-05-22 10:37:32',NULL,'false',302,6,'Solicitar una moderacin'),(3023,'2008-05-22 10:37:32',NULL,'false',303,6,'Encuestas'),(3024,'2008-05-22 10:37:32',NULL,'false',304,6,'Seleccione un archivo'),(3025,'2008-05-22 10:37:32',NULL,'false',305,6,'Configuracin'),(3026,'2008-05-22 10:37:32',NULL,'false',306,6,'Cmara y Micrfono'),(3027,'2008-05-22 10:37:32',NULL,'false',307,6,'Configuracin de la pizarra'),(3028,'2008-05-22 10:37:32',NULL,'false',308,6,'Salir'),(3029,'2008-05-22 10:37:32',NULL,'false',309,6,'Regresar a las salas'),(3030,'2008-05-22 10:37:32',NULL,'false',310,6,'Cerrar sesin'),(3031,'2008-05-22 10:37:32',NULL,'false',311,6,'Visor de escritorio'),(3032,'2008-05-22 10:37:32',NULL,'false',312,6,'iniciar Visor de escritorio'),(3033,'2008-05-22 10:37:33',NULL,'false',313,6,'Audio y Video'),(3034,'2008-05-22 10:37:33',NULL,'false',314,6,'Chat'),(3035,'2008-05-22 10:37:33',NULL,'false',315,6,'Pizarra'),(3036,'2008-05-22 10:37:33',NULL,'false',316,6,'Moderacin'),(3037,'2008-05-22 10:37:33',NULL,'false',317,6,'Archivos'),(3038,'2008-05-22 10:37:33',NULL,'false',318,6,'Usuarios'),(3039,'2008-05-22 10:37:33',NULL,'false',319,6,'Encuestas'),(3040,'2008-05-22 10:37:33',NULL,'false',320,6,'NO hay persona conectada para este nombre de usuario'),(3041,'2008-05-22 10:37:33',NULL,'false',321,6,'El email contiene un hipervnculo especial ha sido enviado, por favor revise su bandeja de entrada. Si no aparece este correo por favor revise la configuracin de spam de su servidor y reenvie este correo nuevamente.'),(3042,'2008-05-22 10:37:33',NULL,'false',322,6,'Error'),(3043,'2008-05-22 10:37:33',NULL,'false',323,6,'Mensaje'),(3044,'2008-05-22 10:37:33',NULL,'false',324,6,'No se encontr al usuario (hash incorrecto).'),(3045,'2008-05-22 10:37:33',NULL,'false',325,6,'Generar contrasea'),(3046,'2008-05-22 10:37:33',NULL,'false',326,6,'Login'),(3047,'2008-05-22 10:37:33',NULL,'false',327,6,'cambiar contrasea'),(3048,'2008-05-22 10:37:33',NULL,'false',328,6,'nueva contrasea'),(3049,'2008-05-22 10:37:33',NULL,'false',329,6,'vuelva a escribir la contrasea'),(3050,'2008-05-22 10:37:33',NULL,'false',330,6,'Las contraseas ingresadas no son iguales.'),(3051,'2008-05-22 10:37:33',NULL,'false',331,6,'Escriba 4 o ms caracteres. Se diferencia maysculas'),(3052,'2008-05-22 10:37:33',NULL,'false',332,6,'La contrasea ha sido cambiada, ahora puede iniciar sesin.'),(3053,'2008-05-22 10:37:33',NULL,'false',333,6,'OK'),(3054,'2008-05-22 10:37:33',NULL,'false',334,6,'Error..'),(3055,'2008-05-22 10:37:33',NULL,'false',335,6,'No se encontr el usuario'),(3056,'2008-05-22 10:37:33',NULL,'false',336,6,'Contrasea incorrecta'),(3057,'2008-05-22 10:37:33',NULL,'false',337,6,'Usted ha salido del sistema'),(3058,'2008-05-22 10:37:33',NULL,'false',338,6,'Se encuentra desabilitada la opcin de registro.'),(3059,'2008-05-22 10:37:33',NULL,'false',339,6,'EMail incorrecto'),(3060,'2008-05-22 10:37:33',NULL,'false',340,6,'archivo duplicado, por favor seleccione otro'),(3061,'2008-05-22 10:37:33',NULL,'false',341,6,'el archivo es muy corto'),(3062,'2008-05-22 10:37:33',NULL,'false',342,6,'No se pudo guardar la direccin'),(3063,'2008-05-22 10:37:33',NULL,'false',343,6,'El usuario fue aadido, sin embargo deber ser agregado a alguna organizacin, caso contrario no podr iniciar sesin.'),(3064,'2008-05-22 10:37:33',NULL,'false',344,6,'Nueva grabacin'),(3065,'2008-05-22 10:37:33',NULL,'false',345,6,'No se encontr un campo en este FieldId.'),(3066,'2008-05-22 10:37:33',NULL,'false',346,6,'No se encontr una etiqueta para este campo.'),(3067,'2008-05-22 10:37:33',NULL,'false',347,6,'Se necesita autorizacin del administrador'),(3068,'2008-05-22 10:37:33',NULL,'false',348,6,'Editor de lenguaje.'),(3069,'2008-05-22 10:37:33',NULL,'false',349,6,'Lenguaje'),(3070,'2008-05-22 10:37:33',NULL,'false',350,6,'Etiqueta-ID'),(3071,'2008-05-22 10:37:33',NULL,'false',351,6,'Etiqueta-Nombre'),(3072,'2008-05-22 10:37:33',NULL,'false',352,6,'Valor'),(3073,'2008-05-22 10:37:33',NULL,'false',353,6,'Valor de los campos'),(3074,'2008-05-22 10:37:33',NULL,'false',354,6,'Nombre de la etiqueta'),(3075,'2008-05-22 10:37:33',NULL,'false',355,6,'Valor de la etiqueta'),(3076,'2008-05-22 10:37:33',NULL,'false',356,6,'ID de la etiqueta'),(3077,'2008-05-22 10:37:33',NULL,'false',357,6,'Usted solo elimin la etiqueta pero no el campo. No se puede eliminar un campo.'),(3078,'2008-05-22 10:37:33',NULL,'false',358,6,'Labelid incorrecto. Su FieldLanguagesvalues_Id no se encontr en la base de datos.'),(3079,'2008-05-22 10:37:33',NULL,'false',359,6,'Usted no puede eliminar este campo, solo etiquetas. No hay una etiqueta cargada por el momento o no se encuentra seleccionada alguna (puede que no exista sta para el lenguaje seleccionado).'),(3080,'2008-05-22 10:37:33',NULL,'false',360,6,'exportar'),(3081,'2008-05-22 10:37:33',NULL,'false',361,6,'Necesita cerrar sesin para ver los cambios.'),(3082,'2008-05-22 10:37:33',NULL,'false',362,6,'Aadir nuevo lenguaje'),(3083,'2008-05-22 10:37:33',NULL,'false',363,6,'eliminar lenguaje'),(3084,'2008-05-22 10:37:33',NULL,'false',364,6,'Aadir nuevo lenguaje'),(3085,'2008-05-22 10:37:33',NULL,'false',365,6,'Nombre'),(3086,'2008-05-22 10:37:33',NULL,'false',366,6,'aadir lenguaje'),(3087,'2008-05-22 10:37:33',NULL,'false',367,6,'Backup'),(3088,'2008-05-22 10:37:33',NULL,'false',368,6,'ir al inicio'),(3089,'2008-05-22 10:37:33',NULL,'false',369,6,'anterior'),(3090,'2008-05-22 10:37:33',NULL,'false',370,6,'siguiente'),(3091,'2008-05-22 10:37:33',NULL,'false',371,6,'ir al final'),(3092,'2008-05-22 10:37:33',NULL,'false',372,6,'el usuario habla'),(3093,'2008-05-22 10:37:33',NULL,'false',373,6,'encender o apagar sonido'),(3094,'2008-05-22 10:37:33',NULL,'false',374,6,'Sistema'),(3095,'2008-05-22 10:37:33',NULL,'false',375,6,'Su configuracin'),(3096,'2008-05-22 10:37:33',NULL,'false',376,6,'hola,'),(3097,'2008-05-22 10:37:33',NULL,'false',377,6,'Editar su perfil'),(3098,'2008-05-22 10:37:33',NULL,'false',378,6,'Nuevos mensajes:'),(3099,'2008-05-22 10:37:33',NULL,'false',379,6,'Subir una nueva imagen'),(3100,'2008-05-22 10:37:33',NULL,'false',380,6,'Datos de usuario - Exportar'),(3101,'2008-05-22 10:37:33',NULL,'false',381,6,'Todas las organizaciones deben existir!'),(3102,'2008-05-22 10:37:33',NULL,'false',382,6,'iniciar proceso de exportacin'),(3103,'2008-05-22 10:37:33',NULL,'false',383,6,'Por organizacin'),(3104,'2008-05-22 10:37:33',NULL,'false',384,6,'iniciar proceso de exportacin'),(3105,'2008-05-22 10:37:33',NULL,'false',385,6,'Datos de usuario - Importar'),(3106,'2008-05-22 10:37:33',NULL,'false',386,6,'seleccionar archivo de usuarios.xml'),(3107,'2008-05-22 10:37:33',NULL,'false',387,6,'importar'),(3108,'2008-05-22 10:37:33',NULL,'false',388,6,'Exportar a XML - Estos archivos pueden ser usados para:\n		- Contribuir en el proyecto\n		- Importarlos en otro sistema\n		- Respaldo\n		- Personalizacin\n		- Colocarlo en el directorio de lenguajes para la prxima instalacin.'),(3109,'2008-05-22 10:37:33',NULL,'false',389,6,'Seleccione un archivo de lenguaje a importar. Seleccione correctamente el lenguaje del selector (no importa el nombre que tenga, ser importado a este lenguaje de todos modos).'),(3110,'2008-05-22 10:37:33',NULL,'false',390,6,'importar - seleccionar archivo'),(3111,'2008-05-22 10:37:33',NULL,'false',391,6,'Guardar como...'),(3112,'2008-05-22 10:37:33',NULL,'false',392,6,'Nombre:'),(3113,'2008-05-22 10:37:33',NULL,'false',393,6,'Comentario:'),(3114,'2008-05-22 10:37:33',NULL,'false',394,6,'guardar'),(3115,'2008-05-22 10:37:33',NULL,'false',395,6,'Grabaciones'),(3116,'2008-05-22 10:37:33',NULL,'false',396,6,'Visor de grabaciones'),(3117,'2008-05-22 10:37:33',NULL,'false',397,6,'Grabaciones de salas pblicas y privadas'),(3118,'2008-05-22 10:37:33',NULL,'false',398,6,'Usuarios:'),(3119,'2008-05-22 10:37:33',NULL,'false',399,6,'En el sistema:'),(3120,'2008-05-22 10:37:33',NULL,'false',400,6,''),(3121,'2008-05-22 10:37:33',NULL,'false',401,6,'Usuarios en la sala:'),(3122,'2008-05-22 10:37:33',NULL,'false',402,6,'actualizar'),(3123,'2008-05-22 10:37:33',NULL,'false',403,6,'La sala esta llena, por favor intente en unos minutos.'),(3124,'2008-05-22 10:37:33',NULL,'false',404,6,'Haga click en una sala para ver los detalles'),(3125,'2008-05-22 10:37:33',NULL,'false',405,6,'Escribirle a los usuarios de esta sala:'),(3126,'2008-05-22 10:37:33',NULL,'false',406,6,'Sala:'),(3127,'2008-05-22 10:37:33',NULL,'false',407,6,'Usuarios en esta sala:'),(3128,'2008-05-22 10:37:33',NULL,'false',408,6,'desde:'),(3129,'2008-05-22 10:37:33',NULL,'false',409,6,'reproducir grabacin'),(3130,'2008-05-22 10:37:33',NULL,'false',410,6,'Duracin:'),(3131,'2008-05-22 10:37:33',NULL,'false',411,6,'Fecha:'),(3132,'2008-05-22 10:37:33',NULL,'false',412,6,'Modo de grabacin! No puede cambiar ningun valor ya que se trata de un archivo grabado.'),(3133,'2008-05-22 10:37:33',NULL,'false',413,6,'Reproducir esta grabacin'),(3134,'2008-05-22 10:37:33',NULL,'false',414,6,'Reproducir / Pausa'),(3135,'2008-05-22 10:37:33',NULL,'false',415,6,'Iniciar grabacin'),(3136,'2008-05-22 10:37:33',NULL,'false',416,6,'Detener grabacin'),(3137,'2008-05-22 10:37:33',NULL,'false',417,6,'Grabacin:'),(3138,'2008-05-22 10:37:33',NULL,'false',418,6,'Actualmente alguien se encuentra grabando:'),(3139,'2008-05-22 10:37:33',NULL,'false',419,6,'Grabando! Por el usuario:'),(3140,'2008-05-22 10:37:33',NULL,'false',420,6,'cancelar'),(3141,'2008-05-22 10:37:33',NULL,'false',421,6,'La grabacin ser cancelada y no guardada.'),(3142,'2008-05-22 10:37:33',NULL,'false',422,6,'reanudar'),(3143,'2008-05-22 10:37:33',NULL,'false',423,6,'Cerrar ventana y reanudar grabacin'),(3144,'2008-05-22 10:37:33',NULL,'false',424,6,'Cambiar el color de lnea'),(3145,'2008-05-22 10:37:33',NULL,'false',425,6,'Seleccionar color'),(3146,'2008-05-22 10:37:33',NULL,'false',426,6,'Deshabilitar / Habilitar Color de lnea'),(3147,'2008-05-22 10:37:33',NULL,'false',427,6,'cambiar color de relleno'),(3148,'2008-05-22 10:37:33',NULL,'false',428,6,'Deshabilitar / Habilitar color de relleno'),(3149,'2008-05-22 10:37:33',NULL,'false',429,6,'cambiar grosor de lnea'),(3150,'2008-05-22 10:37:33',NULL,'false',430,6,'cerrar'),(3151,'2008-05-22 10:37:33',NULL,'false',431,6,'cambiar tamao de letra'),(3152,'2008-05-22 10:37:33',NULL,'false',432,6,'Eliminar grabacin'),(3153,'2008-05-22 10:37:33',NULL,'false',433,6,'Invitado'),(3154,'2008-05-22 10:37:33',NULL,'false',434,6,'Por:'),(3155,'2008-05-22 10:37:33',NULL,'false',435,6,'Nombre'),(3156,'2008-05-22 10:37:33',NULL,'false',436,6,'Sala'),(3157,'2008-05-22 10:37:34',NULL,'false',437,6,'Fecha'),(3158,'2008-05-22 10:37:34',NULL,'false',438,6,'cancelar'),(3159,'2008-05-22 10:37:34',NULL,'false',439,6,'iniciar'),(3160,'2008-05-22 10:37:34',NULL,'false',440,6,'Nombre'),(3161,'2008-05-22 10:37:34',NULL,'false',441,6,'Fecha'),(3162,'2008-05-22 10:37:34',NULL,'false',442,6,'Eliminar log de chat en el servidor'),(3163,'2008-05-22 10:37:34',NULL,'false',443,6,'Chat'),(3164,'2008-05-22 10:37:34',NULL,'false',444,6,'enviar mensaje'),(3165,'2008-05-22 10:37:34',NULL,'false',445,6,'Emoticons'),(3166,'2008-05-22 10:37:34',NULL,'false',446,6,'Emoticons'),(3167,'2008-05-22 10:37:34',NULL,'false',447,6,'Seleccione los dispositivos de transmisin'),(3168,'2008-05-22 10:37:34',NULL,'false',448,6,'Audio y Video'),(3169,'2008-05-22 10:37:34',NULL,'false',449,6,'Slo Audio'),(3170,'2008-05-22 10:37:34',NULL,'false',450,6,'Slo Video'),(3171,'2008-05-22 10:37:34',NULL,'false',451,6,'Sin Audio/Video (Imagen fija)'),(3172,'2008-05-22 10:37:34',NULL,'false',452,6,'No se transmitir Audio/Video desde su computador, en su lugar se mostrar la imagen de su perfil. Seleccione esta configuracin si usted tiene problemas con su ancho de banda o una baja coneixn de internet.'),(3173,'2008-05-22 10:37:34',NULL,'false',453,6,'LU'),(3174,'2008-05-22 10:37:34',NULL,'false',454,6,'MA'),(3175,'2008-05-22 10:37:34',NULL,'false',455,6,'MI'),(3176,'2008-05-22 10:37:34',NULL,'false',456,6,'JU'),(3177,'2008-05-22 10:37:34',NULL,'false',457,6,'VI'),(3178,'2008-05-22 10:37:34',NULL,'false',458,6,'SA'),(3179,'2008-05-22 10:37:34',NULL,'false',459,6,'DO'),(3180,'2008-05-22 10:37:34',NULL,'false',460,6,'Lunes'),(3181,'2008-05-22 10:37:34',NULL,'false',461,6,'Martes'),(3182,'2008-05-22 10:37:34',NULL,'false',462,6,'Mircoles'),(3183,'2008-05-22 10:37:34',NULL,'false',463,6,'Jueves'),(3184,'2008-05-22 10:37:34',NULL,'false',464,6,'Viernes'),(3185,'2008-05-22 10:37:34',NULL,'false',465,6,'Sbado'),(3186,'2008-05-22 10:37:34',NULL,'false',466,6,'Domingo'),(3187,'2008-05-22 10:37:34',NULL,'false',467,6,'S#'),(3188,'2008-05-22 10:37:34',NULL,'false',468,6,'Nmero de semana de calendario'),(3189,'2008-05-22 10:37:34',NULL,'false',469,6,'Enero'),(3190,'2008-05-22 10:37:34',NULL,'false',470,6,'Febrero'),(3191,'2008-05-22 10:37:34',NULL,'false',471,6,'Marzo'),(3192,'2008-05-22 10:37:34',NULL,'false',472,6,'Abril'),(3193,'2008-05-22 10:37:34',NULL,'false',473,6,'Mayo'),(3194,'2008-05-22 10:37:34',NULL,'false',474,6,'Junio'),(3195,'2008-05-22 10:37:34',NULL,'false',475,6,'Julio'),(3196,'2008-05-22 10:37:34',NULL,'false',476,6,'Agosto'),(3197,'2008-05-22 10:37:34',NULL,'false',477,6,'Septiembre'),(3198,'2008-05-22 10:37:34',NULL,'false',478,6,'Octubre'),(3199,'2008-05-22 10:37:34',NULL,'false',479,6,'Noviembre'),(3200,'2008-05-22 10:37:34',NULL,'false',480,6,'Diciembre'),(3201,'2008-05-22 10:37:34',NULL,'false',481,6,'Calendario'),(3202,'2008-05-22 10:37:34',NULL,'false',482,6,'Participantes'),(3203,'2008-05-22 10:37:34',NULL,'false',483,6,'Configuraciones de diseo'),(3204,'2008-05-22 10:37:34',NULL,'false',484,6,'X | Y'),(3205,'2008-05-22 10:37:34',NULL,'false',485,6,'Ancho | Alto'),(3206,'2008-05-22 10:37:34',NULL,'false',486,6,'Contenedor: video'),(3207,'2008-05-22 10:37:34',NULL,'false',487,6,'Contenedor: moderacin'),(3208,'2008-05-22 10:37:34',NULL,'false',488,6,'X'),(3209,'2008-05-22 10:37:34',NULL,'false',489,6,'Contenedor: pizarra'),(3210,'2008-05-22 10:37:34',NULL,'false',490,6,'Habilitado'),(3211,'2008-05-22 10:37:34',NULL,'false',491,6,'X | Y'),(3212,'2008-05-22 10:37:34',NULL,'false',492,6,'Ancho | Alto'),(3213,'2008-05-22 10:37:34',NULL,'false',493,6,'Contenedor: Archivo,Chat,Participantes'),(3214,'2008-05-22 10:37:34',NULL,'false',494,6,'Habilitado'),(3215,'2008-05-22 10:37:34',NULL,'false',495,6,'X |Y'),(3216,'2008-05-22 10:37:34',NULL,'false',496,6,'Ancho | Alto'),(3217,'2008-05-22 10:37:34',NULL,'false',497,6,'El moderador se ha retirado, por lo que nadie est realizando una presentacin actualmente. Usted puede esperar o aplicar para moderar.'),(3218,'2008-05-22 10:37:34',NULL,'false',498,6,'No hay moderador en esta sala, pero si participantes. Usted puede esperar o aplicar para moderar.'),(3219,'2008-05-22 10:37:34',NULL,'false',499,6,'Comentario de OpenMeetings'),(3220,'2008-05-22 10:37:34',NULL,'false',500,6,'OpenMeetings - Invitacin'),(3221,'2008-05-22 10:37:34',NULL,'false',501,6,'Mensaje del usuario:'),(3222,'2008-05-22 10:37:34',NULL,'false',502,6,'Mensaje:'),(3223,'2008-05-22 10:37:34',NULL,'false',503,6,'Haga click en este link para poder participar en la conferencia:'),(3224,'2008-05-22 10:37:34',NULL,'false',504,6,'Haga click aqu para entrar a la sala'),(3225,'2008-05-22 10:37:34',NULL,'false',505,6,'Si tiene problemas con el link, le sugerimos que copie y pegue el siguiente texto en su navegador:'),(3226,'2008-05-22 10:37:34',NULL,'false',506,6,'Registro OpenMeetings'),(3227,'2008-05-22 10:37:34',NULL,'false',507,6,'Su informacin de usuario:'),(3228,'2008-05-22 10:37:34',NULL,'false',508,6,'Login:'),(3229,'2008-05-22 10:37:34',NULL,'false',509,6,'Contrasea:'),(3230,'2008-05-22 10:37:34',NULL,'false',510,6,'EMail:'),(3231,'2008-05-22 10:37:34',NULL,'false',511,6,'Equipo-OpenMeetings'),(3232,'2008-05-22 10:37:34',NULL,'false',512,6,'OpenMeetings - Registro'),(3233,'2008-05-22 10:37:34',NULL,'false',513,6,'OpenMeetings - Resetear contrasea'),(3234,'2008-05-22 10:37:34',NULL,'false',514,6,'Haga click en el siguiente link para obtener una nueva contrasea:'),(3235,'2008-05-22 10:37:34',NULL,'false',515,6,'Haga click en el siguiente link para ingresar una nueva contrasea'),(3236,'2008-05-22 10:37:34',NULL,'false',516,6,'Si tiene problemas con el link, le sugerimos que copie y pegue el siguiente texto en su navegador:'),(3237,'2008-05-22 10:37:34',NULL,'false',517,6,'OpenMeetings - Nueva Contrasea'),(3238,'2008-05-22 10:37:34',NULL,'false',518,6,'Por favor ingrese una fecha vlida en el formato dd.mm.yyyy Ejemplo: 24.12.2001'),(3239,'2008-05-22 10:37:34',NULL,'false',519,6,'Por favor ingrese una direccin de correo vlida'),(3240,'2008-05-22 10:37:35',NULL,'false',520,6,'Por favor ingrese un nmero decimal. Ejemplo: 1.00 (use punto y no coma)'),(3241,'2008-05-22 10:37:35',NULL,'false',521,6,'Por favor ingrese un nmero entero'),(3242,'2008-05-22 10:37:35',NULL,'false',522,6,'Por favor ingrese un nmero telefnico vlido. Ejemplo: +593 4 3100 100'),(3243,'2008-05-22 10:37:35',NULL,'false',523,6,'Por favor ingrese una hora vlida en el formato hh:mm Ejemplo: 12:23'),(3244,'2008-05-22 10:37:35',NULL,'false',524,6,'Contrasea protegida'),(3245,'2008-05-22 10:37:35',NULL,'false',525,6,'Contrasea'),(3246,'2008-05-22 10:37:35',NULL,'false',526,6,'Perodo de validez'),(3247,'2008-05-22 10:37:35',NULL,'false',527,6,'Interminable'),(3248,'2008-05-22 10:37:35',NULL,'false',528,6,'Perodo'),(3249,'2008-05-22 10:37:35',NULL,'false',529,6,'Una vez'),(3250,'2008-05-22 10:37:35',NULL,'false',530,6,'Vlido desde:'),(3251,'2008-05-22 10:37:35',NULL,'false',531,6,'Vlido hasta:'),(3252,'2008-05-22 10:37:35',NULL,'false',532,6,'Invitacin a OpenMeetings'),(3253,'2008-05-22 10:37:35',NULL,'false',533,6,'No existe una invitacin disponible para este cdigo.'),(3254,'2008-05-22 10:37:35',NULL,'false',534,6,'Esta invitacin ya fue usada y no puede volverse a utilizar.'),(3255,'2008-05-22 10:37:35',NULL,'false',535,6,'El cdigo de invitacin no es vlido.'),(3256,'2008-05-22 10:37:35',NULL,'false',536,6,'Contrasea:'),(3257,'2008-05-22 10:37:35',NULL,'false',537,6,'Verificar contrasea'),(3258,'2008-05-22 10:37:35',NULL,'false',538,6,'Password Incorrecto!'),(3259,'2008-05-22 10:37:35',NULL,'false',539,6,'Browser'),(3260,'2008-05-22 10:37:35',NULL,'false',540,6,'Syncronize Audio/Video'),(3261,'2008-05-22 10:37:35',NULL,'false',541,6,'Login was correct, but the Session you tried is not active or stored on the Server. You have to get a new SessionId and retry login.'),(3262,'2008-05-22 10:37:35',NULL,'false',542,6,'The SessionId is not loggedin or has no Admin rights. The SOAP Gateway needs an User with Admin-Rights to embed new Users.'),(3263,'2008-05-22 10:37:35',NULL,'false',543,6,'This Session has no Remoteuser-Data connected. Wether you did not call the SOAP-Gateway before accessing the Application or you are usnig a wrong Session-ID'),(3264,'2008-05-22 10:37:35',NULL,'false',544,6,'The recorder is currently Beta!'),(3318,'2008-05-22 10:37:37',NULL,'false',54,7,'OK'),(3324,'2008-05-22 10:37:37',NULL,'false',60,7,'OK'),(3383,'2008-05-22 10:37:38',NULL,'false',119,7,'E-Mail:'),(3401,'2008-05-22 10:37:39',NULL,'false',137,7,'E-Mail'),(3490,'2008-05-22 10:37:42',NULL,'false',226,7,'E-Mail'),(3493,'2008-05-22 10:37:42',NULL,'false',229,7,'Loading'),(3494,'2008-05-22 10:37:42',NULL,'false',230,7,'Data loading, please wait!'),(3495,'2008-05-22 10:37:42',NULL,'false',231,7,'Wrong Password'),(3496,'2008-05-22 10:37:42',NULL,'false',232,7,'Please enter two identical passwords with at least 4 characters'),(3497,'2008-05-22 10:37:42',NULL,'false',233,7,'Wrong Mail'),(3498,'2008-05-22 10:37:42',NULL,'false',234,7,'You have entered an invalid Mail-Adress'),(3499,'2008-05-22 10:37:42',NULL,'false',235,7,'Registration Complete'),(3500,'2008-05-22 10:37:42',NULL,'false',236,7,'Your account has been created. You can login now.'),(3501,'2008-05-22 10:37:43',NULL,'false',237,7,'You cannot share your screen at the moment. Somebody else already share\'s its screen.'),(3502,'2008-05-22 10:37:43',NULL,'false',238,7,'Sharing forbidden'),(3503,'2008-05-22 10:37:43',NULL,'false',239,7,'Share your Screen'),(3504,'2008-05-22 10:37:43',NULL,'false',240,7,'Bad Bandwidth: You have not been able to syncronize the Screen. Frames will be dropped. If this Warning is shown often you could ask the moderator to reduce the Quality.'),(3505,'2008-05-22 10:37:43',NULL,'false',241,7,'Screen of:'),(3506,'2008-05-22 10:37:43',NULL,'false',242,7,'Paint'),(3507,'2008-05-22 10:37:43',NULL,'false',243,7,'Document'),(3508,'2008-05-22 10:37:43',NULL,'false',244,7,'Chat'),(3509,'2008-05-22 10:37:43',NULL,'false',245,7,'Files'),(3510,'2008-05-22 10:37:43',NULL,'false',246,7,'Members'),(3511,'2008-05-22 10:37:43',NULL,'false',247,7,'Download original document'),(3512,'2008-05-22 10:37:43',NULL,'false',248,7,'Download pdf document'),(3513,'2008-05-22 10:37:43',NULL,'false',249,7,'Load Presentation to whiteboard'),(3514,'2008-05-22 10:37:43',NULL,'false',250,7,'Configuration'),(3515,'2008-05-22 10:37:43',NULL,'false',251,7,'Drag this Object'),(3516,'2008-05-22 10:37:43',NULL,'false',252,7,'Resize this Object'),(3517,'2008-05-22 10:37:43',NULL,'false',253,7,'%'),(3518,'2008-05-22 10:37:43',NULL,'false',254,7,'of'),(3519,'2008-05-22 10:37:43',NULL,'false',255,7,'Go to first Page'),(3520,'2008-05-22 10:37:43',NULL,'false',256,7,'Go to previous Page'),(3521,'2008-05-22 10:37:43',NULL,'false',257,7,'Go to next Page'),(3522,'2008-05-22 10:37:43',NULL,'false',258,7,'Go to last Page'),(3523,'2008-05-22 10:37:43',NULL,'false',259,7,'Zoom --'),(3524,'2008-05-22 10:37:43',NULL,'false',260,7,'Zoom ++'),(3525,'2008-05-22 10:37:43',NULL,'false',261,7,'Mr.'),(3526,'2008-05-22 10:37:43',NULL,'false',262,7,'Ms.'),(3527,'2008-05-22 10:37:43',NULL,'false',263,7,'Configuration'),(3528,'2008-05-22 10:37:43',NULL,'false',264,7,'ID'),(3529,'2008-05-22 10:37:43',NULL,'false',265,7,'Key'),(3530,'2008-05-22 10:37:43',NULL,'false',266,7,'Configuration'),(3531,'2008-05-22 10:37:43',NULL,'false',267,7,'Key'),(3532,'2008-05-22 10:37:43',NULL,'false',268,7,'last update'),(3533,'2008-05-22 10:37:43',NULL,'false',269,7,'updatedby'),(3534,'2008-05-22 10:37:43',NULL,'false',270,7,'comment'),(3535,'2008-05-22 10:37:43',NULL,'false',271,7,'key'),(3536,'2008-05-22 10:37:43',NULL,'false',272,7,'of'),(3537,'2008-05-22 10:37:43',NULL,'false',273,7,'Users'),(3538,'2008-05-22 10:37:43',NULL,'false',274,7,'delete user from organisation'),(3539,'2008-05-22 10:37:43',NULL,'false',275,7,'delete'),(3540,'2008-05-22 10:37:43',NULL,'false',276,7,'This user is already member of this organisation.'),(3541,'2008-05-22 10:37:43',NULL,'false',277,7,'News'),(3542,'2008-05-22 10:37:43',NULL,'false',278,7,'Quicklinks'),(3543,'2008-05-22 10:37:43',NULL,'false',279,7,'Goto Conference'),(3544,'2008-05-22 10:37:43',NULL,'false',280,7,'Goto Auditorium'),(3545,'2008-05-22 10:37:43',NULL,'false',281,7,'Help and Support'),(3546,'2008-05-22 10:37:43',NULL,'false',282,7,'http://code.google.com/p/openmeetings/'),(3547,'2008-05-22 10:37:43',NULL,'false',283,7,'http://groups.google.com/group/openmeetings-user'),(3548,'2008-05-22 10:37:43',NULL,'false',284,7,'Report a bug!'),(3549,'2008-05-22 10:37:43',NULL,'false',285,7,'more'),(3550,'2008-05-22 10:37:43',NULL,'false',286,7,'Project Website (code.google.com/p/openmeetings/)'),(3551,'2008-05-22 10:37:43',NULL,'false',287,7,'User Mailing List (groups.google.com/group/openmeetings-user)'),(3552,'2008-05-22 10:37:43',NULL,'false',288,7,'Remember Login'),(3553,'2008-05-22 10:37:43',NULL,'false',289,7,'Content'),(3554,'2008-05-22 10:37:43',NULL,'false',290,7,'My Home Page'),(3555,'2008-05-22 10:37:43',NULL,'false',291,7,'My Scheduled Meetings'),(3556,'2008-05-22 10:37:43',NULL,'false',292,7,'My Scheduled Events'),(3557,'2008-05-22 10:37:43',NULL,'false',293,7,'Public Meetings'),(3558,'2008-05-22 10:37:43',NULL,'false',294,7,'Private Meetings'),(3559,'2008-05-22 10:37:43',NULL,'false',295,7,'Public Events'),(3560,'2008-05-22 10:37:43',NULL,'false',296,7,'Private Events'),(3561,'2008-05-22 10:37:43',NULL,'false',297,7,'Public Content'),(3562,'2008-05-22 10:37:43',NULL,'false',298,7,'Private Content'),(3563,'2008-05-22 10:37:43',NULL,'false',299,7,'Personal Content'),(3564,'2008-05-22 10:37:43',NULL,'false',300,7,''),(3565,'2008-05-22 10:37:43',NULL,'false',301,7,'Moderation'),(3566,'2008-05-22 10:37:43',NULL,'false',302,7,'Apply for Moderation'),(3567,'2008-05-22 10:37:43',NULL,'false',303,7,'Polls'),(3568,'2008-05-22 10:37:43',NULL,'false',304,7,'Choose a file'),(3569,'2008-05-22 10:37:43',NULL,'false',305,7,'Settings'),(3570,'2008-05-22 10:37:43',NULL,'false',306,7,'Cam and Mic Settings'),(3571,'2008-05-22 10:37:43',NULL,'false',307,7,'Whiteboard Settings'),(3572,'2008-05-22 10:37:43',NULL,'false',308,7,'Exit'),(3573,'2008-05-22 10:37:44',NULL,'false',309,7,'Back to Rooms'),(3574,'2008-05-22 10:37:44',NULL,'false',310,7,'Logout'),(3575,'2008-05-22 10:37:44',NULL,'false',311,7,'Desktop Viewer'),(3576,'2008-05-22 10:37:44',NULL,'false',312,7,'start Desktop Viewer'),(3577,'2008-05-22 10:37:44',NULL,'false',313,7,'Video and Audio'),(3578,'2008-05-22 10:37:44',NULL,'false',314,7,'Chat'),(3579,'2008-05-22 10:37:44',NULL,'false',315,7,'Whiteboard'),(3580,'2008-05-22 10:37:44',NULL,'false',316,7,'Moderation'),(3581,'2008-05-22 10:37:44',NULL,'false',317,7,'Files'),(3582,'2008-05-22 10:37:44',NULL,'false',318,7,'Users'),(3583,'2008-05-22 10:37:44',NULL,'false',319,7,'Polls'),(3584,'2008-05-22 10:37:44',NULL,'false',320,7,'There is no User connected to this Username'),(3585,'2008-05-22 10:37:44',NULL,'false',321,7,'The email containing a special link has been sent to your email address, please check your mailbox. If you still have not received a email, please adjust your email spam settings and resend confirmation email.'),(3586,'2008-05-22 10:37:44',NULL,'false',322,7,'Error'),(3587,'2008-05-22 10:37:44',NULL,'false',323,7,'Message'),(3588,'2008-05-22 10:37:44',NULL,'false',324,7,'Invalid Hash. No User found.'),(3589,'2008-05-22 10:37:44',NULL,'false',325,7,'Reset Your Password'),(3590,'2008-05-22 10:37:44',NULL,'false',326,7,'Login'),(3591,'2008-05-22 10:37:44',NULL,'false',327,7,'change Password'),(3592,'2008-05-22 10:37:44',NULL,'false',328,7,'new Password'),(3593,'2008-05-22 10:37:44',NULL,'false',329,7,'re-enter Password'),(3594,'2008-05-22 10:37:44',NULL,'false',330,7,'The Passwords you entered weren\'t identical.'),(3595,'2008-05-22 10:37:44',NULL,'false',331,7,'4 or more characters; capitalization matters!'),(3596,'2008-05-22 10:37:44',NULL,'false',332,7,'Password set. You can login now.'),(3597,'2008-05-22 10:37:44',NULL,'false',333,7,'OK'),(3598,'2008-05-22 10:37:44',NULL,'false',334,7,'Unkown Error. Please report this to your Service-Team.'),(3599,'2008-05-22 10:37:44',NULL,'false',335,7,'Username not found'),(3600,'2008-05-22 10:37:44',NULL,'false',336,7,'Invalid Password'),(3601,'2008-05-22 10:37:44',NULL,'false',337,7,'Successfully Logged out'),(3602,'2008-05-22 10:37:44',NULL,'false',338,7,'Frontend Registration disabled.'),(3603,'2008-05-22 10:37:44',NULL,'false',339,7,'Invalid EMail'),(3604,'2008-05-22 10:37:44',NULL,'false',340,7,'duplicate filename, please choose another filename'),(3605,'2008-05-22 10:37:44',NULL,'false',341,7,'filename too short'),(3606,'2008-05-22 10:37:44',NULL,'false',342,7,'Could not save Address'),(3607,'2008-05-22 10:37:44',NULL,'false',343,7,'User added but you need to assign this User to an Organisation, otherwise he won\'t be able to sign-in.'),(3608,'2008-05-22 10:37:44',NULL,'false',344,7,'New Record'),(3609,'2008-05-22 10:37:44',NULL,'false',345,7,'No Field found with this FieldId.'),(3610,'2008-05-22 10:37:44',NULL,'false',346,7,'No Label found for that Field.'),(3611,'2008-05-22 10:37:44',NULL,'false',347,7,'Admin Authorization required'),(3612,'2008-05-22 10:37:44',NULL,'false',348,7,'Language-Editor'),(3613,'2008-05-22 10:37:44',NULL,'false',349,7,'Language'),(3614,'2008-05-22 10:37:44',NULL,'false',350,7,'Label-ID'),(3615,'2008-05-22 10:37:44',NULL,'false',351,7,'Label-Name'),(3616,'2008-05-22 10:37:44',NULL,'false',352,7,'Value'),(3617,'2008-05-22 10:37:44',NULL,'false',353,7,'Fieldvalues'),(3618,'2008-05-22 10:37:44',NULL,'false',354,7,'LabelName'),(3619,'2008-05-22 10:37:44',NULL,'false',355,7,'LabelValue'),(3620,'2008-05-22 10:37:44',NULL,'false',356,7,'Label-ID'),(3621,'2008-05-22 10:37:44',NULL,'false',357,7,'You did only delete the Label NOT the Field! You cannot delete the Field, it may has Labels in other Languages.'),(3622,'2008-05-22 10:37:44',NULL,'false',358,7,'Invalid Labelid. The FieldLanguagesvalues_Id cannot be found in the database.'),(3623,'2008-05-22 10:37:44',NULL,'false',359,7,'You cannot delete this Field. You can only delete Labels NOT Fields. There is no Label loaded at the moment, wether it is not selected any Field or there is no Label for this Language for that Field defined.'),(3624,'2008-05-22 10:37:44',NULL,'false',360,7,'export'),(3625,'2008-05-22 10:37:44',NULL,'false',361,7,'You need to logout to see any changes.'),(3626,'2008-05-22 10:37:44',NULL,'false',362,7,'Add new language'),(3627,'2008-05-22 10:37:44',NULL,'false',363,7,'delete language'),(3628,'2008-05-22 10:37:44',NULL,'false',364,7,'Add new language'),(3629,'2008-05-22 10:37:44',NULL,'false',365,7,'Name'),(3630,'2008-05-22 10:37:44',NULL,'false',366,7,'add language'),(3631,'2008-05-22 10:37:44',NULL,'false',367,7,'Backup'),(3632,'2008-05-22 10:37:44',NULL,'false',368,7,'goto first'),(3633,'2008-05-22 10:37:45',NULL,'false',369,7,'goto previous'),(3634,'2008-05-22 10:37:45',NULL,'false',370,7,'goto next'),(3635,'2008-05-22 10:37:45',NULL,'false',371,7,'goto last'),(3636,'2008-05-22 10:37:45',NULL,'false',372,7,'user speaks'),(3637,'2008-05-22 10:37:45',NULL,'false',373,7,'turn sound on/off'),(3638,'2008-05-22 10:37:45',NULL,'false',374,7,'System'),(3639,'2008-05-22 10:37:45',NULL,'false',375,7,'Your Settings'),(3640,'2008-05-22 10:37:45',NULL,'false',376,7,'hi,'),(3641,'2008-05-22 10:37:45',NULL,'false',377,7,'Edit your profile'),(3642,'2008-05-22 10:37:45',NULL,'false',378,7,'New Messages:'),(3643,'2008-05-22 10:37:45',NULL,'false',379,7,'Upload new Image'),(3644,'2008-05-22 10:37:45',NULL,'false',380,7,'Userdata - Export'),(3645,'2008-05-22 10:37:45',NULL,'false',381,7,'All organisations must be already existing!'),(3646,'2008-05-22 10:37:45',NULL,'false',382,7,'start export'),(3647,'2008-05-22 10:37:45',NULL,'false',383,7,'By organisation'),(3648,'2008-05-22 10:37:45',NULL,'false',384,7,'start export'),(3649,'2008-05-22 10:37:45',NULL,'false',385,7,'Userdata - Import'),(3650,'2008-05-22 10:37:45',NULL,'false',386,7,'choose users.xml'),(3651,'2008-05-22 10:37:45',NULL,'false',387,7,'import'),(3652,'2008-05-22 10:37:45',NULL,'false',388,7,'Export to XML - These files can be used to: \n		- Contribute to the project \n		- Import into another System \n		- Backup \n		- Customization \n		- Put it into the language-directory for your next installation'),(3653,'2008-05-22 10:37:45',NULL,'false',389,7,'Choose a language file to import. Choose the right Langauge from the Combobox! \n		No matter what the name of the file is, it will be imported into this language!'),(3654,'2008-05-22 10:37:45',NULL,'false',390,7,'import - choose file'),(3655,'2008-05-22 10:37:45',NULL,'false',391,7,'Save as'),(3656,'2008-05-22 10:37:45',NULL,'false',392,7,'Name:'),(3657,'2008-05-22 10:37:45',NULL,'false',393,7,'Comment:'),(3658,'2008-05-22 10:37:45',NULL,'false',394,7,'save'),(3659,'2008-05-22 10:37:45',NULL,'false',395,7,'Recordings'),(3660,'2008-05-22 10:37:45',NULL,'false',396,7,'Recordings Viewer'),(3661,'2008-05-22 10:37:45',NULL,'false',397,7,'Recordings of public and private Rooms'),(3662,'2008-05-22 10:37:45',NULL,'false',398,7,'Users :'),(3663,'2008-05-22 10:37:45',NULL,'false',399,7,'Joined:'),(3664,'2008-05-22 10:37:45',NULL,'false',400,7,''),(3665,'2008-05-22 10:37:45',NULL,'false',401,7,'Users in this Room:'),(3666,'2008-05-22 10:37:45',NULL,'false',402,7,'refresh'),(3667,'2008-05-22 10:37:45',NULL,'false',403,7,'This Room is Full. Try again in a few minutes.'),(3668,'2008-05-22 10:37:45',NULL,'false',404,7,'click on a room to get details'),(3669,'2008-05-22 10:37:45',NULL,'false',405,7,'Chat with the users in this Room:'),(3670,'2008-05-22 10:37:45',NULL,'false',406,7,'Room:'),(3671,'2008-05-22 10:37:45',NULL,'false',407,7,'Users in this room:'),(3672,'2008-05-22 10:37:45',NULL,'false',408,7,'since:'),(3673,'2008-05-22 10:37:45',NULL,'false',409,7,'play recording'),(3674,'2008-05-22 10:37:45',NULL,'false',410,7,'Length:'),(3675,'2008-05-22 10:37:45',NULL,'false',411,7,'Date:'),(3676,'2008-05-22 10:37:45',NULL,'false',412,7,'Recorder Mode! You cannot change any values, this is a recorded File!'),(3677,'2008-05-22 10:37:45',NULL,'false',413,7,'Play this recording'),(3678,'2008-05-22 10:37:45',NULL,'false',414,7,'Play / Pause'),(3679,'2008-05-22 10:37:45',NULL,'false',415,7,'Start recording'),(3680,'2008-05-22 10:37:45',NULL,'false',416,7,'stop recording'),(3681,'2008-05-22 10:37:45',NULL,'false',417,7,'Recording:'),(3682,'2008-05-22 10:37:45',NULL,'false',418,7,'There is already somebody recording at the moment:'),(3683,'2008-05-22 10:37:45',NULL,'false',419,7,'Recording! By User:'),(3684,'2008-05-22 10:37:45',NULL,'false',420,7,'cancel'),(3685,'2008-05-22 10:37:45',NULL,'false',421,7,'Recording will be canceled and not saved.'),(3686,'2008-05-22 10:37:45',NULL,'false',422,7,'resume'),(3687,'2008-05-22 10:37:45',NULL,'false',423,7,'Close this window and resume recording'),(3688,'2008-05-22 10:37:45',NULL,'false',424,7,'change Linecolor'),(3689,'2008-05-22 10:37:45',NULL,'false',425,7,'Choose Color'),(3690,'2008-05-22 10:37:45',NULL,'false',426,7,'Disable / Enable Linecolor'),(3691,'2008-05-22 10:37:45',NULL,'false',427,7,'change Fillcolor'),(3692,'2008-05-22 10:37:45',NULL,'false',428,7,'Disable / Enable Fillcolor'),(3693,'2008-05-22 10:37:45',NULL,'false',429,7,'Change Linewidth'),(3694,'2008-05-22 10:37:45',NULL,'false',430,7,'close'),(3695,'2008-05-22 10:37:45',NULL,'false',431,7,'change Fontsize'),(3696,'2008-05-22 10:37:46',NULL,'false',432,7,'Delete Recording'),(3697,'2008-05-22 10:37:46',NULL,'false',433,7,'Guest'),(3698,'2008-05-22 10:37:46',NULL,'false',434,7,'By:'),(3699,'2008-05-22 10:37:46',NULL,'false',435,7,'Name'),(3700,'2008-05-22 10:37:46',NULL,'false',436,7,'Room'),(3701,'2008-05-22 10:37:46',NULL,'false',437,7,'Date'),(3702,'2008-05-22 10:37:46',NULL,'false',438,7,'cancel'),(3703,'2008-05-22 10:37:46',NULL,'false',439,7,'start'),(3704,'2008-05-22 10:37:46',NULL,'false',440,7,'Name'),(3705,'2008-05-22 10:37:46',NULL,'false',441,7,'Date'),(3706,'2008-05-22 10:37:46',NULL,'false',442,7,'Delete Server-Chatlog'),(3707,'2008-05-22 10:37:46',NULL,'false',443,7,'Chat'),(3708,'2008-05-22 10:37:46',NULL,'false',444,7,'send message'),(3709,'2008-05-22 10:37:46',NULL,'false',445,7,'Emoticons'),(3710,'2008-05-22 10:37:46',NULL,'false',446,7,'Emoticons'),(3711,'2008-05-22 10:37:46',NULL,'false',447,7,'Choose Published Devices'),(3712,'2008-05-22 10:37:46',NULL,'false',448,7,'Audio and Video'),(3713,'2008-05-22 10:37:46',NULL,'false',449,7,'Audio only'),(3714,'2008-05-22 10:37:46',NULL,'false',450,7,'Video only'),(3715,'2008-05-22 10:37:46',NULL,'false',451,7,'no Audio/Video (static Image)'),(3716,'2008-05-22 10:37:46',NULL,'false',452,7,'No Audio/Video from your PC will be published, instead of that a picture from your profile will be shown. Choose these settings if you have problems with your bandwidth or a very slow Internet connection.'),(3717,'2008-05-22 10:37:46',NULL,'false',453,7,'MO'),(3718,'2008-05-22 10:37:46',NULL,'false',454,7,'TU'),(3719,'2008-05-22 10:37:46',NULL,'false',455,7,'WE'),(3720,'2008-05-22 10:37:46',NULL,'false',456,7,'TH'),(3721,'2008-05-22 10:37:46',NULL,'false',457,7,'FR'),(3722,'2008-05-22 10:37:46',NULL,'false',458,7,'SA'),(3723,'2008-05-22 10:37:46',NULL,'false',459,7,'SU'),(3724,'2008-05-22 10:37:46',NULL,'false',460,7,'Monday'),(3725,'2008-05-22 10:37:46',NULL,'false',461,7,'Tuesday'),(3726,'2008-05-22 10:37:46',NULL,'false',462,7,'Wednesday'),(3727,'2008-05-22 10:37:46',NULL,'false',463,7,'Thursday'),(3728,'2008-05-22 10:37:46',NULL,'false',464,7,'Friday'),(3729,'2008-05-22 10:37:46',NULL,'false',465,7,'Saturday'),(3730,'2008-05-22 10:37:46',NULL,'false',466,7,'Sunday'),(3731,'2008-05-22 10:37:46',NULL,'false',467,7,'CW'),(3732,'2008-05-22 10:37:46',NULL,'false',468,7,'Calendar week'),(3733,'2008-05-22 10:37:46',NULL,'false',469,7,'January'),(3734,'2008-05-22 10:37:46',NULL,'false',470,7,'February'),(3735,'2008-05-22 10:37:46',NULL,'false',471,7,'March'),(3736,'2008-05-22 10:37:46',NULL,'false',472,7,'April'),(3737,'2008-05-22 10:37:46',NULL,'false',473,7,'May'),(3738,'2008-05-22 10:37:46',NULL,'false',474,7,'June'),(3739,'2008-05-22 10:37:46',NULL,'false',475,7,'July'),(3740,'2008-05-22 10:37:46',NULL,'false',476,7,'August'),(3741,'2008-05-22 10:37:46',NULL,'false',477,7,'September'),(3742,'2008-05-22 10:37:46',NULL,'false',478,7,'October'),(3743,'2008-05-22 10:37:46',NULL,'false',479,7,'November'),(3744,'2008-05-22 10:37:46',NULL,'false',480,7,'December'),(3745,'2008-05-22 10:37:46',NULL,'false',481,7,'Calendar'),(3746,'2008-05-22 10:37:46',NULL,'false',482,7,'Participants'),(3747,'2008-05-22 10:37:46',NULL,'false',483,7,'Show Layout Settings'),(3748,'2008-05-22 10:37:46',NULL,'false',484,7,'X | Y'),(3749,'2008-05-22 10:37:46',NULL,'false',485,7,'Width | Height'),(3750,'2008-05-22 10:37:46',NULL,'false',486,7,'Video-Container'),(3751,'2008-05-22 10:37:46',NULL,'false',487,7,'Moderation-Container'),(3752,'2008-05-22 10:37:46',NULL,'false',488,7,'X'),(3753,'2008-05-22 10:37:46',NULL,'false',489,7,'Whiteboard-Container'),(3754,'2008-05-22 10:37:46',NULL,'false',490,7,'Enabled'),(3755,'2008-05-22 10:37:46',NULL,'false',491,7,'X | Y'),(3756,'2008-05-22 10:37:47',NULL,'false',492,7,'Width | Height'),(3757,'2008-05-22 10:37:47',NULL,'false',493,7,'Files,Chat,Partizipants - Container'),(3758,'2008-05-22 10:37:47',NULL,'false',494,7,'Enabled'),(3759,'2008-05-22 10:37:47',NULL,'false',495,7,'X |Y'),(3760,'2008-05-22 10:37:47',NULL,'false',496,7,'Width | Height'),(3761,'2008-05-22 10:37:47',NULL,'false',497,7,'The Moderator has left the Room. No one is presenting at the Moment. You could apply for Moderation or wait.'),(3762,'2008-05-22 10:37:47',NULL,'false',498,7,'There is no Moderator in this Room, but there are some Participants. You have to apply for Moderation or wait.'),(3763,'2008-05-22 10:37:47',NULL,'false',499,7,'Feedback OpenMeetings'),(3764,'2008-05-22 10:37:47',NULL,'false',500,7,'OpenMeetings - Invitation'),(3765,'2008-05-22 10:37:47',NULL,'false',501,7,'Message from User:'),(3766,'2008-05-22 10:37:47',NULL,'false',502,7,'Message:'),(3767,'2008-05-22 10:37:47',NULL,'false',503,7,'Click this link to participate in the Meetings:'),(3768,'2008-05-22 10:37:47',NULL,'false',504,7,'Click here to enter room'),(3769,'2008-05-22 10:37:47',NULL,'false',505,7,'if you have problems with the link, please copy and paste this to your browser:'),(3770,'2008-05-22 10:37:47',NULL,'false',506,7,'OpenMeetings SignUp'),(3771,'2008-05-22 10:37:47',NULL,'false',507,7,'Your userdata:'),(3772,'2008-05-22 10:37:47',NULL,'false',508,7,'Login:'),(3773,'2008-05-22 10:37:47',NULL,'false',509,7,'Pass:'),(3774,'2008-05-22 10:37:47',NULL,'false',510,7,'EMail:'),(3775,'2008-05-22 10:37:47',NULL,'false',511,7,'OpenMeetings-Team'),(3776,'2008-05-22 10:37:47',NULL,'false',512,7,'OpenMeetings Sign-Up'),(3777,'2008-05-22 10:37:47',NULL,'false',513,7,'OpenMeetings - Reset Password'),(3778,'2008-05-22 10:37:47',NULL,'false',514,7,'Click on this link to enter a new password:'),(3779,'2008-05-22 10:37:47',NULL,'false',515,7,'Click here to enter a new Password'),(3780,'2008-05-22 10:37:47',NULL,'false',516,7,'if you have problems with the link, please copy and paste this to your browser:'),(3781,'2008-05-22 10:37:47',NULL,'false',517,7,'OpenMeetings Password Reset'),(3782,'2008-05-22 10:37:47',NULL,'false',518,7,'Please enter a valid Date, for example 24.12.2001 (dd.mm.yyyy)'),(3783,'2008-05-22 10:37:47',NULL,'false',519,7,'Please enter a valid EMail, for example name@mail.com'),(3784,'2008-05-22 10:37:47',NULL,'false',520,7,'Please enter a Float-Number, for example 1.00'),(3785,'2008-05-22 10:37:47',NULL,'false',521,7,'Please enter a Number (Integer), for example 100'),(3786,'2008-05-22 10:37:47',NULL,'false',522,7,'Please enter a valid Phone number, for example ++49 0123 123123'),(3787,'2008-05-22 10:37:47',NULL,'false',523,7,'Please enter a valid time, for example 12:23 (hh:mm)'),(3788,'2008-05-22 10:37:47',NULL,'false',524,7,'Passwort protected'),(3789,'2008-05-22 10:37:47',NULL,'false',525,7,'Password'),(3790,'2008-05-22 10:37:47',NULL,'false',526,7,'Validity period'),(3791,'2008-05-22 10:37:47',NULL,'false',527,7,'Endless'),(3792,'2008-05-22 10:37:47',NULL,'false',528,7,'Period'),(3793,'2008-05-22 10:37:47',NULL,'false',529,7,'One-Time'),(3794,'2008-05-22 10:37:47',NULL,'false',530,7,'Valid From:'),(3795,'2008-05-22 10:37:47',NULL,'false',531,7,'Valid to:'),(3796,'2008-05-22 10:37:47',NULL,'false',532,7,'Invitation To OpenMeetings'),(3797,'2008-05-22 10:37:47',NULL,'false',533,7,'Not Invitation availible for this Invitation-Code'),(3798,'2008-05-22 10:37:47',NULL,'false',534,7,'The Invitation was already used. This type of Invitation cannot be re-used.'),(3799,'2008-05-22 10:37:47',NULL,'false',535,7,'This Invitation-Code is not valid.'),(3800,'2008-05-22 10:37:47',NULL,'false',536,7,'Password:'),(3801,'2008-05-22 10:37:47',NULL,'false',537,7,'Check Password'),(3802,'2008-05-22 10:37:47',NULL,'false',538,7,'Invalid Password!'),(3803,'2008-05-22 10:37:47',NULL,'false',539,7,'Browser'),(3804,'2008-05-22 10:37:47',NULL,'false',540,7,'Syncronize Audio/Video'),(3805,'2008-05-22 10:37:47',NULL,'false',541,7,'Login was correct, but the Session you tried is not active or stored on the Server. You have to get a new SessionId and retry login.'),(3806,'2008-05-22 10:37:47',NULL,'false',542,7,'The SessionId is not loggedin or has no Admin rights. The SOAP Gateway needs an User with Admin-Rights to embed new Users.'),(3807,'2008-05-22 10:37:47',NULL,'false',543,7,'This Session has no Remoteuser-Data connected. Wether you did not call the SOAP-Gateway before accessing the Application or you are usnig a wrong Session-ID'),(3808,'2008-05-22 10:37:47',NULL,'false',544,7,'The recorder is currently Beta!'),(3809,'2008-05-22 10:37:48',NULL,'false',1,8,'Konferens'),(3810,'2008-05-22 10:37:48',NULL,'false',2,8,'Mte'),(3811,'2008-05-22 10:37:48',NULL,'false',3,8,'Klassrum'),(3812,'2008-05-22 10:37:48',NULL,'false',4,8,'Instllningar'),(3813,'2008-05-22 10:37:48',NULL,'false',5,8,'Anvndare'),(3814,'2008-05-22 10:37:48',NULL,'false',6,8,'Administration'),(3815,'2008-05-22 10:37:48',NULL,'false',7,8,'Stopp'),(3816,'2008-05-22 10:37:48',NULL,'false',8,8,'Spela in'),(3817,'2008-05-22 10:37:48',NULL,'false',9,8,'Ingen fil tillgnglig'),(3818,'2008-05-22 10:37:48',NULL,'false',10,8,'Inspelad av lrare'),(3819,'2008-05-22 10:37:48',NULL,'false',11,8,'Anslutna anvndare:'),(3820,'2008-05-22 10:37:48',NULL,'false',12,8,'Starta en konferens'),(3821,'2008-05-22 10:37:48',NULL,'false',13,8,'Mitt namn'),(3822,'2008-05-22 10:37:48',NULL,'false',14,8,'Videokonferens'),(3823,'2008-05-22 10:37:48',NULL,'false',15,8,'Importera Presentation'),(3824,'2008-05-22 10:37:48',NULL,'false',16,8,'Uppdatera lista'),(3825,'2008-05-22 10:37:48',NULL,'false',17,8,'Till huvudfil'),(3826,'2008-05-22 10:37:48',NULL,'false',18,8,'ny rstning'),(3827,'2008-05-22 10:37:48',NULL,'false',19,8,'En ny rstning fr konferensen.'),(3828,'2008-05-22 10:37:48',NULL,'false',20,8,'Frga:'),(3829,'2008-05-22 10:37:48',NULL,'false',21,8,'Typ av rstning:'),(3830,'2008-05-22 10:37:48',NULL,'false',22,8,'Skapa'),(3831,'2008-05-22 10:37:48',NULL,'false',23,8,'Info: Varje ansluten anvndare fr ett meddelande med den nya rstningen.'),(3832,'2008-05-22 10:37:48',NULL,'false',24,8,'Skapa en rstning'),(3833,'2008-05-22 10:37:48',NULL,'false',25,8,'Avbryt'),(3834,'2008-05-22 10:37:48',NULL,'false',26,8,'Ja/Nej'),(3835,'2008-05-22 10:37:48',NULL,'false',27,8,'Numerisk 1-10'),(3836,'2008-05-22 10:37:48',NULL,'false',28,8,'Rst'),(3837,'2008-05-22 10:37:48',NULL,'false',29,8,'Mste vara Moderator fr att skapa en frga'),(3838,'2008-05-22 10:37:48',NULL,'false',30,8,'Din rst r mottagen.'),(3839,'2008-05-22 10:37:48',NULL,'false',31,8,'Du har redan rstat i denna rstning.'),(3840,'2008-05-22 10:37:48',NULL,'false',32,8,'Rsta !'),(3841,'2008-05-22 10:37:48',NULL,'false',33,8,'Din respons:'),(3842,'2008-05-22 10:37:48',NULL,'false',34,8,'Ja'),(3843,'2008-05-22 10:37:48',NULL,'false',35,8,'Nej'),(3844,'2008-05-22 10:37:48',NULL,'false',36,8,'vill veta:'),(3845,'2008-05-22 10:37:48',NULL,'false',37,8,'Rstnings resultat'),(3846,'2008-05-22 10:37:48',NULL,'false',38,8,'Frga:'),(3847,'2008-05-22 10:37:48',NULL,'false',39,8,'Resultat:'),(3848,'2008-05-22 10:37:48',NULL,'false',40,8,'Svar:'),(3849,'2008-05-22 10:37:48',NULL,'false',41,8,'Inga nya rstningar har startat.'),(3850,'2008-05-22 10:37:48',NULL,'false',42,8,'Rsta!'),(3851,'2008-05-22 10:37:48',NULL,'false',43,8,'Mte (max 4 platser)'),(3852,'2008-05-22 10:37:48',NULL,'false',44,8,'Konferens (max 50 platser)'),(3853,'2008-05-22 10:37:48',NULL,'false',45,8,'Typ'),(3854,'2008-05-22 10:37:48',NULL,'false',46,8,'Andra platser'),(3855,'2008-05-22 10:37:48',NULL,'false',47,8,'Redan valt'),(3856,'2008-05-22 10:37:48',NULL,'false',48,8,'Stig in'),(3857,'2008-05-22 10:37:48',NULL,'false',49,8,'Moderatorn har lmnat mtet.'),(3858,'2008-05-22 10:37:48',NULL,'false',50,8,'Systeminformation'),(3859,'2008-05-22 10:37:48',NULL,'false',51,8,'Vlj utrustning'),(3860,'2008-05-22 10:37:48',NULL,'false',52,8,'Vlj webcam:'),(3861,'2008-05-22 10:37:49',NULL,'false',53,8,'Vlj mikrofon:'),(3862,'2008-05-22 10:37:49',NULL,'false',54,8,'ok'),(3863,'2008-05-22 10:37:49',NULL,'false',55,8,'Avbryt'),(3864,'2008-05-22 10:37:49',NULL,'false',56,8,'teranslut.'),(3865,'2008-05-22 10:37:49',NULL,'false',57,8,'ndra setup.'),(3866,'2008-05-22 10:37:49',NULL,'false',58,8,'Kurs:'),(3867,'2008-05-22 10:37:49',NULL,'false',59,8,'Sprk:'),(3868,'2008-05-22 10:37:49',NULL,'false',60,8,'Ok'),(3869,'2008-05-22 10:37:49',NULL,'false',61,8,'Avbryt'),(3870,'2008-05-22 10:37:49',NULL,'false',62,8,'Rensa skrivbordet'),(3871,'2008-05-22 10:37:49',NULL,'false',63,8,'Vill du att skrivbordet skall rensas innan du lgger till en ny bild?'),(3872,'2008-05-22 10:37:49',NULL,'false',64,8,'Frga inte igen'),(3873,'2008-05-22 10:37:49',NULL,'false',65,8,'Nej'),(3874,'2008-05-22 10:37:49',NULL,'false',66,8,'ndra setup'),(3875,'2008-05-22 10:37:49',NULL,'false',67,8,'Frga innan skrivbordet tms?.'),(3876,'2008-05-22 10:37:49',NULL,'false',68,8,'Anvndar Info'),(3877,'2008-05-22 10:37:49',NULL,'false',69,8,'Rensa ritomrdet'),(3878,'2008-05-22 10:37:49',NULL,'false',70,8,'ngra'),(3879,'2008-05-22 10:37:49',NULL,'false',71,8,'Redo'),(3880,'2008-05-22 10:37:49',NULL,'false',72,8,'Vlj ett objekt'),(3881,'2008-05-22 10:37:49',NULL,'false',73,8,'Text'),(3882,'2008-05-22 10:37:49',NULL,'false',74,8,'Mla'),(3883,'2008-05-22 10:37:49',NULL,'false',75,8,'Rita linje'),(3884,'2008-05-22 10:37:49',NULL,'false',76,8,'Rita understrykning'),(3885,'2008-05-22 10:37:49',NULL,'false',77,8,'Rektangel'),(3886,'2008-05-22 10:37:49',NULL,'false',78,8,'Ellips'),(3887,'2008-05-22 10:37:49',NULL,'false',79,8,'Pil'),(3888,'2008-05-22 10:37:49',NULL,'false',80,8,'radera valt objekt'),(3889,'2008-05-22 10:37:49',NULL,'false',81,8,'Lgg till fr moderation'),(3890,'2008-05-22 10:37:49',NULL,'false',82,8,'Lgg till'),(3891,'2008-05-22 10:37:49',NULL,'false',83,8,'Avbryt'),(3892,'2008-05-22 10:37:49',NULL,'false',84,8,'Bli moderator'),(3893,'2008-05-22 10:37:49',NULL,'false',85,8,'Stng'),(3894,'2008-05-22 10:37:49',NULL,'false',86,8,'italic'),(3895,'2008-05-22 10:37:49',NULL,'false',87,8,'fet'),(3896,'2008-05-22 10:37:49',NULL,'false',88,8,'VNTAR'),(3897,'2008-05-22 10:37:49',NULL,'false',89,8,'En anvndare vntar fr att bli moderator:'),(3898,'2008-05-22 10:37:49',NULL,'false',90,8,'Acceptera'),(3899,'2008-05-22 10:37:49',NULL,'false',91,8,'Neka'),(3900,'2008-05-22 10:37:49',NULL,'false',92,8,'Avbryt'),(3901,'2008-05-22 10:37:49',NULL,'false',93,8,'Skicka frga till fljande anvndare'),(3902,'2008-05-22 10:37:49',NULL,'false',94,8,'Accepterad'),(3903,'2008-05-22 10:37:49',NULL,'false',95,8,'Nekad'),(3904,'2008-05-22 10:37:49',NULL,'false',96,8,'ndra moderator'),(3905,'2008-05-22 10:37:49',NULL,'false',97,8,'Du r inte moderator i denna kurs!'),(3906,'2008-05-22 10:37:49',NULL,'false',98,8,'Moderator:'),(3907,'2008-05-22 10:37:49',NULL,'false',99,8,'Rummet r fullt. Frsk igen senare.'),(3908,'2008-05-22 10:37:49',NULL,'false',100,8,'Ellips'),(3909,'2008-05-22 10:37:49',NULL,'false',101,8,'Stng'),(3910,'2008-05-22 10:37:49',NULL,'false',102,8,'Fel data angivet'),(3911,'2008-05-22 10:37:49',NULL,'false',103,8,'Anvndarnamnet mste innehlla minst 4 tecken'),(3912,'2008-05-22 10:37:49',NULL,'false',104,8,'Lsenordet mste innehlla minst 4 tecken'),(3913,'2008-05-22 10:37:49',NULL,'false',105,8,'Anvndarnamnet r redan anvnt'),(3914,'2008-05-22 10:37:50',NULL,'false',106,8,'Denna epost r redan anvnd'),(3915,'2008-05-22 10:37:50',NULL,'false',107,8,'Systemfel kontakta systemadmin'),(3916,'2008-05-22 10:37:50',NULL,'false',108,8,'Logga in'),(3917,'2008-05-22 10:37:50',NULL,'false',109,8,'Anvndare:'),(3918,'2008-05-22 10:37:50',NULL,'false',110,8,'Lsen:'),(3919,'2008-05-22 10:37:50',NULL,'false',111,8,'Sprk'),(3920,'2008-05-22 10:37:50',NULL,'false',112,8,'Login'),(3921,'2008-05-22 10:37:50',NULL,'false',113,8,'Registrera'),(3922,'2008-05-22 10:37:50',NULL,'false',114,8,'Anvndare:'),(3923,'2008-05-22 10:37:50',NULL,'false',115,8,'Lsen:'),(3924,'2008-05-22 10:37:50',NULL,'false',116,8,'Lsen igen:'),(3925,'2008-05-22 10:37:50',NULL,'false',117,8,'Frnamn:'),(3926,'2008-05-22 10:37:50',NULL,'false',118,8,'Efternamn:'),(3927,'2008-05-22 10:37:50',NULL,'false',119,8,'Epost:'),(3928,'2008-05-22 10:37:50',NULL,'false',120,8,'Land:'),(3929,'2008-05-22 10:37:50',NULL,'false',121,8,'Registrera'),(3930,'2008-05-22 10:37:50',NULL,'false',122,8,'Avbryt'),(3931,'2008-05-22 10:37:50',NULL,'false',123,8,'Registrera'),(3932,'2008-05-22 10:37:50',NULL,'false',124,8,'Hem'),(3933,'2008-05-22 10:37:50',NULL,'false',125,8,'Anvndare'),(3934,'2008-05-22 10:37:50',NULL,'false',126,8,'Grupper'),(3935,'2008-05-22 10:37:50',NULL,'false',127,8,'Organisationer'),(3936,'2008-05-22 10:37:50',NULL,'false',128,8,'Konferensrum'),(3937,'2008-05-22 10:37:50',NULL,'false',129,8,'Publik'),(3938,'2008-05-22 10:37:50',NULL,'false',130,8,'Organisation'),(3939,'2008-05-22 10:37:50',NULL,'false',131,8,'Stig in'),(3940,'2008-05-22 10:37:50',NULL,'false',132,8,'Logga in'),(3941,'2008-05-22 10:37:50',NULL,'false',133,8,'Lsenord'),(3942,'2008-05-22 10:37:50',NULL,'false',134,8,'Lsenord igen'),(3943,'2008-05-22 10:37:50',NULL,'false',135,8,'Frnamn'),(3944,'2008-05-22 10:37:50',NULL,'false',136,8,'Efternamn'),(3945,'2008-05-22 10:37:50',NULL,'false',137,8,'Epost'),(3946,'2008-05-22 10:37:50',NULL,'false',138,8,'Personnummer'),(3947,'2008-05-22 10:37:50',NULL,'false',139,8,'Gata/nr'),(3948,'2008-05-22 10:37:50',NULL,'false',140,8,'Pnr/Stad'),(3949,'2008-05-22 10:37:50',NULL,'false',141,8,'Land'),(3950,'2008-05-22 10:37:50',NULL,'false',142,8,'Adress-Info'),(3951,'2008-05-22 10:37:50',NULL,'false',143,8,'Anvndardata'),(3952,'2008-05-22 10:37:50',NULL,'false',144,8,'Spara'),(3953,'2008-05-22 10:37:50',NULL,'false',145,8,'Spara'),(3954,'2008-05-22 10:37:50',NULL,'false',146,8,'Anvndar-ID'),(3955,'2008-05-22 10:37:50',NULL,'false',147,8,'Logga in'),(3956,'2008-05-22 10:37:50',NULL,'false',148,8,'Frnamn'),(3957,'2008-05-22 10:37:50',NULL,'false',149,8,'Efternamn'),(3958,'2008-05-22 10:37:50',NULL,'false',150,8,'Visa nsta'),(3959,'2008-05-22 10:37:50',NULL,'false',151,8,'Visa fre'),(3960,'2008-05-22 10:37:50',NULL,'false',152,8,'Radera innehll'),(3961,'2008-05-22 10:37:50',NULL,'false',153,8,'Avbryt'),(3962,'2008-05-22 10:37:50',NULL,'false',154,8,'Radera'),(3963,'2008-05-22 10:37:50',NULL,'false',155,8,'Nytt innehll'),(3964,'2008-05-22 10:37:50',NULL,'false',156,8,'Uppdatera innehll'),(3965,'2008-05-22 10:37:50',NULL,'false',157,8,'Radera innehll'),(3966,'2008-05-22 10:37:51',NULL,'false',158,8,'Status'),(3967,'2008-05-22 10:37:51',NULL,'false',159,8,'Ej tillgnglig'),(3968,'2008-05-22 10:37:51',NULL,'false',160,8,'Tillgnglig'),(3969,'2008-05-22 10:37:51',NULL,'false',161,8,'Organisation'),(3970,'2008-05-22 10:37:51',NULL,'false',162,8,'Kalender'),(3971,'2008-05-22 10:37:51',NULL,'false',163,8,'Stng'),(3972,'2008-05-22 10:37:51',NULL,'false',164,8,'Organisation-ID'),(3973,'2008-05-22 10:37:51',NULL,'false',165,8,'Namn'),(3974,'2008-05-22 10:37:51',NULL,'false',166,8,'anvndare'),(3975,'2008-05-22 10:37:51',NULL,'false',167,8,'mod'),(3976,'2008-05-22 10:37:51',NULL,'false',168,8,'Admin'),(3977,'2008-05-22 10:37:51',NULL,'false',169,8,'Anvndarniv'),(3978,'2008-05-22 10:37:51',NULL,'false',170,8,'Organisation'),(3979,'2008-05-22 10:37:51',NULL,'false',171,8,'Namn'),(3980,'2008-05-22 10:37:51',NULL,'false',172,8,'Lgg till organisation'),(3981,'2008-05-22 10:37:51',NULL,'false',173,8,'Lgg till organisation'),(3982,'2008-05-22 10:37:51',NULL,'false',174,8,'Avbryt'),(3983,'2008-05-22 10:37:51',NULL,'false',175,8,'Lgg till'),(3984,'2008-05-22 10:37:51',NULL,'false',176,8,'Ta bort organisation'),(3985,'2008-05-22 10:37:51',NULL,'false',177,8,'Anvndare'),(3986,'2008-05-22 10:37:51',NULL,'false',178,8,'Lgg till anvndare'),(3987,'2008-05-22 10:37:51',NULL,'false',179,8,'Radera anvndare'),(3988,'2008-05-22 10:37:51',NULL,'false',180,8,'Lgg till anvndare'),(3989,'2008-05-22 10:37:51',NULL,'false',181,8,'Sk anvndare'),(3990,'2008-05-22 10:37:51',NULL,'false',182,8,'sk'),(3991,'2008-05-22 10:37:51',NULL,'false',183,8,'Anvndare'),(3992,'2008-05-22 10:37:51',NULL,'false',184,8,'Organisation'),(3993,'2008-05-22 10:37:51',NULL,'false',185,8,'Stig in'),(3994,'2008-05-22 10:37:51',NULL,'false',186,8,'Konferensrum'),(3995,'2008-05-22 10:37:51',NULL,'false',187,8,'Konferensrum'),(3996,'2008-05-22 10:37:51',NULL,'false',188,8,'Id'),(3997,'2008-05-22 10:37:51',NULL,'false',189,8,'Namn'),(3998,'2008-05-22 10:37:51',NULL,'false',190,8,'Publik'),(3999,'2008-05-22 10:37:51',NULL,'false',191,8,'Organisationer'),(4000,'2008-05-22 10:37:51',NULL,'false',192,8,'Konferensrum'),(4001,'2008-05-22 10:37:51',NULL,'false',193,8,'Namn'),(4002,'2008-05-22 10:37:51',NULL,'false',194,8,'Typ'),(4003,'2008-05-22 10:37:51',NULL,'false',195,8,'Publik'),(4004,'2008-05-22 10:37:51',NULL,'false',196,8,'Kommentar'),(4005,'2008-05-22 10:37:51',NULL,'false',197,8,'Spara'),(4006,'2008-05-22 10:37:51',NULL,'false',198,8,'Ladda'),(4007,'2008-05-22 10:37:51',NULL,'false',199,8,'Spara som'),(4008,'2008-05-22 10:37:51',NULL,'false',200,8,'Filnamn'),(4009,'2008-05-22 10:37:51',NULL,'false',201,8,'Filnamn'),(4010,'2008-05-22 10:37:51',NULL,'false',202,8,'Avbryt'),(4011,'2008-05-22 10:37:51',NULL,'false',203,8,'Spara'),(4012,'2008-05-22 10:37:51',NULL,'false',204,8,'Fel'),(4013,'2008-05-22 10:37:51',NULL,'false',205,8,'Laddar'),(4014,'2008-05-22 10:37:51',NULL,'false',206,8,'Objekt laddade'),(4015,'2008-05-22 10:37:52',NULL,'false',207,8,'Synkroniserar, vnta:'),(4016,'2008-05-22 10:37:52',NULL,'false',208,8,'Laddar bilddata'),(4017,'2008-05-22 10:37:52',NULL,'false',209,8,'Synkroniserar, vnta:'),(4018,'2008-05-22 10:37:52',NULL,'false',210,8,'Rensa ritutrymmet'),(4019,'2008-05-22 10:37:52',NULL,'false',211,8,'Rensa ritutrymmet, all data kommer att frloras'),(4020,'2008-05-22 10:37:52',NULL,'false',212,8,'Frga innan inladdning av fil'),(4021,'2008-05-22 10:37:52',NULL,'false',213,8,'Skicka inbjudan'),(4022,'2008-05-22 10:37:52',NULL,'false',214,8,'Skicka inbjudan'),(4023,'2008-05-22 10:37:52',NULL,'false',215,8,'mne'),(4024,'2008-05-22 10:37:52',NULL,'false',216,8,'Mottagare'),(4025,'2008-05-22 10:37:52',NULL,'false',217,8,'Meddelande'),(4026,'2008-05-22 10:37:52',NULL,'false',218,8,'Skicka'),(4027,'2008-05-22 10:37:52',NULL,'false',219,8,'Avbryt'),(4028,'2008-05-22 10:37:52',NULL,'false',220,8,'Skicka'),(4029,'2008-05-22 10:37:52',NULL,'false',221,8,'Anvndardata'),(4030,'2008-05-22 10:37:52',NULL,'false',222,8,'Ditt alias i denna konferens'),(4031,'2008-05-22 10:37:52',NULL,'false',223,8,'Alias'),(4032,'2008-05-22 10:37:52',NULL,'false',224,8,'Frnamn'),(4033,'2008-05-22 10:37:52',NULL,'false',225,8,'Efternamn'),(4034,'2008-05-22 10:37:52',NULL,'false',226,8,'Epost'),(4035,'2008-05-22 10:37:52',NULL,'false',227,8,'Sprk'),(4036,'2008-05-22 10:37:52',NULL,'false',228,8,'Stig in'),(4037,'2008-05-22 10:37:52',NULL,'false',229,8,'Laddar'),(4038,'2008-05-22 10:37:52',NULL,'false',230,8,'Laddar data, vnta!'),(4039,'2008-05-22 10:37:52',NULL,'false',231,8,'Fel lsenord'),(4040,'2008-05-22 10:37:52',NULL,'false',232,8,'2 identiska lsenord med minst 4 tecken tack'),(4041,'2008-05-22 10:37:52',NULL,'false',233,8,'Fel epostadress'),(4042,'2008-05-22 10:37:52',NULL,'false',234,8,'Du har angett en ogiltig epostadress'),(4043,'2008-05-22 10:37:52',NULL,'false',235,8,'Registrering klar'),(4044,'2008-05-22 10:37:52',NULL,'false',236,8,'Ditt konto r skapat. Du kan logga in.'),(4045,'2008-05-22 10:37:52',NULL,'false',237,8,'Du kan inte dela din skrm just nu. En annan delar sin skrm.'),(4046,'2008-05-22 10:37:52',NULL,'false',238,8,'Delning frbjuden'),(4047,'2008-05-22 10:37:52',NULL,'false',239,8,'Dela skrm'),(4048,'2008-05-22 10:37:52',NULL,'false',240,8,'Dlig bandbredd: Du kan inte synkronisera skrmen. Du kommer att tappa frames. Om denna varning visas ofta kan du be din moderator att snka kvaliteten.'),(4049,'2008-05-22 10:37:52',NULL,'false',241,8,'Skrm av:'),(4050,'2008-05-22 10:37:52',NULL,'false',242,8,'Paint'),(4051,'2008-05-22 10:37:52',NULL,'false',243,8,'Document'),(4052,'2008-05-22 10:37:52',NULL,'false',244,8,'Chat'),(4053,'2008-05-22 10:37:52',NULL,'false',245,8,'Files'),(4054,'2008-05-22 10:37:52',NULL,'false',246,8,'Members'),(4055,'2008-05-22 10:37:52',NULL,'false',247,8,'Download original document'),(4056,'2008-05-22 10:37:52',NULL,'false',248,8,'Download pdf document'),(4057,'2008-05-22 10:37:52',NULL,'false',249,8,'Load Presentation to whiteboard'),(4058,'2008-05-22 10:37:52',NULL,'false',250,8,'Configuration'),(4059,'2008-05-22 10:37:52',NULL,'false',251,8,'Drag this Object'),(4060,'2008-05-22 10:37:52',NULL,'false',252,8,'Resize this Object'),(4061,'2008-05-22 10:37:52',NULL,'false',253,8,'%'),(4062,'2008-05-22 10:37:52',NULL,'false',254,8,'of'),(4063,'2008-05-22 10:37:53',NULL,'false',255,8,'Go to first Page'),(4064,'2008-05-22 10:37:53',NULL,'false',256,8,'Go to previous Page'),(4065,'2008-05-22 10:37:53',NULL,'false',257,8,'Go to next Page'),(4066,'2008-05-22 10:37:53',NULL,'false',258,8,'Go to last Page'),(4067,'2008-05-22 10:37:53',NULL,'false',259,8,'Zoom --'),(4068,'2008-05-22 10:37:53',NULL,'false',260,8,'Zoom ++'),(4069,'2008-05-22 10:37:53',NULL,'false',261,8,'Mr.'),(4070,'2008-05-22 10:37:53',NULL,'false',262,8,'Ms.'),(4071,'2008-05-22 10:37:53',NULL,'false',263,8,'Configuration'),(4072,'2008-05-22 10:37:53',NULL,'false',264,8,'ID'),(4073,'2008-05-22 10:37:53',NULL,'false',265,8,'Key'),(4074,'2008-05-22 10:37:53',NULL,'false',266,8,'Configuration'),(4075,'2008-05-22 10:37:53',NULL,'false',267,8,'Key'),(4076,'2008-05-22 10:37:53',NULL,'false',268,8,'last update'),(4077,'2008-05-22 10:37:53',NULL,'false',269,8,'updatedby'),(4078,'2008-05-22 10:37:53',NULL,'false',270,8,'comment'),(4079,'2008-05-22 10:37:53',NULL,'false',271,8,'key'),(4080,'2008-05-22 10:37:53',NULL,'false',272,8,'of'),(4081,'2008-05-22 10:37:53',NULL,'false',273,8,'Users'),(4082,'2008-05-22 10:37:53',NULL,'false',274,8,'delete user from organisation'),(4083,'2008-05-22 10:37:53',NULL,'false',275,8,'delete'),(4084,'2008-05-22 10:37:53',NULL,'false',276,8,'This user is already member of this organisation.'),(4085,'2008-05-22 10:37:53',NULL,'false',277,8,'News'),(4086,'2008-05-22 10:37:53',NULL,'false',278,8,'Quicklinks'),(4087,'2008-05-22 10:37:53',NULL,'false',279,8,'Goto Conference'),(4088,'2008-05-22 10:37:53',NULL,'false',280,8,'Goto Auditorium'),(4089,'2008-05-22 10:37:53',NULL,'false',281,8,'Help and Support'),(4090,'2008-05-22 10:37:53',NULL,'false',282,8,'http://code.google.com/p/openmeetings/'),(4091,'2008-05-22 10:37:53',NULL,'false',283,8,'http://groups.google.com/group/openmeetings-user'),(4092,'2008-05-22 10:37:53',NULL,'false',284,8,'Report a bug!'),(4093,'2008-05-22 10:37:53',NULL,'false',285,8,'more'),(4094,'2008-05-22 10:37:53',NULL,'false',286,8,'Project Website (code.google.com/p/openmeetings/)'),(4095,'2008-05-22 10:37:53',NULL,'false',287,8,'User Mailing List (groups.google.com/group/openmeetings-user)'),(4096,'2008-05-22 10:37:53',NULL,'false',288,8,'Remember Login'),(4097,'2008-05-22 10:37:53',NULL,'false',289,8,'Content'),(4098,'2008-05-22 10:37:53',NULL,'false',290,8,'My Home Page'),(4099,'2008-05-22 10:37:53',NULL,'false',291,8,'My Scheduled Meetings'),(4100,'2008-05-22 10:37:53',NULL,'false',292,8,'My Scheduled Events'),(4101,'2008-05-22 10:37:53',NULL,'false',293,8,'Public Meetings'),(4102,'2008-05-22 10:37:53',NULL,'false',294,8,'Private Meetings'),(4103,'2008-05-22 10:37:53',NULL,'false',295,8,'Public Events'),(4104,'2008-05-22 10:37:53',NULL,'false',296,8,'Private Events'),(4105,'2008-05-22 10:37:53',NULL,'false',297,8,'Public Content'),(4106,'2008-05-22 10:37:53',NULL,'false',298,8,'Private Content'),(4107,'2008-05-22 10:37:53',NULL,'false',299,8,'Personal Content'),(4108,'2008-05-22 10:37:53',NULL,'false',300,8,''),(4109,'2008-05-22 10:37:53',NULL,'false',301,8,'Moderation'),(4110,'2008-05-22 10:37:53',NULL,'false',302,8,'Apply for Moderation'),(4111,'2008-05-22 10:37:54',NULL,'false',303,8,'Polls'),(4112,'2008-05-22 10:37:54',NULL,'false',304,8,'Choose a file'),(4113,'2008-05-22 10:37:54',NULL,'false',305,8,'Settings'),(4114,'2008-05-22 10:37:54',NULL,'false',306,8,'Cam and Mic Settings'),(4115,'2008-05-22 10:37:54',NULL,'false',307,8,'Whiteboard Settings'),(4116,'2008-05-22 10:37:54',NULL,'false',308,8,'Exit'),(4117,'2008-05-22 10:37:54',NULL,'false',309,8,'Back to Rooms'),(4118,'2008-05-22 10:37:54',NULL,'false',310,8,'Logout'),(4119,'2008-05-22 10:37:54',NULL,'false',311,8,'Desktop Viewer'),(4120,'2008-05-22 10:37:54',NULL,'false',312,8,'start Desktop Viewer'),(4121,'2008-05-22 10:37:54',NULL,'false',313,8,'Video and Audio'),(4122,'2008-05-22 10:37:54',NULL,'false',314,8,'Chat'),(4123,'2008-05-22 10:37:54',NULL,'false',315,8,'Whiteboard'),(4124,'2008-05-22 10:37:54',NULL,'false',316,8,'Moderation'),(4125,'2008-05-22 10:37:54',NULL,'false',317,8,'Files'),(4126,'2008-05-22 10:37:54',NULL,'false',318,8,'Users'),(4127,'2008-05-22 10:37:54',NULL,'false',319,8,'Polls'),(4128,'2008-05-22 10:37:54',NULL,'false',320,8,'There is no User connected to this Username'),(4129,'2008-05-22 10:37:54',NULL,'false',321,8,'The email containing a special link has been sent to your email address, please check your mailbox. If you still have not received a email, please adjust your email spam settings and resend confirmation email.'),(4130,'2008-05-22 10:37:54',NULL,'false',322,8,'Error'),(4131,'2008-05-22 10:37:54',NULL,'false',323,8,'Message'),(4132,'2008-05-22 10:37:54',NULL,'false',324,8,'Invalid Hash. No User found.'),(4133,'2008-05-22 10:37:54',NULL,'false',325,8,'Reset Your Password'),(4134,'2008-05-22 10:37:54',NULL,'false',326,8,'Login'),(4135,'2008-05-22 10:37:54',NULL,'false',327,8,'change Password'),(4136,'2008-05-22 10:37:54',NULL,'false',328,8,'new Password'),(4137,'2008-05-22 10:37:54',NULL,'false',329,8,'re-enter Password'),(4138,'2008-05-22 10:37:54',NULL,'false',330,8,'The Passwords you entered weren\'t identical.'),(4139,'2008-05-22 10:37:54',NULL,'false',331,8,'4 or more characters; capitalization matters!'),(4140,'2008-05-22 10:37:54',NULL,'false',332,8,'Password set. You can login now.'),(4141,'2008-05-22 10:37:54',NULL,'false',333,8,'OK'),(4142,'2008-05-22 10:37:54',NULL,'false',334,8,'Unkown Error. Please report this to your Service-Team.'),(4143,'2008-05-22 10:37:54',NULL,'false',335,8,'Username not found'),(4144,'2008-05-22 10:37:54',NULL,'false',336,8,'Invalid Password'),(4145,'2008-05-22 10:37:54',NULL,'false',337,8,'Successfully Logged out'),(4146,'2008-05-22 10:37:54',NULL,'false',338,8,'Frontend Registration disabled.'),(4147,'2008-05-22 10:37:54',NULL,'false',339,8,'Invalid EMail'),(4148,'2008-05-22 10:37:54',NULL,'false',340,8,'duplicate filename, please choose another filename'),(4149,'2008-05-22 10:37:54',NULL,'false',341,8,'filename too short'),(4150,'2008-05-22 10:37:54',NULL,'false',342,8,'Could not save Address'),(4151,'2008-05-22 10:37:54',NULL,'false',343,8,'User added but you need to assign this User to an Organisation, otherwise he won\'t be able to sign-in.'),(4152,'2008-05-22 10:37:54',NULL,'false',344,8,'New Record'),(4153,'2008-05-22 10:37:55',NULL,'false',345,8,'No Field found with this FieldId.'),(4154,'2008-05-22 10:37:55',NULL,'false',346,8,'No Label found for that Field.'),(4155,'2008-05-22 10:37:55',NULL,'false',347,8,'Admin Authorization required'),(4156,'2008-05-22 10:37:55',NULL,'false',348,8,'Language-Editor'),(4157,'2008-05-22 10:37:55',NULL,'false',349,8,'Language'),(4158,'2008-05-22 10:37:55',NULL,'false',350,8,'Label-ID'),(4159,'2008-05-22 10:37:55',NULL,'false',351,8,'Label-Name'),(4160,'2008-05-22 10:37:55',NULL,'false',352,8,'Value'),(4161,'2008-05-22 10:37:55',NULL,'false',353,8,'Fieldvalues'),(4162,'2008-05-22 10:37:55',NULL,'false',354,8,'LabelName'),(4163,'2008-05-22 10:37:55',NULL,'false',355,8,'LabelValue'),(4164,'2008-05-22 10:37:55',NULL,'false',356,8,'Label-ID'),(4165,'2008-05-22 10:37:55',NULL,'false',357,8,'You did only delete the Label NOT the Field! You cannot delete the Field, it may has Labels in other Languages.'),(4166,'2008-05-22 10:37:55',NULL,'false',358,8,'Invalid Labelid. The FieldLanguagesvalues_Id cannot be found in the database.'),(4167,'2008-05-22 10:37:55',NULL,'false',359,8,'You cannot delete this Field. You can only delete Labels NOT Fields. There is no Label loaded at the moment, wether it is not selected any Field or there is no Label for this Language for that Field defined.'),(4168,'2008-05-22 10:37:55',NULL,'false',360,8,'export'),(4169,'2008-05-22 10:37:55',NULL,'false',361,8,'You need to logout to see any changes.'),(4170,'2008-05-22 10:37:55',NULL,'false',362,8,'Add new language'),(4171,'2008-05-22 10:37:55',NULL,'false',363,8,'delete language'),(4172,'2008-05-22 10:37:55',NULL,'false',364,8,'Add new language'),(4173,'2008-05-22 10:37:55',NULL,'false',365,8,'Name'),(4174,'2008-05-22 10:37:55',NULL,'false',366,8,'add language'),(4175,'2008-05-22 10:37:55',NULL,'false',367,8,'Backup'),(4176,'2008-05-22 10:37:55',NULL,'false',368,8,'goto first'),(4177,'2008-05-22 10:37:55',NULL,'false',369,8,'goto previous'),(4178,'2008-05-22 10:37:55',NULL,'false',370,8,'goto next'),(4179,'2008-05-22 10:37:55',NULL,'false',371,8,'goto last'),(4180,'2008-05-22 10:37:55',NULL,'false',372,8,'user speaks'),(4181,'2008-05-22 10:37:55',NULL,'false',373,8,'turn sound on/off'),(4182,'2008-05-22 10:37:55',NULL,'false',374,8,'System'),(4183,'2008-05-22 10:37:55',NULL,'false',375,8,'Your Settings'),(4184,'2008-05-22 10:37:55',NULL,'false',376,8,'hi,'),(4185,'2008-05-22 10:37:55',NULL,'false',377,8,'Edit your profile'),(4186,'2008-05-22 10:37:55',NULL,'false',378,8,'New Messages:'),(4187,'2008-05-22 10:37:55',NULL,'false',379,8,'Upload new Image'),(4188,'2008-05-22 10:37:55',NULL,'false',380,8,'Userdata - Export'),(4189,'2008-05-22 10:37:55',NULL,'false',381,8,'All organisations must be already existing!'),(4190,'2008-05-22 10:37:55',NULL,'false',382,8,'start export'),(4191,'2008-05-22 10:37:55',NULL,'false',383,8,'By organisation'),(4192,'2008-05-22 10:37:55',NULL,'false',384,8,'start export'),(4193,'2008-05-22 10:37:55',NULL,'false',385,8,'Userdata - Import'),(4194,'2008-05-22 10:37:55',NULL,'false',386,8,'choose users.xml'),(4195,'2008-05-22 10:37:55',NULL,'false',387,8,'import'),(4196,'2008-05-22 10:37:55',NULL,'false',388,8,'Export to XML - These files can be used to: \n		- Contribute to the project \n		- Import into another System \n		- Backup \n		- Customization \n		- Put it into the language-directory for your next installation'),(4197,'2008-05-22 10:37:56',NULL,'false',389,8,'Choose a language file to import. Choose the right Langauge from the Combobox! \n		No matter what the name of the file is, it will be imported into this language!'),(4198,'2008-05-22 10:37:56',NULL,'false',390,8,'import - choose file'),(4199,'2008-05-22 10:37:56',NULL,'false',391,8,'Save as'),(4200,'2008-05-22 10:37:56',NULL,'false',392,8,'Name:'),(4201,'2008-05-22 10:37:56',NULL,'false',393,8,'Comment:'),(4202,'2008-05-22 10:37:56',NULL,'false',394,8,'save'),(4203,'2008-05-22 10:37:56',NULL,'false',395,8,'Recordings'),(4204,'2008-05-22 10:37:56',NULL,'false',396,8,'Recordings Viewer'),(4205,'2008-05-22 10:37:56',NULL,'false',397,8,'Recordings of public and private Rooms'),(4206,'2008-05-22 10:37:56',NULL,'false',398,8,'Users :'),(4207,'2008-05-22 10:37:56',NULL,'false',399,8,'Joined:'),(4208,'2008-05-22 10:37:56',NULL,'false',400,8,''),(4209,'2008-05-22 10:37:56',NULL,'false',401,8,'Users in this Room:'),(4210,'2008-05-22 10:37:56',NULL,'false',402,8,'refresh'),(4211,'2008-05-22 10:37:56',NULL,'false',403,8,'This Room is Full. Try again in a few minutes.'),(4212,'2008-05-22 10:37:56',NULL,'false',404,8,'click on a room to get details'),(4213,'2008-05-22 10:37:56',NULL,'false',405,8,'Chat with the users in this Room:'),(4214,'2008-05-22 10:37:56',NULL,'false',406,8,'Room:'),(4215,'2008-05-22 10:37:56',NULL,'false',407,8,'Users in this room:'),(4216,'2008-05-22 10:37:56',NULL,'false',408,8,'since:'),(4217,'2008-05-22 10:37:56',NULL,'false',409,8,'play recording'),(4218,'2008-05-22 10:37:56',NULL,'false',410,8,'Length:'),(4219,'2008-05-22 10:37:56',NULL,'false',411,8,'Date:'),(4220,'2008-05-22 10:37:56',NULL,'false',412,8,'Recorder Mode! You cannot change any values, this is a recorded File!'),(4221,'2008-05-22 10:37:56',NULL,'false',413,8,'Play this recording'),(4222,'2008-05-22 10:37:56',NULL,'false',414,8,'Play / Pause'),(4223,'2008-05-22 10:37:56',NULL,'false',415,8,'Start recording'),(4224,'2008-05-22 10:37:56',NULL,'false',416,8,'stop recording'),(4225,'2008-05-22 10:37:56',NULL,'false',417,8,'Recording:'),(4226,'2008-05-22 10:37:56',NULL,'false',418,8,'There is already somebody recording at the moment:'),(4227,'2008-05-22 10:37:56',NULL,'false',419,8,'Recording! By User:'),(4228,'2008-05-22 10:37:56',NULL,'false',420,8,'cancel'),(4229,'2008-05-22 10:37:56',NULL,'false',421,8,'Recording will be canceled and not saved.'),(4230,'2008-05-22 10:37:56',NULL,'false',422,8,'resume'),(4231,'2008-05-22 10:37:56',NULL,'false',423,8,'Close this window and resume recording'),(4232,'2008-05-22 10:37:56',NULL,'false',424,8,'change Linecolor'),(4233,'2008-05-22 10:37:56',NULL,'false',425,8,'Choose Color'),(4234,'2008-05-22 10:37:56',NULL,'false',426,8,'Disable / Enable Linecolor'),(4235,'2008-05-22 10:37:56',NULL,'false',427,8,'change Fillcolor'),(4236,'2008-05-22 10:37:56',NULL,'false',428,8,'Disable / Enable Fillcolor'),(4237,'2008-05-22 10:37:56',NULL,'false',429,8,'Change Linewidth'),(4238,'2008-05-22 10:37:56',NULL,'false',430,8,'close'),(4239,'2008-05-22 10:37:56',NULL,'false',431,8,'change Fontsize'),(4240,'2008-05-22 10:37:56',NULL,'false',432,8,'Delete Recording'),(4241,'2008-05-22 10:37:57',NULL,'false',433,8,'Guest'),(4242,'2008-05-22 10:37:57',NULL,'false',434,8,'By:'),(4243,'2008-05-22 10:37:57',NULL,'false',435,8,'Name'),(4244,'2008-05-22 10:37:57',NULL,'false',436,8,'Room'),(4245,'2008-05-22 10:37:57',NULL,'false',437,8,'Date'),(4246,'2008-05-22 10:37:57',NULL,'false',438,8,'cancel'),(4247,'2008-05-22 10:37:57',NULL,'false',439,8,'start'),(4248,'2008-05-22 10:37:57',NULL,'false',440,8,'Name'),(4249,'2008-05-22 10:37:57',NULL,'false',441,8,'Date'),(4250,'2008-05-22 10:37:57',NULL,'false',442,8,'Delete Server-Chatlog'),(4251,'2008-05-22 10:37:57',NULL,'false',443,8,'Chat'),(4252,'2008-05-22 10:37:57',NULL,'false',444,8,'send message'),(4253,'2008-05-22 10:37:57',NULL,'false',445,8,'Emoticons'),(4254,'2008-05-22 10:37:57',NULL,'false',446,8,'Emoticons'),(4255,'2008-05-22 10:37:57',NULL,'false',446,8,'Emoticons'),(4256,'2008-05-22 10:37:57',NULL,'false',447,8,'Choose Published Devices'),(4257,'2008-05-22 10:37:57',NULL,'false',448,8,'Audio and Video'),(4258,'2008-05-22 10:37:57',NULL,'false',449,8,'Audio only'),(4259,'2008-05-22 10:37:57',NULL,'false',450,8,'Video only'),(4260,'2008-05-22 10:37:57',NULL,'false',451,8,'no Audio/Video (static Image)'),(4261,'2008-05-22 10:37:57',NULL,'false',452,8,'No Audio/Video from your PC will be published, instead of that a picture from your profile will be shown. Choose these settings if you have problems with your bandwidth or a very slow Internet connection.'),(4262,'2008-05-22 10:37:57',NULL,'false',453,8,'MO'),(4263,'2008-05-22 10:37:57',NULL,'false',454,8,'TU'),(4264,'2008-05-22 10:37:57',NULL,'false',455,8,'WE'),(4265,'2008-05-22 10:37:57',NULL,'false',456,8,'TH'),(4266,'2008-05-22 10:37:57',NULL,'false',457,8,'FR'),(4267,'2008-05-22 10:37:57',NULL,'false',458,8,'SA'),(4268,'2008-05-22 10:37:57',NULL,'false',459,8,'SU'),(4269,'2008-05-22 10:37:57',NULL,'false',460,8,'Monday'),(4270,'2008-05-22 10:37:57',NULL,'false',461,8,'Tuesday'),(4271,'2008-05-22 10:37:57',NULL,'false',462,8,'Wednesday'),(4272,'2008-05-22 10:37:57',NULL,'false',463,8,'Thursday'),(4273,'2008-05-22 10:37:57',NULL,'false',464,8,'Friday'),(4274,'2008-05-22 10:37:57',NULL,'false',465,8,'Saturday'),(4275,'2008-05-22 10:37:57',NULL,'false',466,8,'Sunday'),(4276,'2008-05-22 10:37:57',NULL,'false',467,8,'CW'),(4277,'2008-05-22 10:37:57',NULL,'false',468,8,'Calendar week'),(4278,'2008-05-22 10:37:57',NULL,'false',469,8,'January'),(4279,'2008-05-22 10:37:57',NULL,'false',470,8,'February'),(4280,'2008-05-22 10:37:57',NULL,'false',471,8,'March'),(4281,'2008-05-22 10:37:58',NULL,'false',472,8,'April'),(4282,'2008-05-22 10:37:58',NULL,'false',473,8,'May'),(4283,'2008-05-22 10:37:58',NULL,'false',474,8,'June'),(4284,'2008-05-22 10:37:58',NULL,'false',475,8,'July'),(4285,'2008-05-22 10:37:58',NULL,'false',476,8,'August'),(4286,'2008-05-22 10:37:58',NULL,'false',477,8,'September'),(4287,'2008-05-22 10:37:58',NULL,'false',478,8,'October'),(4288,'2008-05-22 10:37:58',NULL,'false',479,8,'November'),(4289,'2008-05-22 10:37:58',NULL,'false',480,8,'December'),(4290,'2008-05-22 10:37:58',NULL,'false',481,8,'Calendar'),(4291,'2008-05-22 10:37:58',NULL,'false',482,8,'Participants'),(4292,'2008-05-22 10:37:58',NULL,'false',483,8,'Show Layout Settings'),(4293,'2008-05-22 10:37:58',NULL,'false',484,8,'X | Y'),(4294,'2008-05-22 10:37:58',NULL,'false',485,8,'Width | Height'),(4295,'2008-05-22 10:37:58',NULL,'false',486,8,'Video-Container'),(4296,'2008-05-22 10:37:58',NULL,'false',487,8,'Moderation-Container'),(4297,'2008-05-22 10:37:58',NULL,'false',488,8,'X'),(4298,'2008-05-22 10:37:58',NULL,'false',489,8,'Whiteboard-Container'),(4299,'2008-05-22 10:37:58',NULL,'false',490,8,'Enabled'),(4300,'2008-05-22 10:37:58',NULL,'false',491,8,'X | Y'),(4301,'2008-05-22 10:37:58',NULL,'false',492,8,'Width | Height'),(4302,'2008-05-22 10:37:58',NULL,'false',493,8,'Files,Chat,Partizipants - Container'),(4303,'2008-05-22 10:37:58',NULL,'false',494,8,'Enabled'),(4304,'2008-05-22 10:37:58',NULL,'false',495,8,'X |Y'),(4305,'2008-05-22 10:37:58',NULL,'false',496,8,'Width | Height'),(4306,'2008-05-22 10:37:58',NULL,'false',497,8,'The Moderator has left the Room. No one is presenting at the Moment. You could apply for Moderation or wait.'),(4307,'2008-05-22 10:37:58',NULL,'false',498,8,'There is no Moderator in this Room, but there are some Participants. You have to apply for Moderation or wait.'),(4308,'2008-05-22 10:37:58',NULL,'false',499,8,'Feedback OpenMeetings'),(4309,'2008-05-22 10:37:58',NULL,'false',500,8,'OpenMeetings - Invitation'),(4310,'2008-05-22 10:37:58',NULL,'false',501,8,'Message from User:'),(4311,'2008-05-22 10:37:58',NULL,'false',502,8,'Message:'),(4312,'2008-05-22 10:37:58',NULL,'false',503,8,'Click this link to participate in the Meetings:'),(4313,'2008-05-22 10:37:58',NULL,'false',504,8,'Click here to enter room'),(4314,'2008-05-22 10:37:58',NULL,'false',505,8,'if you have problems with the link, please copy and paste this to your browser:'),(4315,'2008-05-22 10:37:58',NULL,'false',506,8,'OpenMeetings SignUp'),(4316,'2008-05-22 10:37:58',NULL,'false',507,8,'Your userdata:'),(4317,'2008-05-22 10:37:58',NULL,'false',508,8,'Login:'),(4318,'2008-05-22 10:37:58',NULL,'false',509,8,'Pass:'),(4319,'2008-05-22 10:37:58',NULL,'false',510,8,'EMail:'),(4320,'2008-05-22 10:37:58',NULL,'false',511,8,'OpenMeetings-Team'),(4321,'2008-05-22 10:37:58',NULL,'false',512,8,'OpenMeetings Sign-Up'),(4322,'2008-05-22 10:37:59',NULL,'false',513,8,'OpenMeetings - Reset Password'),(4323,'2008-05-22 10:37:59',NULL,'false',514,8,'Click on this link to enter a new password:'),(4324,'2008-05-22 10:37:59',NULL,'false',515,8,'Click here to enter a new Password'),(4325,'2008-05-22 10:37:59',NULL,'false',516,8,'if you have problems with the link, please copy and paste this to your browser:'),(4326,'2008-05-22 10:37:59',NULL,'false',517,8,'OpenMeetings Password Reset'),(4327,'2008-05-22 10:37:59',NULL,'false',518,8,'Please enter a valid Date, for example 24.12.2001 (dd.mm.yyyy)'),(4328,'2008-05-22 10:37:59',NULL,'false',519,8,'Please enter a valid EMail, for example name@mail.com'),(4329,'2008-05-22 10:37:59',NULL,'false',520,8,'Please enter a Float-Number, for example 1.00'),(4330,'2008-05-22 10:37:59',NULL,'false',521,8,'Please enter a Number (Integer), for example 100'),(4331,'2008-05-22 10:37:59',NULL,'false',522,8,'Please enter a valid Phone number, for example ++49 0123 123123'),(4332,'2008-05-22 10:37:59',NULL,'false',523,8,'Please enter a valid time, for example 12:23 (hh:mm)'),(4333,'2008-05-22 10:37:59',NULL,'false',524,8,'Passwort protected'),(4334,'2008-05-22 10:37:59',NULL,'false',525,8,'Password'),(4335,'2008-05-22 10:37:59',NULL,'false',526,8,'Validity period'),(4336,'2008-05-22 10:37:59',NULL,'false',527,8,'Endless'),(4337,'2008-05-22 10:37:59',NULL,'false',528,8,'Period'),(4338,'2008-05-22 10:37:59',NULL,'false',529,8,'One-Time'),(4339,'2008-05-22 10:37:59',NULL,'false',530,8,'Valid From:'),(4340,'2008-05-22 10:37:59',NULL,'false',531,8,'Valid to:'),(4341,'2008-05-22 10:37:59',NULL,'false',532,8,'Invitation To OpenMeetings'),(4342,'2008-05-22 10:37:59',NULL,'false',533,8,'Not Invitation availible for this Invitation-Code'),(4343,'2008-05-22 10:37:59',NULL,'false',534,8,'The Invitation was already used. This type of Invitation cannot be re-used.'),(4344,'2008-05-22 10:37:59',NULL,'false',535,8,'This Invitation-Code is not valid.'),(4345,'2008-05-22 10:37:59',NULL,'false',536,8,'Password:'),(4346,'2008-05-22 10:37:59',NULL,'false',537,8,'Check Password'),(4347,'2008-05-22 10:37:59',NULL,'false',538,8,'Invalid Password!'),(4348,'2008-05-22 10:37:59',NULL,'false',539,8,'Browser'),(4349,'2008-05-22 10:37:59',NULL,'false',540,8,'Syncronize Audio/Video'),(4350,'2008-05-22 10:37:59',NULL,'false',541,8,'Login was correct, but the Session you tried is not active or stored on the Server. You have to get a new SessionId and retry login.'),(4351,'2008-05-22 10:37:59',NULL,'false',542,8,'The SessionId is not loggedin or has no Admin rights. The SOAP Gateway needs an User with Admin-Rights to embed new Users.'),(4352,'2008-05-22 10:37:59',NULL,'false',543,8,'This Session has no Remoteuser-Data connected. Wether you did not call the SOAP-Gateway before accessing the Application or you are usnig a wrong Session-ID'),(4353,'2008-05-22 10:37:59',NULL,'false',544,8,'The recorder is currently Beta!'),(4606,'2008-05-22 10:38:07',NULL,'false',253,9,'%'),(4616,'2008-05-22 10:38:07',NULL,'false',263,9,'Configuration'),(4617,'2008-05-22 10:38:07',NULL,'false',264,9,'ID'),(4618,'2008-05-22 10:38:07',NULL,'false',265,9,'Key'),(4619,'2008-05-22 10:38:07',NULL,'false',266,9,'Configuration'),(4620,'2008-05-22 10:38:07',NULL,'false',267,9,'Key'),(4621,'2008-05-22 10:38:07',NULL,'false',268,9,'last update'),(4622,'2008-05-22 10:38:07',NULL,'false',269,9,'updatedby'),(4623,'2008-05-22 10:38:07',NULL,'false',270,9,'comment'),(4624,'2008-05-22 10:38:07',NULL,'false',271,9,'key'),(4625,'2008-05-22 10:38:07',NULL,'false',272,9,'of'),(4626,'2008-05-22 10:38:07',NULL,'false',273,9,'Users'),(4627,'2008-05-22 10:38:07',NULL,'false',274,9,'delete user from organisation'),(4628,'2008-05-22 10:38:07',NULL,'false',275,9,'delete'),(4629,'2008-05-22 10:38:07',NULL,'false',276,9,'This user is already member of this organisation.'),(4630,'2008-05-22 10:38:07',NULL,'false',277,9,'News'),(4631,'2008-05-22 10:38:07',NULL,'false',278,9,'Quicklinks'),(4632,'2008-05-22 10:38:07',NULL,'false',279,9,'Goto Conference'),(4633,'2008-05-22 10:38:07',NULL,'false',280,9,'Goto Auditorium'),(4634,'2008-05-22 10:38:07',NULL,'false',281,9,'Help and Support'),(4635,'2008-05-22 10:38:07',NULL,'false',282,9,'http://code.google.com/p/openmeetings/'),(4636,'2008-05-22 10:38:07',NULL,'false',283,9,'http://groups.google.com/group/openmeetings-user'),(4637,'2008-05-22 10:38:07',NULL,'false',284,9,'Report a bug!'),(4638,'2008-05-22 10:38:08',NULL,'false',285,9,'more'),(4639,'2008-05-22 10:38:08',NULL,'false',286,9,'Project Website (code.google.com/p/openmeetings/)'),(4640,'2008-05-22 10:38:08',NULL,'false',287,9,'User Mailing List (groups.google.com/group/openmeetings-user)'),(4641,'2008-05-22 10:38:08',NULL,'false',288,9,'Remember Login'),(4642,'2008-05-22 10:38:08',NULL,'false',289,9,'Content'),(4643,'2008-05-22 10:38:08',NULL,'false',290,9,'My Home Page'),(4644,'2008-05-22 10:38:08',NULL,'false',291,9,'My Scheduled Meetings'),(4645,'2008-05-22 10:38:08',NULL,'false',292,9,'My Scheduled Events'),(4646,'2008-05-22 10:38:08',NULL,'false',293,9,'Public Meetings'),(4647,'2008-05-22 10:38:08',NULL,'false',294,9,'Private Meetings'),(4648,'2008-05-22 10:38:08',NULL,'false',295,9,'Public Events'),(4649,'2008-05-22 10:38:08',NULL,'false',296,9,'Private Events'),(4650,'2008-05-22 10:38:08',NULL,'false',297,9,'Public Content'),(4651,'2008-05-22 10:38:08',NULL,'false',298,9,'Private Content'),(4652,'2008-05-22 10:38:08',NULL,'false',299,9,'Personal Content'),(4653,'2008-05-22 10:38:08',NULL,'false',300,9,''),(4654,'2008-05-22 10:38:08',NULL,'false',301,9,'Moderation'),(4655,'2008-05-22 10:38:08',NULL,'false',302,9,'Apply for Moderation'),(4656,'2008-05-22 10:38:08',NULL,'false',303,9,'Polls'),(4657,'2008-05-22 10:38:08',NULL,'false',304,9,'Choose a file'),(4658,'2008-05-22 10:38:08',NULL,'false',305,9,'Settings'),(4659,'2008-05-22 10:38:08',NULL,'false',306,9,'Cam and Mic Settings'),(4660,'2008-05-22 10:38:08',NULL,'false',307,9,'Whiteboard Settings'),(4661,'2008-05-22 10:38:08',NULL,'false',308,9,'Exit'),(4662,'2008-05-22 10:38:08',NULL,'false',309,9,'Back to Rooms'),(4663,'2008-05-22 10:38:08',NULL,'false',310,9,'Logout'),(4664,'2008-05-22 10:38:08',NULL,'false',311,9,'Desktop Viewer'),(4665,'2008-05-22 10:38:08',NULL,'false',312,9,'start Desktop Viewer'),(4666,'2008-05-22 10:38:08',NULL,'false',313,9,'Video and Audio'),(4667,'2008-05-22 10:38:08',NULL,'false',314,9,'Chat'),(4668,'2008-05-22 10:38:08',NULL,'false',315,9,'Whiteboard'),(4669,'2008-05-22 10:38:08',NULL,'false',316,9,'Moderation'),(4670,'2008-05-22 10:38:08',NULL,'false',317,9,'Files'),(4671,'2008-05-22 10:38:08',NULL,'false',318,9,'Users'),(4672,'2008-05-22 10:38:09',NULL,'false',319,9,'Polls'),(4673,'2008-05-22 10:38:09',NULL,'false',320,9,'There is no User connected to this Username'),(4674,'2008-05-22 10:38:09',NULL,'false',321,9,'The email containing a special link has been sent to your email address, please check your mailbox. If you still have not received a email, please adjust your email spam settings and resend confirmation email.'),(4675,'2008-05-22 10:38:09',NULL,'false',322,9,'Error'),(4676,'2008-05-22 10:38:09',NULL,'false',323,9,'Message'),(4677,'2008-05-22 10:38:09',NULL,'false',324,9,'Invalid Hash. No User found.'),(4678,'2008-05-22 10:38:09',NULL,'false',325,9,'Reset Your Password'),(4679,'2008-05-22 10:38:09',NULL,'false',326,9,'Login'),(4680,'2008-05-22 10:38:09',NULL,'false',327,9,'change Password'),(4681,'2008-05-22 10:38:09',NULL,'false',328,9,'new Password'),(4682,'2008-05-22 10:38:09',NULL,'false',329,9,'re-enter Password'),(4683,'2008-05-22 10:38:09',NULL,'false',330,9,'The Passwords you entered weren\'t identical.'),(4684,'2008-05-22 10:38:09',NULL,'false',331,9,'4 or more characters; capitalization matters!'),(4685,'2008-05-22 10:38:09',NULL,'false',332,9,'Password set. You can login now.'),(4686,'2008-05-22 10:38:09',NULL,'false',333,9,'OK'),(4687,'2008-05-22 10:38:09',NULL,'false',334,9,'Unkown Error. Please report this to your Service-Team.'),(4688,'2008-05-22 10:38:09',NULL,'false',335,9,'Username not found'),(4689,'2008-05-22 10:38:09',NULL,'false',336,9,'Invalid Password'),(4690,'2008-05-22 10:38:09',NULL,'false',337,9,'Successfully Logged out'),(4691,'2008-05-22 10:38:09',NULL,'false',338,9,'Frontend Registration disabled.'),(4692,'2008-05-22 10:38:09',NULL,'false',339,9,'Invalid EMail'),(4693,'2008-05-22 10:38:09',NULL,'false',340,9,'duplicate filename, please choose another filename'),(4694,'2008-05-22 10:38:09',NULL,'false',341,9,'filename too short'),(4695,'2008-05-22 10:38:09',NULL,'false',342,9,'Could not save Address'),(4696,'2008-05-22 10:38:09',NULL,'false',343,9,'User added but you need to assign this User to an Organisation, otherwise he won\'t be able to sign-in.'),(4697,'2008-05-22 10:38:09',NULL,'false',344,9,'New Record'),(4698,'2008-05-22 10:38:09',NULL,'false',345,9,'No Field found with this FieldId.'),(4699,'2008-05-22 10:38:09',NULL,'false',346,9,'No Label found for that Field.'),(4700,'2008-05-22 10:38:09',NULL,'false',347,9,'Admin Authorization required'),(4701,'2008-05-22 10:38:09',NULL,'false',348,9,'Language-Editor'),(4702,'2008-05-22 10:38:09',NULL,'false',349,9,'Language'),(4703,'2008-05-22 10:38:09',NULL,'false',350,9,'Label-ID'),(4704,'2008-05-22 10:38:09',NULL,'false',351,9,'Label-Name'),(4705,'2008-05-22 10:38:09',NULL,'false',352,9,'Value'),(4706,'2008-05-22 10:38:10',NULL,'false',353,9,'Fieldvalues'),(4707,'2008-05-22 10:38:10',NULL,'false',354,9,'LabelName'),(4708,'2008-05-22 10:38:10',NULL,'false',355,9,'LabelValue'),(4709,'2008-05-22 10:38:10',NULL,'false',356,9,'Label-ID'),(4710,'2008-05-22 10:38:10',NULL,'false',357,9,'You did only delete the Label NOT the Field! You cannot delete the Field, it may has Labels in other Languages.'),(4711,'2008-05-22 10:38:10',NULL,'false',358,9,'Invalid Labelid. The FieldLanguagesvalues_Id cannot be found in the database.'),(4712,'2008-05-22 10:38:10',NULL,'false',359,9,'You cannot delete this Field. You can only delete Labels NOT Fields. There is no Label loaded at the moment, wether it is not selected any Field or there is no Label for this Language for that Field defined.'),(4713,'2008-05-22 10:38:10',NULL,'false',360,9,'export'),(4714,'2008-05-22 10:38:10',NULL,'false',361,9,'You need to logout to see any changes.'),(4715,'2008-05-22 10:38:10',NULL,'false',362,9,'Add new language'),(4716,'2008-05-22 10:38:10',NULL,'false',363,9,'delete language'),(4717,'2008-05-22 10:38:10',NULL,'false',364,9,'Add new language'),(4718,'2008-05-22 10:38:10',NULL,'false',365,9,'Name'),(4719,'2008-05-22 10:38:10',NULL,'false',366,9,'add language'),(4720,'2008-05-22 10:38:10',NULL,'false',367,9,'Backup'),(4721,'2008-05-22 10:38:10',NULL,'false',368,9,'goto first'),(4722,'2008-05-22 10:38:10',NULL,'false',369,9,'goto previous'),(4723,'2008-05-22 10:38:10',NULL,'false',370,9,'goto next'),(4724,'2008-05-22 10:38:10',NULL,'false',371,9,'goto last'),(4725,'2008-05-22 10:38:10',NULL,'false',372,9,'user speaks'),(4726,'2008-05-22 10:38:10',NULL,'false',373,9,'turn sound on/off'),(4727,'2008-05-22 10:38:10',NULL,'false',374,9,'System'),(4728,'2008-05-22 10:38:10',NULL,'false',375,9,'Your Settings'),(4729,'2008-05-22 10:38:10',NULL,'false',376,9,'hi,'),(4730,'2008-05-22 10:38:10',NULL,'false',377,9,'Edit your profile'),(4731,'2008-05-22 10:38:10',NULL,'false',378,9,'New Messages:'),(4732,'2008-05-22 10:38:10',NULL,'false',379,9,'Upload new Image'),(4733,'2008-05-22 10:38:10',NULL,'false',380,9,'Userdata - Export'),(4734,'2008-05-22 10:38:10',NULL,'false',381,9,'All organisations must be already existing!'),(4735,'2008-05-22 10:38:10',NULL,'false',382,9,'start export'),(4736,'2008-05-22 10:38:10',NULL,'false',383,9,'By organisation'),(4737,'2008-05-22 10:38:10',NULL,'false',384,9,'start export'),(4738,'2008-05-22 10:38:10',NULL,'false',385,9,'Userdata - Import'),(4739,'2008-05-22 10:38:10',NULL,'false',386,9,'choose users.xml'),(4740,'2008-05-22 10:38:11',NULL,'false',387,9,'import'),(4741,'2008-05-22 10:38:11',NULL,'false',388,9,'Export to XML - These files can be used to: \n		- Contribute to the project \n		- Import into another System \n		- Backup \n		- Customization \n		- Put it into the language-directory for your next installation'),(4742,'2008-05-22 10:38:11',NULL,'false',389,9,'Choose a language file to import. Choose the right Langauge from the Combobox! \n		No matter what the name of the file is, it will be imported into this language!'),(4743,'2008-05-22 10:38:11',NULL,'false',390,9,'import - choose file'),(4744,'2008-05-22 10:38:11',NULL,'false',391,9,'Save as'),(4745,'2008-05-22 10:38:11',NULL,'false',392,9,'Name:'),(4746,'2008-05-22 10:38:11',NULL,'false',393,9,'Comment:'),(4747,'2008-05-22 10:38:11',NULL,'false',394,9,'save'),(4748,'2008-05-22 10:38:11',NULL,'false',395,9,'Recordings'),(4749,'2008-05-22 10:38:11',NULL,'false',396,9,'Recordings Viewer'),(4750,'2008-05-22 10:38:11',NULL,'false',397,9,'Recordings of public and private Rooms'),(4751,'2008-05-22 10:38:11',NULL,'false',398,9,'Users :'),(4752,'2008-05-22 10:38:11',NULL,'false',399,9,'Joined:'),(4753,'2008-05-22 10:38:11',NULL,'false',400,9,''),(4754,'2008-05-22 10:38:11',NULL,'false',401,9,'Users in this Room:'),(4755,'2008-05-22 10:38:11',NULL,'false',402,9,'refresh'),(4756,'2008-05-22 10:38:11',NULL,'false',403,9,'This Room is Full. Try again in a few minutes.'),(4757,'2008-05-22 10:38:11',NULL,'false',404,9,'click on a room to get details'),(4758,'2008-05-22 10:38:11',NULL,'false',405,9,'Chat with the users in this Room:'),(4759,'2008-05-22 10:38:11',NULL,'false',406,9,'Room:'),(4760,'2008-05-22 10:38:11',NULL,'false',407,9,'Users in this room:'),(4761,'2008-05-22 10:38:11',NULL,'false',408,9,'since:'),(4762,'2008-05-22 10:38:11',NULL,'false',409,9,'play recording'),(4763,'2008-05-22 10:38:11',NULL,'false',410,9,'Length:'),(4764,'2008-05-22 10:38:11',NULL,'false',411,9,'Date:'),(4765,'2008-05-22 10:38:11',NULL,'false',412,9,'Recorder Mode! You cannot change any values, this is a recorded File!'),(4766,'2008-05-22 10:38:11',NULL,'false',413,9,'Play this recording'),(4767,'2008-05-22 10:38:11',NULL,'false',414,9,'Play / Pause'),(4768,'2008-05-22 10:38:11',NULL,'false',415,9,'Start recording'),(4769,'2008-05-22 10:38:11',NULL,'false',416,9,'stop recording'),(4770,'2008-05-22 10:38:11',NULL,'false',417,9,'Recording:'),(4771,'2008-05-22 10:38:11',NULL,'false',418,9,'There is already somebody recording at the moment:'),(4772,'2008-05-22 10:38:11',NULL,'false',419,9,'Recording! By User:'),(4773,'2008-05-22 10:38:11',NULL,'false',420,9,'cancel'),(4774,'2008-05-22 10:38:12',NULL,'false',421,9,'Recording will be canceled and not saved.'),(4775,'2008-05-22 10:38:12',NULL,'false',422,9,'resume'),(4776,'2008-05-22 10:38:12',NULL,'false',423,9,'Close this window and resume recording'),(4777,'2008-05-22 10:38:12',NULL,'false',424,9,'change Linecolor'),(4778,'2008-05-22 10:38:12',NULL,'false',425,9,'Choose Color'),(4779,'2008-05-22 10:38:12',NULL,'false',426,9,'Disable / Enable Linecolor'),(4780,'2008-05-22 10:38:12',NULL,'false',427,9,'change Fillcolor'),(4781,'2008-05-22 10:38:12',NULL,'false',428,9,'Disable / Enable Fillcolor'),(4782,'2008-05-22 10:38:12',NULL,'false',429,9,'Change Linewidth'),(4783,'2008-05-22 10:38:12',NULL,'false',430,9,'close'),(4784,'2008-05-22 10:38:12',NULL,'false',431,9,'change Fontsize'),(4785,'2008-05-22 10:38:12',NULL,'false',432,9,'Delete Recording'),(4786,'2008-05-22 10:38:12',NULL,'false',433,9,'Guest'),(4787,'2008-05-22 10:38:12',NULL,'false',434,9,'By:'),(4788,'2008-05-22 10:38:12',NULL,'false',435,9,'Name'),(4789,'2008-05-22 10:38:12',NULL,'false',436,9,'Room'),(4790,'2008-05-22 10:38:12',NULL,'false',437,9,'Date'),(4791,'2008-05-22 10:38:12',NULL,'false',438,9,'cancel'),(4792,'2008-05-22 10:38:12',NULL,'false',439,9,'start'),(4793,'2008-05-22 10:38:12',NULL,'false',440,9,'Name'),(4794,'2008-05-22 10:38:12',NULL,'false',441,9,'Date'),(4795,'2008-05-22 10:38:12',NULL,'false',442,9,'Delete Server-Chatlog'),(4796,'2008-05-22 10:38:12',NULL,'false',443,9,'Chat'),(4797,'2008-05-22 10:38:12',NULL,'false',444,9,'send message'),(4798,'2008-05-22 10:38:12',NULL,'false',445,9,'Emoticons'),(4799,'2008-05-22 10:38:12',NULL,'false',446,9,'Emoticons'),(4800,'2008-05-22 10:38:12',NULL,'false',447,9,'Choose Published Devices'),(4801,'2008-05-22 10:38:12',NULL,'false',448,9,'Audio and Video'),(4802,'2008-05-22 10:38:12',NULL,'false',449,9,'Audio only'),(4803,'2008-05-22 10:38:12',NULL,'false',450,9,'Video only'),(4804,'2008-05-22 10:38:12',NULL,'false',451,9,'no Audio/Video (static Image)'),(4805,'2008-05-22 10:38:12',NULL,'false',452,9,'No Audio/Video from your PC will be published, instead of that a picture from your profile will be shown. Choose these settings if you have problems with your bandwidth or a very slow Internet connection.'),(4806,'2008-05-22 10:38:12',NULL,'false',453,9,'MO'),(4807,'2008-05-22 10:38:13',NULL,'false',454,9,'TU'),(4808,'2008-05-22 10:38:13',NULL,'false',455,9,'WE'),(4809,'2008-05-22 10:38:13',NULL,'false',456,9,'TH'),(4810,'2008-05-22 10:38:13',NULL,'false',457,9,'FR'),(4811,'2008-05-22 10:38:13',NULL,'false',458,9,'SA'),(4812,'2008-05-22 10:38:13',NULL,'false',459,9,'SU'),(4813,'2008-05-22 10:38:13',NULL,'false',460,9,'Monday'),(4814,'2008-05-22 10:38:13',NULL,'false',461,9,'Tuesday'),(4815,'2008-05-22 10:38:13',NULL,'false',462,9,'Wednesday'),(4816,'2008-05-22 10:38:13',NULL,'false',463,9,'Thursday'),(4817,'2008-05-22 10:38:13',NULL,'false',464,9,'Friday'),(4818,'2008-05-22 10:38:13',NULL,'false',465,9,'Saturday'),(4819,'2008-05-22 10:38:13',NULL,'false',466,9,'Sunday'),(4820,'2008-05-22 10:38:13',NULL,'false',467,9,'CW'),(4821,'2008-05-22 10:38:13',NULL,'false',468,9,'Calendar week'),(4822,'2008-05-22 10:38:13',NULL,'false',469,9,'January'),(4823,'2008-05-22 10:38:13',NULL,'false',470,9,'February'),(4824,'2008-05-22 10:38:13',NULL,'false',471,9,'March'),(4825,'2008-05-22 10:38:13',NULL,'false',472,9,'April'),(4826,'2008-05-22 10:38:13',NULL,'false',473,9,'May'),(4827,'2008-05-22 10:38:13',NULL,'false',474,9,'June'),(4828,'2008-05-22 10:38:13',NULL,'false',475,9,'July'),(4829,'2008-05-22 10:38:13',NULL,'false',476,9,'August'),(4830,'2008-05-22 10:38:13',NULL,'false',477,9,'September'),(4831,'2008-05-22 10:38:13',NULL,'false',478,9,'October'),(4832,'2008-05-22 10:38:13',NULL,'false',479,9,'November'),(4833,'2008-05-22 10:38:13',NULL,'false',480,9,'December'),(4834,'2008-05-22 10:38:13',NULL,'false',481,9,'Calendar'),(4835,'2008-05-22 10:38:13',NULL,'false',482,9,'Participants'),(4836,'2008-05-22 10:38:13',NULL,'false',483,9,'Show Layout Settings'),(4837,'2008-05-22 10:38:13',NULL,'false',484,9,'X | Y'),(4838,'2008-05-22 10:38:13',NULL,'false',485,9,'Width | Height'),(4839,'2008-05-22 10:38:14',NULL,'false',486,9,'Video-Container'),(4840,'2008-05-22 10:38:14',NULL,'false',487,9,'Moderation-Container'),(4841,'2008-05-22 10:38:14',NULL,'false',488,9,'X'),(4842,'2008-05-22 10:38:14',NULL,'false',489,9,'Whiteboard-Container'),(4843,'2008-05-22 10:38:14',NULL,'false',490,9,'Enabled'),(4844,'2008-05-22 10:38:14',NULL,'false',491,9,'X | Y'),(4845,'2008-05-22 10:38:14',NULL,'false',492,9,'Width | Height'),(4846,'2008-05-22 10:38:14',NULL,'false',493,9,'Files,Chat,Partizipants - Container'),(4847,'2008-05-22 10:38:14',NULL,'false',494,9,'Enabled'),(4848,'2008-05-22 10:38:14',NULL,'false',495,9,'X |Y'),(4849,'2008-05-22 10:38:14',NULL,'false',496,9,'Width | Height'),(4850,'2008-05-22 10:38:14',NULL,'false',497,9,'The Moderator has left the Room. No one is presenting at the Moment. You could apply for Moderation or wait.'),(4851,'2008-05-22 10:38:14',NULL,'false',498,9,'There is no Moderator in this Room, but there are some Participants. You have to apply for Moderation or wait.'),(4852,'2008-05-22 10:38:14',NULL,'false',499,9,'Feedback OpenMeetings'),(4853,'2008-05-22 10:38:14',NULL,'false',500,9,'OpenMeetings - Invitation'),(4854,'2008-05-22 10:38:14',NULL,'false',501,9,'Message from User:'),(4855,'2008-05-22 10:38:14',NULL,'false',502,9,'Message:'),(4856,'2008-05-22 10:38:14',NULL,'false',503,9,'Click this link to participate in the Meetings:'),(4857,'2008-05-22 10:38:14',NULL,'false',504,9,'Click here to enter room'),(4858,'2008-05-22 10:38:14',NULL,'false',505,9,'if you have problems with the link, please copy and paste this to your browser:'),(4859,'2008-05-22 10:38:14',NULL,'false',506,9,'OpenMeetings SignUp'),(4860,'2008-05-22 10:38:14',NULL,'false',507,9,'Your userdata:'),(4861,'2008-05-22 10:38:14',NULL,'false',508,9,'Login:'),(4862,'2008-05-22 10:38:14',NULL,'false',509,9,'Pass:'),(4863,'2008-05-22 10:38:14',NULL,'false',510,9,'EMail:'),(4864,'2008-05-22 10:38:14',NULL,'false',511,9,'OpenMeetings-Team'),(4865,'2008-05-22 10:38:14',NULL,'false',512,9,'OpenMeetings Sign-Up'),(4866,'2008-05-22 10:38:14',NULL,'false',513,9,'OpenMeetings - Reset Password'),(4867,'2008-05-22 10:38:14',NULL,'false',514,9,'Click on this link to enter a new password:'),(4868,'2008-05-22 10:38:14',NULL,'false',515,9,'Click here to enter a new Password'),(4869,'2008-05-22 10:38:14',NULL,'false',516,9,'if you have problems with the link, please copy and paste this to your browser:'),(4870,'2008-05-22 10:38:15',NULL,'false',517,9,'OpenMeetings Password Reset'),(4871,'2008-05-22 10:38:15',NULL,'false',518,9,'Please enter a valid Date, for example 24.12.2001 (dd.mm.yyyy)'),(4872,'2008-05-22 10:38:15',NULL,'false',519,9,'Please enter a valid EMail, for example name@mail.com'),(4873,'2008-05-22 10:38:15',NULL,'false',520,9,'Please enter a Float-Number, for example 1.00'),(4874,'2008-05-22 10:38:15',NULL,'false',521,9,'Please enter a Number (Integer), for example 100'),(4875,'2008-05-22 10:38:15',NULL,'false',522,9,'Please enter a valid Phone number, for example ++49 0123 123123'),(4876,'2008-05-22 10:38:15',NULL,'false',523,9,'Please enter a valid time, for example 12:23 (hh:mm)'),(4877,'2008-05-22 10:38:15',NULL,'false',524,9,'Passwort protected'),(4878,'2008-05-22 10:38:15',NULL,'false',525,9,'Password'),(4879,'2008-05-22 10:38:15',NULL,'false',526,9,'Validity period'),(4880,'2008-05-22 10:38:15',NULL,'false',527,9,'Endless'),(4881,'2008-05-22 10:38:15',NULL,'false',528,9,'Period'),(4882,'2008-05-22 10:38:15',NULL,'false',529,9,'One-Time'),(4883,'2008-05-22 10:38:15',NULL,'false',530,9,'Valid From:'),(4884,'2008-05-22 10:38:15',NULL,'false',531,9,'Valid to:'),(4885,'2008-05-22 10:38:15',NULL,'false',532,9,'Invitation To OpenMeetings'),(4886,'2008-05-22 10:38:15',NULL,'false',533,9,'Not Invitation availible for this Invitation-Code'),(4887,'2008-05-22 10:38:15',NULL,'false',534,9,'The Invitation was already used. This type of Invitation cannot be re-used.'),(4888,'2008-05-22 10:38:15',NULL,'false',535,9,'This Invitation-Code is not valid.'),(4889,'2008-05-22 10:38:15',NULL,'false',536,9,'Password:'),(4890,'2008-05-22 10:38:15',NULL,'false',537,9,'Check Password'),(4891,'2008-05-22 10:38:15',NULL,'false',538,9,'Invalid Password!'),(4892,'2008-05-22 10:38:15',NULL,'false',539,9,'Browser'),(4893,'2008-05-22 10:38:15',NULL,'false',540,9,'Syncronize Audio/Video'),(4894,'2008-05-22 10:38:15',NULL,'false',541,9,'Login was correct, but the Session you tried is not active or stored on the Server. You have to get a new SessionId and retry login.'),(4895,'2008-05-22 10:38:15',NULL,'false',542,9,'The SessionId is not loggedin or has no Admin rights. The SOAP Gateway needs an User with Admin-Rights to embed new Users.'),(4896,'2008-05-22 10:38:15',NULL,'false',543,9,'This Session has no Remoteuser-Data connected. Wether you did not call the SOAP-Gateway before accessing the Application or you are usnig a wrong Session-ID'),(4897,'2008-05-22 10:38:15',NULL,'false',544,9,'The recorder is currently Beta!'),(5150,'2008-05-22 10:38:25',NULL,'false',253,10,'%'),(5179,'2008-05-22 10:38:26',NULL,'false',282,10,'http://code.google.com/p/openmeetings/'),(5180,'2008-05-22 10:38:27',NULL,'false',283,10,'http://groups.google.com/group/openmeetings-user'),(5183,'2008-05-22 10:38:27',NULL,'false',286,10,'Project Website (code.google.com/p/openmeetings/)'),(5184,'2008-05-22 10:38:27',NULL,'false',287,10,'User Mailing List (groups.google.com/group/openmeetings-user)'),(5197,'2008-05-22 10:38:27',NULL,'false',300,10,''),(5230,'2008-05-22 10:38:28',NULL,'false',333,10,'OK'),(5273,'2008-05-22 10:38:30',NULL,'false',376,10,'hi,'),(5297,'2008-05-22 10:38:32',NULL,'false',400,10,''),(5350,'2008-05-22 10:38:34',NULL,'false',453,10,'MO'),(5351,'2008-05-22 10:38:34',NULL,'false',454,10,'TU'),(5352,'2008-05-22 10:38:34',NULL,'false',455,10,'WE'),(5353,'2008-05-22 10:38:34',NULL,'false',456,10,'TH'),(5354,'2008-05-22 10:38:34',NULL,'false',457,10,'FR'),(5355,'2008-05-22 10:38:34',NULL,'false',458,10,'SA'),(5356,'2008-05-22 10:38:34',NULL,'false',459,10,'SU'),(5364,'2008-05-22 10:38:35',NULL,'false',467,10,'CW'),(5381,'2008-05-22 10:38:35',NULL,'false',484,10,'X | Y'),(5382,'2008-05-22 10:38:36',NULL,'false',485,10,'Width | Height'),(5385,'2008-05-22 10:38:36',NULL,'false',488,10,'X'),(5388,'2008-05-22 10:38:36',NULL,'false',491,10,'X | Y'),(5392,'2008-05-22 10:38:36',NULL,'false',495,10,'X |Y'),(5432,'2008-05-22 10:38:38',NULL,'false',535,10,'This Invitation-Code is not valid.'),(5436,'2008-05-22 10:38:38',NULL,'false',539,10,'Browser'),(5437,'2008-05-22 10:38:38',NULL,'false',540,10,'Syncronize Audio/Video'),(5438,'2008-05-22 10:38:38',NULL,'false',541,10,'Login was correct, but the Session you tried is not active or stored on the Server. You have to get a new SessionId and retry login.'),(5439,'2008-05-22 10:38:38',NULL,'false',542,10,'The SessionId is not loggedin or has no Admin rights. The SOAP Gateway needs an User with Admin-Rights to embed new Users.'),(5440,'2008-05-22 10:38:38',NULL,'false',543,10,'This Session has no Remoteuser-Data connected. Wether you did not call the SOAP-Gateway before accessing the Application or you are usnig a wrong Session-ID'),(5441,'2008-05-22 10:38:38',NULL,'false',544,10,'The recorder is currently Beta!'),(5464,'2008-05-22 10:38:39',NULL,'false',23,11,'Info: Each connected user receives a message with the new poll.'),(5477,'2008-05-22 10:38:40',NULL,'false',36,11,'will wissen:'),(5527,'2008-05-22 10:38:47',NULL,'false',86,11,'italic'),(5538,'2008-05-22 10:38:48',NULL,'false',97,11,'You are not moderating this course!'),(5587,'2008-05-22 10:38:50',NULL,'false',146,11,'USER-ID'),(5648,'2008-05-22 10:38:54',NULL,'false',207,11,'snychronizing clients, clients to wait:'),(5650,'2008-05-22 10:38:55',NULL,'false',209,11,'snychronizing clients, clients to wait:'),(5664,'2008-05-22 10:38:56',NULL,'false',223,11,'nick'),(5681,'2008-05-22 10:38:57',NULL,'false',240,11,'Bad Bandwidth: You have not been able to syncronize the Screen. Frames will be dropped. If this Warning is shown often you could ask the moderator to reduce the Quality.'),(5682,'2008-05-22 10:38:57',NULL,'false',241,11,'Screen of:'),(5683,'2008-05-22 10:38:57',NULL,'false',242,11,'Paint'),(5684,'2008-05-22 10:38:57',NULL,'false',243,11,'Document'),(5685,'2008-05-22 10:38:57',NULL,'false',244,11,'Chat'),(5686,'2008-05-22 10:38:57',NULL,'false',245,11,'Files'),(5687,'2008-05-22 10:38:57',NULL,'false',246,11,'Members'),(5688,'2008-05-22 10:38:57',NULL,'false',247,11,'Download original document'),(5689,'2008-05-22 10:38:57',NULL,'false',248,11,'Download pdf document'),(5690,'2008-05-22 10:38:57',NULL,'false',249,11,'Load Presentation to whiteboard'),(5691,'2008-05-22 10:38:57',NULL,'false',250,11,'Configuration'),(5692,'2008-05-22 10:38:57',NULL,'false',251,11,'Drag this Object'),(5693,'2008-05-22 10:38:57',NULL,'false',252,11,'Resize this Object'),(5694,'2008-05-22 10:38:57',NULL,'false',253,11,'%'),(5695,'2008-05-22 10:38:57',NULL,'false',254,11,'of'),(5696,'2008-05-22 10:38:57',NULL,'false',255,11,'Go to first Page'),(5697,'2008-05-22 10:38:57',NULL,'false',256,11,'Go to previous Page'),(5698,'2008-05-22 10:38:57',NULL,'false',257,11,'Go to next Page'),(5699,'2008-05-22 10:38:58',NULL,'false',258,11,'Go to last Page'),(5700,'2008-05-22 10:38:58',NULL,'false',259,11,'Zoom --'),(5701,'2008-05-22 10:38:58',NULL,'false',260,11,'Zoom ++'),(5702,'2008-05-22 10:38:58',NULL,'false',261,11,'Mr.'),(5703,'2008-05-22 10:38:58',NULL,'false',262,11,'Ms.'),(5704,'2008-05-22 10:38:58',NULL,'false',263,11,'Configuration'),(5705,'2008-05-22 10:38:58',NULL,'false',264,11,'ID'),(5706,'2008-05-22 10:38:58',NULL,'false',265,11,'Key'),(5707,'2008-05-22 10:38:58',NULL,'false',266,11,'Configuration'),(5708,'2008-05-22 10:38:58',NULL,'false',267,11,'Key'),(5709,'2008-05-22 10:38:58',NULL,'false',268,11,'last update'),(5710,'2008-05-22 10:38:58',NULL,'false',269,11,'updatedby'),(5711,'2008-05-22 10:38:58',NULL,'false',270,11,'comment'),(5712,'2008-05-22 10:38:58',NULL,'false',271,11,'key'),(5713,'2008-05-22 10:38:58',NULL,'false',272,11,'of'),(5714,'2008-05-22 10:38:58',NULL,'false',273,11,'Users'),(5715,'2008-05-22 10:38:58',NULL,'false',274,11,'delete user from organisation'),(5716,'2008-05-22 10:38:58',NULL,'false',275,11,'delete'),(5717,'2008-05-22 10:38:58',NULL,'false',276,11,'This user is already member of this organisation.'),(5718,'2008-05-22 10:38:58',NULL,'false',277,11,'News'),(5719,'2008-05-22 10:38:58',NULL,'false',278,11,'Quicklinks'),(5720,'2008-05-22 10:38:58',NULL,'false',279,11,'Goto Conference'),(5721,'2008-05-22 10:38:58',NULL,'false',280,11,'Goto Auditorium'),(5722,'2008-05-22 10:38:59',NULL,'false',281,11,'Help and Support'),(5723,'2008-05-22 10:38:59',NULL,'false',282,11,'http://code.google.com/p/openmeetings/'),(5724,'2008-05-22 10:38:59',NULL,'false',283,11,'http://groups.google.com/group/openmeetings-user'),(5725,'2008-05-22 10:38:59',NULL,'false',284,11,'Report a bug!'),(5726,'2008-05-22 10:38:59',NULL,'false',285,11,'more'),(5727,'2008-05-22 10:38:59',NULL,'false',286,11,'Project Website (code.google.com/p/openmeetings/)'),(5728,'2008-05-22 10:38:59',NULL,'false',287,11,'User Mailing List (groups.google.com/group/openmeetings-user)'),(5729,'2008-05-22 10:38:59',NULL,'false',288,11,'Remember Login'),(5730,'2008-05-22 10:38:59',NULL,'false',289,11,'Content'),(5731,'2008-05-22 10:38:59',NULL,'false',290,11,'My Home Page'),(5732,'2008-05-22 10:38:59',NULL,'false',291,11,'My Scheduled Meetings'),(5733,'2008-05-22 10:38:59',NULL,'false',292,11,'My Scheduled Events'),(5734,'2008-05-22 10:38:59',NULL,'false',293,11,'Public Meetings'),(5735,'2008-05-22 10:38:59',NULL,'false',294,11,'Private Meetings'),(5736,'2008-05-22 10:38:59',NULL,'false',295,11,'Public Events'),(5737,'2008-05-22 10:38:59',NULL,'false',296,11,'Private Events'),(5738,'2008-05-22 10:38:59',NULL,'false',297,11,'Public Content'),(5739,'2008-05-22 10:38:59',NULL,'false',298,11,'Private Content'),(5740,'2008-05-22 10:38:59',NULL,'false',299,11,'Personal Content'),(5741,'2008-05-22 10:38:59',NULL,'false',300,11,''),(5742,'2008-05-22 10:38:59',NULL,'false',301,11,'Moderation'),(5743,'2008-05-22 10:38:59',NULL,'false',302,11,'Apply for Moderation'),(5744,'2008-05-22 10:38:59',NULL,'false',303,11,'Polls'),(5745,'2008-05-22 10:39:00',NULL,'false',304,11,'Choose a file'),(5746,'2008-05-22 10:39:00',NULL,'false',305,11,'Settings'),(5747,'2008-05-22 10:39:00',NULL,'false',306,11,'Cam and Mic Settings'),(5748,'2008-05-22 10:39:00',NULL,'false',307,11,'Whiteboard Settings'),(5749,'2008-05-22 10:39:00',NULL,'false',308,11,'Exit'),(5750,'2008-05-22 10:39:00',NULL,'false',309,11,'Back to Rooms'),(5751,'2008-05-22 10:39:00',NULL,'false',310,11,'Logout'),(5752,'2008-05-22 10:39:00',NULL,'false',311,11,'Desktop Viewer'),(5753,'2008-05-22 10:39:00',NULL,'false',312,11,'start Desktop Viewer'),(5754,'2008-05-22 10:39:00',NULL,'false',313,11,'Video and Audio'),(5755,'2008-05-22 10:39:00',NULL,'false',314,11,'Chat'),(5756,'2008-05-22 10:39:00',NULL,'false',315,11,'Whiteboard'),(5757,'2008-05-22 10:39:00',NULL,'false',316,11,'Moderation'),(5758,'2008-05-22 10:39:00',NULL,'false',317,11,'Files'),(5759,'2008-05-22 10:39:00',NULL,'false',318,11,'Users'),(5760,'2008-05-22 10:39:00',NULL,'false',319,11,'Polls'),(5761,'2008-05-22 10:39:00',NULL,'false',320,11,'There is no User connected to this Username'),(5762,'2008-05-22 10:39:00',NULL,'false',321,11,'The email containing a special link has been sent to your email address, please check your mailbox. If you still have not received a email, please adjust your email spam settings and resend confirmation email.'),(5763,'2008-05-22 10:39:00',NULL,'false',322,11,'Error'),(5764,'2008-05-22 10:39:00',NULL,'false',323,11,'Message'),(5765,'2008-05-22 10:39:00',NULL,'false',324,11,'Invalid Hash. No User found.'),(5766,'2008-05-22 10:39:00',NULL,'false',325,11,'Reset Your Password'),(5767,'2008-05-22 10:39:01',NULL,'false',326,11,'Login'),(5768,'2008-05-22 10:39:01',NULL,'false',327,11,'change Password'),(5769,'2008-05-22 10:39:01',NULL,'false',328,11,'new Password'),(5770,'2008-05-22 10:39:01',NULL,'false',329,11,'re-enter Password'),(5771,'2008-05-22 10:39:01',NULL,'false',330,11,'The Passwords you entered weren\'t identical.'),(5772,'2008-05-22 10:39:01',NULL,'false',331,11,'4 or more characters; capitalization matters!'),(5773,'2008-05-22 10:39:01',NULL,'false',332,11,'Password set. You can login now.'),(5774,'2008-05-22 10:39:01',NULL,'false',333,11,'OK'),(5775,'2008-05-22 10:39:01',NULL,'false',334,11,'Unkown Error. Please report this to your Service-Team.'),(5776,'2008-05-22 10:39:01',NULL,'false',335,11,'Username not found'),(5777,'2008-05-22 10:39:01',NULL,'false',336,11,'Invalid Password'),(5778,'2008-05-22 10:39:01',NULL,'false',337,11,'Successfully Logged out'),(5779,'2008-05-22 10:39:01',NULL,'false',338,11,'Frontend Registration disabled.'),(5780,'2008-05-22 10:39:01',NULL,'false',339,11,'Invalid EMail'),(5781,'2008-05-22 10:39:01',NULL,'false',340,11,'duplicate filename, please choose another filename'),(5782,'2008-05-22 10:39:01',NULL,'false',341,11,'filename too short'),(5783,'2008-05-22 10:39:01',NULL,'false',342,11,'Could not save Address'),(5784,'2008-05-22 10:39:01',NULL,'false',343,11,'User added but you need to assign this User to an Organisation, otherwise he won\'t be able to sign-in.'),(5785,'2008-05-22 10:39:01',NULL,'false',344,11,'New Record'),(5786,'2008-05-22 10:39:01',NULL,'false',345,11,'No Field found with this FieldId.'),(5787,'2008-05-22 10:39:01',NULL,'false',346,11,'No Label found for that Field.'),(5788,'2008-05-22 10:39:01',NULL,'false',347,11,'Admin Authorization required'),(5789,'2008-05-22 10:39:02',NULL,'false',348,11,'Language-Editor'),(5790,'2008-05-22 10:39:02',NULL,'false',349,11,'Language'),(5791,'2008-05-22 10:39:02',NULL,'false',350,11,'Label-ID'),(5792,'2008-05-22 10:39:02',NULL,'false',351,11,'Label-Name'),(5793,'2008-05-22 10:39:02',NULL,'false',352,11,'Value'),(5794,'2008-05-22 10:39:02',NULL,'false',353,11,'Fieldvalues'),(5795,'2008-05-22 10:39:02',NULL,'false',354,11,'LabelName'),(5796,'2008-05-22 10:39:02',NULL,'false',355,11,'LabelValue'),(5797,'2008-05-22 10:39:02',NULL,'false',356,11,'Label-ID'),(5798,'2008-05-22 10:39:02',NULL,'false',357,11,'You did only delete the Label NOT the Field! You cannot delete the Field, it may has Labels in other Languages.'),(5799,'2008-05-22 10:39:02',NULL,'false',358,11,'Invalid Labelid. The FieldLanguagesvalues_Id cannot be found in the database.'),(5800,'2008-05-22 10:39:02',NULL,'false',359,11,'You cannot delete this Field. You can only delete Labels NOT Fields. There is no Label loaded at the moment, wether it is not selected any Field or there is no Label for this Language for that Field defined.'),(5801,'2008-05-22 10:39:02',NULL,'false',360,11,'export'),(5802,'2008-05-22 10:39:02',NULL,'false',361,11,'You need to logout to see any changes.'),(5803,'2008-05-22 10:39:02',NULL,'false',362,11,'Add new language'),(5804,'2008-05-22 10:39:02',NULL,'false',363,11,'delete language'),(5805,'2008-05-22 10:39:02',NULL,'false',364,11,'Add new language'),(5806,'2008-05-22 10:39:02',NULL,'false',365,11,'Name'),(5807,'2008-05-22 10:39:02',NULL,'false',366,11,'add language'),(5808,'2008-05-22 10:39:02',NULL,'false',367,11,'Backup'),(5809,'2008-05-22 10:39:02',NULL,'false',368,11,'goto first'),(5810,'2008-05-22 10:39:02',NULL,'false',369,11,'goto previous'),(5811,'2008-05-22 10:39:02',NULL,'false',370,11,'goto next'),(5812,'2008-05-22 10:39:03',NULL,'false',371,11,'goto last'),(5813,'2008-05-22 10:39:03',NULL,'false',372,11,'user speaks'),(5814,'2008-05-22 10:39:03',NULL,'false',373,11,'turn sound on/off'),(5815,'2008-05-22 10:39:03',NULL,'false',374,11,'System'),(5816,'2008-05-22 10:39:03',NULL,'false',375,11,'Your Settings'),(5817,'2008-05-22 10:39:03',NULL,'false',376,11,'hi,'),(5818,'2008-05-22 10:39:03',NULL,'false',377,11,'Edit your profile'),(5819,'2008-05-22 10:39:03',NULL,'false',378,11,'New Messages:'),(5820,'2008-05-22 10:39:03',NULL,'false',379,11,'Upload new Image'),(5821,'2008-05-22 10:39:03',NULL,'false',380,11,'Userdata - Export'),(5822,'2008-05-22 10:39:03',NULL,'false',381,11,'All organisations must be already existing!'),(5823,'2008-05-22 10:39:03',NULL,'false',382,11,'start export'),(5824,'2008-05-22 10:39:03',NULL,'false',383,11,'By organisation'),(5825,'2008-05-22 10:39:03',NULL,'false',384,11,'start export'),(5826,'2008-05-22 10:39:03',NULL,'false',385,11,'Userdata - Import'),(5827,'2008-05-22 10:39:03',NULL,'false',386,11,'choose users.xml'),(5828,'2008-05-22 10:39:03',NULL,'false',387,11,'import'),(5829,'2008-05-22 10:39:03',NULL,'false',388,11,'Export to XML - These files can be used to: \n		- Contribute to the project \n		- Import into another System \n		- Backup \n		- Customization \n		- Put it into the language-directory for your next installation'),(5830,'2008-05-22 10:39:03',NULL,'false',389,11,'Choose a language file to import. Choose the right Langauge from the Combobox! \n		No matter what the name of the file is, it will be imported into this language!'),(5831,'2008-05-22 10:39:03',NULL,'false',390,11,'import - choose file'),(5832,'2008-05-22 10:39:03',NULL,'false',391,11,'Save as'),(5833,'2008-05-22 10:39:03',NULL,'false',392,11,'Name:'),(5834,'2008-05-22 10:39:03',NULL,'false',393,11,'Comment:'),(5835,'2008-05-22 10:39:04',NULL,'false',394,11,'save'),(5836,'2008-05-22 10:39:04',NULL,'false',395,11,'Recordings'),(5837,'2008-05-22 10:39:04',NULL,'false',396,11,'Recordings Viewer'),(5838,'2008-05-22 10:39:04',NULL,'false',397,11,'Recordings of public and private Rooms'),(5839,'2008-05-22 10:39:04',NULL,'false',398,11,'Users :'),(5840,'2008-05-22 10:39:04',NULL,'false',399,11,'Joined:'),(5841,'2008-05-22 10:39:04',NULL,'false',400,11,''),(5842,'2008-05-22 10:39:04',NULL,'false',401,11,'Users in this Room:'),(5843,'2008-05-22 10:39:04',NULL,'false',402,11,'refresh'),(5844,'2008-05-22 10:39:04',NULL,'false',403,11,'This Room is Full. Try again in a few minutes.'),(5845,'2008-05-22 10:39:04',NULL,'false',404,11,'click on a room to get details'),(5846,'2008-05-22 10:39:04',NULL,'false',405,11,'Chat with the users in this Room:'),(5847,'2008-05-22 10:39:04',NULL,'false',406,11,'Room:'),(5848,'2008-05-22 10:39:04',NULL,'false',407,11,'Users in this room:'),(5849,'2008-05-22 10:39:04',NULL,'false',408,11,'since:'),(5850,'2008-05-22 10:39:04',NULL,'false',409,11,'play recording'),(5851,'2008-05-22 10:39:04',NULL,'false',410,11,'Length:'),(5852,'2008-05-22 10:39:04',NULL,'false',411,11,'Date:'),(5853,'2008-05-22 10:39:04',NULL,'false',412,11,'Recorder Mode! You cannot change any values, this is a recorded File!'),(5854,'2008-05-22 10:39:04',NULL,'false',413,11,'Play this recording'),(5855,'2008-05-22 10:39:04',NULL,'false',414,11,'Play / Pause'),(5856,'2008-05-22 10:39:04',NULL,'false',415,11,'Start recording'),(5857,'2008-05-22 10:39:05',NULL,'false',416,11,'stop recording'),(5858,'2008-05-22 10:39:05',NULL,'false',417,11,'Recording:'),(5859,'2008-05-22 10:39:05',NULL,'false',418,11,'There is already somebody recording at the moment:'),(5860,'2008-05-22 10:39:05',NULL,'false',419,11,'Recording! By User:'),(5861,'2008-05-22 10:39:05',NULL,'false',420,11,'cancel'),(5862,'2008-05-22 10:39:05',NULL,'false',421,11,'Recording will be canceled and not saved.'),(5863,'2008-05-22 10:39:05',NULL,'false',422,11,'resume'),(5864,'2008-05-22 10:39:05',NULL,'false',423,11,'Close this window and resume recording'),(5865,'2008-05-22 10:39:05',NULL,'false',424,11,'change Linecolor'),(5866,'2008-05-22 10:39:05',NULL,'false',425,11,'Choose Color'),(5867,'2008-05-22 10:39:05',NULL,'false',426,11,'Disable / Enable Linecolor'),(5868,'2008-05-22 10:39:05',NULL,'false',427,11,'change Fillcolor'),(5869,'2008-05-22 10:39:05',NULL,'false',428,11,'Disable / Enable Fillcolor'),(5870,'2008-05-22 10:39:05',NULL,'false',429,11,'Change Linewidth'),(5871,'2008-05-22 10:39:05',NULL,'false',430,11,'close'),(5872,'2008-05-22 10:39:05',NULL,'false',431,11,'change Fontsize'),(5873,'2008-05-22 10:39:05',NULL,'false',432,11,'Delete Recording'),(5874,'2008-05-22 10:39:05',NULL,'false',433,11,'Guest'),(5875,'2008-05-22 10:39:05',NULL,'false',434,11,'By:'),(5876,'2008-05-22 10:39:05',NULL,'false',435,11,'Name'),(5877,'2008-05-22 10:39:05',NULL,'false',436,11,'Room'),(5878,'2008-05-22 10:39:05',NULL,'false',437,11,'Date'),(5879,'2008-05-22 10:39:05',NULL,'false',438,11,'cancel'),(5880,'2008-05-22 10:39:05',NULL,'false',439,11,'start'),(5881,'2008-05-22 10:39:06',NULL,'false',440,11,'Name'),(5882,'2008-05-22 10:39:06',NULL,'false',441,11,'Date'),(5883,'2008-05-22 10:39:06',NULL,'false',442,11,'Delete Server-Chatlog'),(5884,'2008-05-22 10:39:06',NULL,'false',443,11,'Chat'),(5885,'2008-05-22 10:39:06',NULL,'false',444,11,'send message'),(5886,'2008-05-22 10:39:06',NULL,'false',445,11,'Emoticons'),(5887,'2008-05-22 10:39:06',NULL,'false',446,11,'Emoticons'),(5888,'2008-05-22 10:39:06',NULL,'false',447,11,'Choose Published Devices'),(5889,'2008-05-22 10:39:06',NULL,'false',448,11,'Audio and Video'),(5890,'2008-05-22 10:39:06',NULL,'false',449,11,'Audio only'),(5891,'2008-05-22 10:39:06',NULL,'false',450,11,'Video only'),(5892,'2008-05-22 10:39:06',NULL,'false',451,11,'no Audio/Video (static Image)'),(5893,'2008-05-22 10:39:06',NULL,'false',452,11,'No Audio/Video from your PC will be published, instead of that a picture from your profile will be shown. Choose these settings if you have problems with your bandwidth or a very slow Internet connection.'),(5894,'2008-05-22 10:39:06',NULL,'false',453,11,'MO'),(5895,'2008-05-22 10:39:06',NULL,'false',454,11,'TU'),(5896,'2008-05-22 10:39:06',NULL,'false',455,11,'WE'),(5897,'2008-05-22 10:39:06',NULL,'false',456,11,'TH'),(5898,'2008-05-22 10:39:06',NULL,'false',457,11,'FR'),(5899,'2008-05-22 10:39:06',NULL,'false',458,11,'SA'),(5900,'2008-05-22 10:39:06',NULL,'false',459,11,'SU'),(5901,'2008-05-22 10:39:06',NULL,'false',460,11,'Monday'),(5902,'2008-05-22 10:39:06',NULL,'false',461,11,'Tuesday'),(5903,'2008-05-22 10:39:07',NULL,'false',462,11,'Wednesday'),(5904,'2008-05-22 10:39:07',NULL,'false',463,11,'Thursday'),(5905,'2008-05-22 10:39:07',NULL,'false',464,11,'Friday'),(5906,'2008-05-22 10:39:07',NULL,'false',465,11,'Saturday'),(5907,'2008-05-22 10:39:07',NULL,'false',466,11,'Sunday'),(5908,'2008-05-22 10:39:07',NULL,'false',467,11,'CW'),(5909,'2008-05-22 10:39:07',NULL,'false',468,11,'Calendar week'),(5910,'2008-05-22 10:39:07',NULL,'false',469,11,'January'),(5911,'2008-05-22 10:39:07',NULL,'false',470,11,'February'),(5912,'2008-05-22 10:39:07',NULL,'false',471,11,'March'),(5913,'2008-05-22 10:39:07',NULL,'false',472,11,'April'),(5914,'2008-05-22 10:39:07',NULL,'false',473,11,'May'),(5915,'2008-05-22 10:39:07',NULL,'false',474,11,'June'),(5916,'2008-05-22 10:39:07',NULL,'false',475,11,'July'),(5917,'2008-05-22 10:39:07',NULL,'false',476,11,'August'),(5918,'2008-05-22 10:39:07',NULL,'false',477,11,'September'),(5919,'2008-05-22 10:39:07',NULL,'false',478,11,'October'),(5920,'2008-05-22 10:39:07',NULL,'false',479,11,'November'),(5921,'2008-05-22 10:39:07',NULL,'false',480,11,'December'),(5922,'2008-05-22 10:39:08',NULL,'false',481,11,'Calendar'),(5923,'2008-05-22 10:39:08',NULL,'false',482,11,'Participants'),(5924,'2008-05-22 10:39:08',NULL,'false',483,11,'Show Layout Settings'),(5925,'2008-05-22 10:39:08',NULL,'false',484,11,'X | Y'),(5926,'2008-05-22 10:39:08',NULL,'false',485,11,'Width | Height'),(5927,'2008-05-22 10:39:08',NULL,'false',486,11,'Video-Container'),(5928,'2008-05-22 10:39:08',NULL,'false',487,11,'Moderation-Container'),(5929,'2008-05-22 10:39:08',NULL,'false',488,11,'X'),(5930,'2008-05-22 10:39:08',NULL,'false',489,11,'Whiteboard-Container'),(5931,'2008-05-22 10:39:08',NULL,'false',490,11,'Enabled'),(5932,'2008-05-22 10:39:08',NULL,'false',491,11,'X | Y'),(5933,'2008-05-22 10:39:08',NULL,'false',492,11,'Width | Height'),(5934,'2008-05-22 10:39:08',NULL,'false',493,11,'Files,Chat,Partizipants - Container'),(5935,'2008-05-22 10:39:08',NULL,'false',494,11,'Enabled'),(5936,'2008-05-22 10:39:08',NULL,'false',495,11,'X |Y'),(5937,'2008-05-22 10:39:08',NULL,'false',496,11,'Width | Height'),(5938,'2008-05-22 10:39:08',NULL,'false',497,11,'The Moderator has left the Room. No one is presenting at the Moment. You could apply for Moderation or wait.'),(5939,'2008-05-22 10:39:08',NULL,'false',498,11,'There is no Moderator in this Room, but there are some Participants. You have to apply for Moderation or wait.'),(5940,'2008-05-22 10:39:08',NULL,'false',499,11,'Feedback OpenMeetings'),(5941,'2008-05-22 10:39:08',NULL,'false',500,11,'OpenMeetings - Invitation'),(5942,'2008-05-22 10:39:08',NULL,'false',501,11,'Message from User:'),(5943,'2008-05-22 10:39:08',NULL,'false',502,11,'Message:'),(5944,'2008-05-22 10:39:08',NULL,'false',503,11,'Click this link to participate in the Meetings:'),(5945,'2008-05-22 10:39:09',NULL,'false',504,11,'Click here to enter room'),(5946,'2008-05-22 10:39:09',NULL,'false',505,11,'if you have problems with the link, please copy and paste this to your browser:'),(5947,'2008-05-22 10:39:09',NULL,'false',506,11,'OpenMeetings SignUp'),(5948,'2008-05-22 10:39:09',NULL,'false',507,11,'Your userdata:'),(5949,'2008-05-22 10:39:09',NULL,'false',508,11,'Login:'),(5950,'2008-05-22 10:39:09',NULL,'false',509,11,'Pass:'),(5951,'2008-05-22 10:39:09',NULL,'false',510,11,'EMail:'),(5952,'2008-05-22 10:39:09',NULL,'false',511,11,'OpenMeetings-Team'),(5953,'2008-05-22 10:39:09',NULL,'false',512,11,'OpenMeetings Sign-Up'),(5954,'2008-05-22 10:39:09',NULL,'false',513,11,'OpenMeetings - Reset Password'),(5955,'2008-05-22 10:39:09',NULL,'false',514,11,'Click on this link to enter a new password:'),(5956,'2008-05-22 10:39:09',NULL,'false',515,11,'Click here to enter a new Password'),(5957,'2008-05-22 10:39:09',NULL,'false',516,11,'if you have problems with the link, please copy and paste this to your browser:'),(5958,'2008-05-22 10:39:09',NULL,'false',517,11,'OpenMeetings Password Reset'),(5959,'2008-05-22 10:39:09',NULL,'false',518,11,'Please enter a valid Date, for example 24.12.2001 (dd.mm.yyyy)'),(5960,'2008-05-22 10:39:09',NULL,'false',519,11,'Please enter a valid EMail, for example name@mail.com'),(5961,'2008-05-22 10:39:09',NULL,'false',520,11,'Please enter a Float-Number, for example 1.00'),(5962,'2008-05-22 10:39:09',NULL,'false',521,11,'Please enter a Number (Integer), for example 100'),(5963,'2008-05-22 10:39:09',NULL,'false',522,11,'Please enter a valid Phone number, for example ++49 0123 123123'),(5964,'2008-05-22 10:39:09',NULL,'false',523,11,'Please enter a valid time, for example 12:23 (hh:mm)'),(5965,'2008-05-22 10:39:09',NULL,'false',524,11,'Passwort protected'),(5966,'2008-05-22 10:39:09',NULL,'false',525,11,'Password'),(5967,'2008-05-22 10:39:10',NULL,'false',526,11,'Validity period'),(5968,'2008-05-22 10:39:10',NULL,'false',527,11,'Endless'),(5969,'2008-05-22 10:39:10',NULL,'false',528,11,'Period'),(5970,'2008-05-22 10:39:10',NULL,'false',529,11,'One-Time'),(5971,'2008-05-22 10:39:10',NULL,'false',530,11,'Valid From:'),(5972,'2008-05-22 10:39:10',NULL,'false',531,11,'Valid to:'),(5973,'2008-05-22 10:39:10',NULL,'false',532,11,'Invitation To OpenMeetings'),(5974,'2008-05-22 10:39:10',NULL,'false',533,11,'Not Invitation availible for this Invitation-Code'),(5975,'2008-05-22 10:39:10',NULL,'false',534,11,'The Invitation was already used. This type of Invitation cannot be re-used.'),(5976,'2008-05-22 10:39:10',NULL,'false',535,11,'This Invitation-Code is not valid.'),(5977,'2008-05-22 10:39:10',NULL,'false',536,11,'Password:'),(5978,'2008-05-22 10:39:10',NULL,'false',537,11,'Check Password'),(5979,'2008-05-22 10:39:10',NULL,'false',538,11,'Invalid Password!'),(5980,'2008-05-22 10:39:10',NULL,'false',539,11,'Browser'),(5981,'2008-05-22 10:39:10',NULL,'false',540,11,'Syncronize Audio/Video'),(5982,'2008-05-22 10:39:10',NULL,'false',541,11,'Login was correct, but the Session you tried is not active or stored on the Server. You have to get a new SessionId and retry login.'),(5983,'2008-05-22 10:39:10',NULL,'false',542,11,'The SessionId is not loggedin or has no Admin rights. The SOAP Gateway needs an User with Admin-Rights to embed new Users.'),(5984,'2008-05-22 10:39:10',NULL,'false',543,11,'This Session has no Remoteuser-Data connected. Wether you did not call the SOAP-Gateway before accessing the Application or you are usnig a wrong Session-ID'),(5985,'2008-05-22 10:39:10',NULL,'false',544,11,'The recorder is currently Beta!'),(6102,'2008-05-22 10:39:16',NULL,'false',117,12,'Firstname :'),(6103,'2008-05-22 10:39:16',NULL,'false',118,12,'Lastname :'),(6120,'2008-05-22 10:39:17',NULL,'false',135,12,'Firstname'),(6121,'2008-05-22 10:39:17',NULL,'false',136,12,'Lastname'),(6128,'2008-05-22 10:39:17',NULL,'false',143,12,'Userdata'),(6133,'2008-05-22 10:39:17',NULL,'false',148,12,'Firstname'),(6134,'2008-05-22 10:39:17',NULL,'false',149,12,'Lastname'),(6154,'2008-05-22 10:39:18',NULL,'false',169,12,'Userlevel'),(6171,'2008-05-22 10:39:19',NULL,'false',186,12,'Conferencerooms'),(6172,'2008-05-22 10:39:19',NULL,'false',187,12,'Conferencerooms'),(6177,'2008-05-22 10:39:20',NULL,'false',192,12,'Meetingrooms'),(6206,'2008-05-22 10:39:21',NULL,'false',221,12,'Userdata'),(6209,'2008-05-22 10:39:21',NULL,'false',224,12,'Firstname'),(6210,'2008-05-22 10:39:21',NULL,'false',225,12,'Lastname'),(6254,'2008-05-22 10:39:23',NULL,'false',269,12,'Updatedby'),(6263,'2008-05-22 10:39:24',NULL,'false',278,12,'Quicklinks'),(6267,'2008-05-22 10:39:25',NULL,'false',282,12,'Http://code.google.com/p/openmeetings/'),(6268,'2008-05-22 10:39:25',NULL,'false',283,12,'Http://groups.google.com/group/openmeetings-user'),(6285,'2008-05-22 10:39:26',NULL,'false',300,12,''),(6295,'2008-05-22 10:39:26',NULL,'false',310,12,'Logout'),(6296,'2008-05-22 10:39:26',NULL,'false',311,12,'Desktop Viewer'),(6297,'2008-05-22 10:39:26',NULL,'false',312,12,'start Desktop Viewer'),(6298,'2008-05-22 10:39:26',NULL,'false',313,12,'Video and Audio'),(6299,'2008-05-22 10:39:26',NULL,'false',314,12,'Chat'),(6300,'2008-05-22 10:39:26',NULL,'false',315,12,'Whiteboard'),(6301,'2008-05-22 10:39:26',NULL,'false',316,12,'Moderation'),(6302,'2008-05-22 10:39:26',NULL,'false',317,12,'Files'),(6303,'2008-05-22 10:39:26',NULL,'false',318,12,'Users'),(6304,'2008-05-22 10:39:27',NULL,'false',319,12,'Polls'),(6305,'2008-05-22 10:39:27',NULL,'false',320,12,'There is no User connected to this Username'),(6306,'2008-05-22 10:39:27',NULL,'false',321,12,'The email containing a special link has been sent to your email address, please check your mailbox. If you still have not received a email, please adjust your email spam settings and resend confirmation email.'),(6307,'2008-05-22 10:39:27',NULL,'false',322,12,'Error'),(6308,'2008-05-22 10:39:27',NULL,'false',323,12,'Message'),(6309,'2008-05-22 10:39:27',NULL,'false',324,12,'Invalid Hash. No User found.'),(6310,'2008-05-22 10:39:27',NULL,'false',325,12,'Reset Your Password'),(6311,'2008-05-22 10:39:27',NULL,'false',326,12,'Login'),(6312,'2008-05-22 10:39:27',NULL,'false',327,12,'change Password'),(6313,'2008-05-22 10:39:27',NULL,'false',328,12,'new Password'),(6314,'2008-05-22 10:39:27',NULL,'false',329,12,'re-enter Password'),(6315,'2008-05-22 10:39:27',NULL,'false',330,12,'The Passwords you entered weren\'t identical.'),(6316,'2008-05-22 10:39:27',NULL,'false',331,12,'4 or more characters; capitalization matters!'),(6317,'2008-05-22 10:39:27',NULL,'false',332,12,'Password set. You can login now.'),(6318,'2008-05-22 10:39:27',NULL,'false',333,12,'OK'),(6319,'2008-05-22 10:39:27',NULL,'false',334,12,'Unkown Error. Please report this to your Service-Team.'),(6320,'2008-05-22 10:39:27',NULL,'false',335,12,'Username not found'),(6321,'2008-05-22 10:39:27',NULL,'false',336,12,'Invalid Password'),(6322,'2008-05-22 10:39:27',NULL,'false',337,12,'Successfully Logged out'),(6323,'2008-05-22 10:39:27',NULL,'false',338,12,'Frontend Registration disabled.'),(6324,'2008-05-22 10:39:28',NULL,'false',339,12,'Invalid EMail'),(6325,'2008-05-22 10:39:28',NULL,'false',340,12,'duplicate filename, please choose another filename'),(6326,'2008-05-22 10:39:28',NULL,'false',341,12,'filename too short'),(6327,'2008-05-22 10:39:28',NULL,'false',342,12,'Could not save Address'),(6328,'2008-05-22 10:39:28',NULL,'false',343,12,'User added but you need to assign this User to an Organisation, otherwise he won\'t be able to sign-in.'),(6329,'2008-05-22 10:39:28',NULL,'false',344,12,'New Record'),(6330,'2008-05-22 10:39:28',NULL,'false',345,12,'No Field found with this FieldId.'),(6331,'2008-05-22 10:39:28',NULL,'false',346,12,'No Label found for that Field.'),(6332,'2008-05-22 10:39:28',NULL,'false',347,12,'Admin Authorization required'),(6333,'2008-05-22 10:39:28',NULL,'false',348,12,'Language-Editor'),(6334,'2008-05-22 10:39:28',NULL,'false',349,12,'Language'),(6335,'2008-05-22 10:39:28',NULL,'false',350,12,'Label-ID'),(6336,'2008-05-22 10:39:28',NULL,'false',351,12,'Label-Name'),(6337,'2008-05-22 10:39:28',NULL,'false',352,12,'Value'),(6338,'2008-05-22 10:39:28',NULL,'false',353,12,'Fieldvalues'),(6339,'2008-05-22 10:39:28',NULL,'false',354,12,'LabelName'),(6340,'2008-05-22 10:39:28',NULL,'false',355,12,'LabelValue'),(6341,'2008-05-22 10:39:28',NULL,'false',356,12,'Label-ID'),(6342,'2008-05-22 10:39:28',NULL,'false',357,12,'You did only delete the Label NOT the Field! You cannot delete the Field, it may has Labels in other Languages.'),(6343,'2008-05-22 10:39:28',NULL,'false',358,12,'Invalid Labelid. The FieldLanguagesvalues_Id cannot be found in the database.'),(6344,'2008-05-22 10:39:29',NULL,'false',359,12,'You cannot delete this Field. You can only delete Labels NOT Fields. There is no Label loaded at the moment, wether it is not selected any Field or there is no Label for this Language for that Field defined.'),(6345,'2008-05-22 10:39:29',NULL,'false',360,12,'export'),(6346,'2008-05-22 10:39:29',NULL,'false',361,12,'You need to logout to see any changes.'),(6347,'2008-05-22 10:39:29',NULL,'false',362,12,'Add new language'),(6348,'2008-05-22 10:39:29',NULL,'false',363,12,'delete language'),(6349,'2008-05-22 10:39:29',NULL,'false',364,12,'Add new language'),(6350,'2008-05-22 10:39:29',NULL,'false',365,12,'Name'),(6351,'2008-05-22 10:39:29',NULL,'false',366,12,'add language'),(6352,'2008-05-22 10:39:29',NULL,'false',367,12,'Backup'),(6353,'2008-05-22 10:39:29',NULL,'false',368,12,'goto first'),(6354,'2008-05-22 10:39:29',NULL,'false',369,12,'goto previous'),(6355,'2008-05-22 10:39:29',NULL,'false',370,12,'goto next'),(6356,'2008-05-22 10:39:29',NULL,'false',371,12,'goto last'),(6357,'2008-05-22 10:39:29',NULL,'false',372,12,'user speaks'),(6358,'2008-05-22 10:39:29',NULL,'false',373,12,'turn sound on/off'),(6359,'2008-05-22 10:39:29',NULL,'false',374,12,'System'),(6360,'2008-05-22 10:39:29',NULL,'false',375,12,'Your Settings'),(6361,'2008-05-22 10:39:29',NULL,'false',376,12,'hi,'),(6362,'2008-05-22 10:39:29',NULL,'false',377,12,'Edit your profile'),(6363,'2008-05-22 10:39:29',NULL,'false',378,12,'New Messages:'),(6364,'2008-05-22 10:39:30',NULL,'false',379,12,'Upload new Image'),(6365,'2008-05-22 10:39:30',NULL,'false',380,12,'Userdata - Export'),(6366,'2008-05-22 10:39:30',NULL,'false',381,12,'All organisations must be already existing!'),(6367,'2008-05-22 10:39:30',NULL,'false',382,12,'start export'),(6368,'2008-05-22 10:39:30',NULL,'false',383,12,'By organisation'),(6369,'2008-05-22 10:39:30',NULL,'false',384,12,'start export'),(6370,'2008-05-22 10:39:30',NULL,'false',385,12,'Userdata - Import'),(6371,'2008-05-22 10:39:30',NULL,'false',386,12,'choose users.xml'),(6372,'2008-05-22 10:39:30',NULL,'false',387,12,'import'),(6373,'2008-05-22 10:39:30',NULL,'false',388,12,'Export to XML - These files can be used to: \n		- Contribute to the project \n		- Import into another System \n		- Backup \n		- Customization \n		- Put it into the language-directory for your next installation'),(6374,'2008-05-22 10:39:30',NULL,'false',389,12,'Choose a language file to import. Choose the right Langauge from the Combobox! \n		No matter what the name of the file is, it will be imported into this language!'),(6375,'2008-05-22 10:39:30',NULL,'false',390,12,'import - choose file'),(6376,'2008-05-22 10:39:30',NULL,'false',391,12,'Save as'),(6377,'2008-05-22 10:39:30',NULL,'false',392,12,'Name:'),(6378,'2008-05-22 10:39:30',NULL,'false',393,12,'Comment:'),(6379,'2008-05-22 10:39:30',NULL,'false',394,12,'save'),(6380,'2008-05-22 10:39:30',NULL,'false',395,12,'Recordings'),(6381,'2008-05-22 10:39:30',NULL,'false',396,12,'Recordings Viewer'),(6382,'2008-05-22 10:39:30',NULL,'false',397,12,'Recordings of public and private Rooms'),(6383,'2008-05-22 10:39:30',NULL,'false',398,12,'Users :'),(6384,'2008-05-22 10:39:31',NULL,'false',399,12,'Joined:'),(6385,'2008-05-22 10:39:31',NULL,'false',400,12,''),(6386,'2008-05-22 10:39:31',NULL,'false',401,12,'Users in this Room:'),(6387,'2008-05-22 10:39:31',NULL,'false',402,12,'refresh'),(6388,'2008-05-22 10:39:31',NULL,'false',403,12,'This Room is Full. Try again in a few minutes.'),(6389,'2008-05-22 10:39:31',NULL,'false',404,12,'click on a room to get details'),(6390,'2008-05-22 10:39:31',NULL,'false',405,12,'Chat with the users in this Room:'),(6391,'2008-05-22 10:39:31',NULL,'false',406,12,'Room:'),(6392,'2008-05-22 10:39:31',NULL,'false',407,12,'Users in this room:'),(6393,'2008-05-22 10:39:31',NULL,'false',408,12,'since:'),(6394,'2008-05-22 10:39:31',NULL,'false',409,12,'play recording'),(6395,'2008-05-22 10:39:31',NULL,'false',410,12,'Length:'),(6396,'2008-05-22 10:39:31',NULL,'false',411,12,'Date:'),(6397,'2008-05-22 10:39:31',NULL,'false',412,12,'Recorder Mode! You cannot change any values, this is a recorded File!'),(6398,'2008-05-22 10:39:31',NULL,'false',413,12,'Play this recording'),(6399,'2008-05-22 10:39:31',NULL,'false',414,12,'Play / Pause'),(6400,'2008-05-22 10:39:31',NULL,'false',415,12,'Start recording'),(6401,'2008-05-22 10:39:31',NULL,'false',416,12,'stop recording'),(6402,'2008-05-22 10:39:31',NULL,'false',417,12,'Recording:'),(6403,'2008-05-22 10:39:32',NULL,'false',418,12,'There is already somebody recording at the moment:'),(6404,'2008-05-22 10:39:32',NULL,'false',419,12,'Recording! By User:'),(6405,'2008-05-22 10:39:32',NULL,'false',420,12,'cancel'),(6406,'2008-05-22 10:39:32',NULL,'false',421,12,'Recording will be canceled and not saved.'),(6407,'2008-05-22 10:39:32',NULL,'false',422,12,'resume'),(6408,'2008-05-22 10:39:32',NULL,'false',423,12,'Close this window and resume recording'),(6409,'2008-05-22 10:39:32',NULL,'false',424,12,'change Linecolor'),(6410,'2008-05-22 10:39:32',NULL,'false',425,12,'Choose Color'),(6411,'2008-05-22 10:39:32',NULL,'false',426,12,'Disable / Enable Linecolor'),(6412,'2008-05-22 10:39:32',NULL,'false',427,12,'change Fillcolor'),(6413,'2008-05-22 10:39:32',NULL,'false',428,12,'Disable / Enable Fillcolor'),(6414,'2008-05-22 10:39:32',NULL,'false',429,12,'Change Linewidth'),(6415,'2008-05-22 10:39:32',NULL,'false',430,12,'close'),(6416,'2008-05-22 10:39:32',NULL,'false',431,12,'change Fontsize'),(6417,'2008-05-22 10:39:32',NULL,'false',432,12,'Delete Recording'),(6418,'2008-05-22 10:39:32',NULL,'false',433,12,'Guest'),(6419,'2008-05-22 10:39:32',NULL,'false',434,12,'By:'),(6420,'2008-05-22 10:39:32',NULL,'false',435,12,'Name'),(6421,'2008-05-22 10:39:32',NULL,'false',436,12,'Room'),(6422,'2008-05-22 10:39:32',NULL,'false',437,12,'Date'),(6423,'2008-05-22 10:39:33',NULL,'false',438,12,'cancel'),(6424,'2008-05-22 10:39:33',NULL,'false',439,12,'start'),(6425,'2008-05-22 10:39:33',NULL,'false',440,12,'Name'),(6426,'2008-05-22 10:39:33',NULL,'false',441,12,'Date'),(6427,'2008-05-22 10:39:33',NULL,'false',442,12,'Delete Server-Chatlog'),(6428,'2008-05-22 10:39:33',NULL,'false',443,12,'Chat'),(6429,'2008-05-22 10:39:33',NULL,'false',444,12,'send message'),(6430,'2008-05-22 10:39:33',NULL,'false',445,12,'Emoticons'),(6431,'2008-05-22 10:39:33',NULL,'false',446,12,'Emoticons'),(6432,'2008-05-22 10:39:33',NULL,'false',447,12,'Choose Published Devices'),(6433,'2008-05-22 10:39:33',NULL,'false',448,12,'Audio and Video'),(6434,'2008-05-22 10:39:33',NULL,'false',449,12,'Audio only'),(6435,'2008-05-22 10:39:33',NULL,'false',450,12,'Video only'),(6436,'2008-05-22 10:39:33',NULL,'false',451,12,'no Audio/Video (static Image)'),(6437,'2008-05-22 10:39:33',NULL,'false',452,12,'No Audio/Video from your PC will be published, instead of that a picture from your profile will be shown. Choose these settings if you have problems with your bandwidth or a very slow Internet connection.'),(6438,'2008-05-22 10:39:33',NULL,'false',453,12,'MO'),(6439,'2008-05-22 10:39:33',NULL,'false',454,12,'TU'),(6440,'2008-05-22 10:39:33',NULL,'false',455,12,'WE'),(6441,'2008-05-22 10:39:33',NULL,'false',456,12,'TH'),(6442,'2008-05-22 10:39:33',NULL,'false',457,12,'FR'),(6443,'2008-05-22 10:39:34',NULL,'false',458,12,'SA'),(6444,'2008-05-22 10:39:34',NULL,'false',459,12,'SU'),(6445,'2008-05-22 10:39:34',NULL,'false',460,12,'Monday'),(6446,'2008-05-22 10:39:34',NULL,'false',461,12,'Tuesday'),(6447,'2008-05-22 10:39:34',NULL,'false',462,12,'Wednesday'),(6448,'2008-05-22 10:39:34',NULL,'false',463,12,'Thursday'),(6449,'2008-05-22 10:39:34',NULL,'false',464,12,'Friday'),(6450,'2008-05-22 10:39:34',NULL,'false',465,12,'Saturday'),(6451,'2008-05-22 10:39:34',NULL,'false',466,12,'Sunday'),(6452,'2008-05-22 10:39:34',NULL,'false',467,12,'CW'),(6453,'2008-05-22 10:39:34',NULL,'false',468,12,'Calendar week'),(6454,'2008-05-22 10:39:34',NULL,'false',469,12,'January'),(6455,'2008-05-22 10:39:34',NULL,'false',470,12,'February'),(6456,'2008-05-22 10:39:34',NULL,'false',471,12,'March'),(6457,'2008-05-22 10:39:34',NULL,'false',472,12,'April'),(6458,'2008-05-22 10:39:34',NULL,'false',473,12,'May'),(6459,'2008-05-22 10:39:34',NULL,'false',474,12,'June'),(6460,'2008-05-22 10:39:34',NULL,'false',475,12,'July'),(6461,'2008-05-22 10:39:34',NULL,'false',476,12,'August'),(6462,'2008-05-22 10:39:35',NULL,'false',477,12,'September'),(6463,'2008-05-22 10:39:35',NULL,'false',478,12,'October'),(6464,'2008-05-22 10:39:35',NULL,'false',479,12,'November'),(6465,'2008-05-22 10:39:35',NULL,'false',480,12,'December'),(6466,'2008-05-22 10:39:35',NULL,'false',481,12,'Calendar'),(6467,'2008-05-22 10:39:35',NULL,'false',482,12,'Participants'),(6468,'2008-05-22 10:39:35',NULL,'false',483,12,'Show Layout Settings'),(6469,'2008-05-22 10:39:35',NULL,'false',484,12,'X | Y'),(6470,'2008-05-22 10:39:35',NULL,'false',485,12,'Width | Height'),(6471,'2008-05-22 10:39:36',NULL,'false',486,12,'Video-Container'),(6472,'2008-05-22 10:39:36',NULL,'false',487,12,'Moderation-Container'),(6473,'2008-05-22 10:39:36',NULL,'false',488,12,'X'),(6474,'2008-05-22 10:39:36',NULL,'false',489,12,'Whiteboard-Container'),(6475,'2008-05-22 10:39:36',NULL,'false',490,12,'Enabled'),(6476,'2008-05-22 10:39:36',NULL,'false',491,12,'X | Y'),(6477,'2008-05-22 10:39:36',NULL,'false',492,12,'Width | Height'),(6478,'2008-05-22 10:39:36',NULL,'false',493,12,'Files,Chat,Partizipants - Container'),(6479,'2008-05-22 10:39:36',NULL,'false',494,12,'Enabled'),(6480,'2008-05-22 10:39:36',NULL,'false',495,12,'X |Y'),(6481,'2008-05-22 10:39:36',NULL,'false',496,12,'Width | Height'),(6482,'2008-05-22 10:39:36',NULL,'false',497,12,'The Moderator has left the Room. No one is presenting at the Moment. You could apply for Moderation or wait.'),(6483,'2008-05-22 10:39:36',NULL,'false',498,12,'There is no Moderator in this Room, but there are some Participants. You have to apply for Moderation or wait.'),(6484,'2008-05-22 10:39:36',NULL,'false',499,12,'Feedback OpenMeetings'),(6485,'2008-05-22 10:39:36',NULL,'false',500,12,'OpenMeetings - Invitation'),(6486,'2008-05-22 10:39:36',NULL,'false',501,12,'Message from User:'),(6487,'2008-05-22 10:39:36',NULL,'false',502,12,'Message:'),(6488,'2008-05-22 10:39:37',NULL,'false',503,12,'Click this link to participate in the Meetings:'),(6489,'2008-05-22 10:39:37',NULL,'false',504,12,'Click here to enter room'),(6490,'2008-05-22 10:39:37',NULL,'false',505,12,'if you have problems with the link, please copy and paste this to your browser:'),(6491,'2008-05-22 10:39:37',NULL,'false',506,12,'OpenMeetings SignUp'),(6492,'2008-05-22 10:39:37',NULL,'false',507,12,'Your userdata:'),(6493,'2008-05-22 10:39:37',NULL,'false',508,12,'Login:'),(6494,'2008-05-22 10:39:37',NULL,'false',509,12,'Pass:'),(6495,'2008-05-22 10:39:37',NULL,'false',510,12,'EMail:'),(6496,'2008-05-22 10:39:37',NULL,'false',511,12,'OpenMeetings-Team'),(6497,'2008-05-22 10:39:37',NULL,'false',512,12,'OpenMeetings Sign-Up'),(6498,'2008-05-22 10:39:37',NULL,'false',513,12,'OpenMeetings - Reset Password'),(6499,'2008-05-22 10:39:37',NULL,'false',514,12,'Click on this link to enter a new password:'),(6500,'2008-05-22 10:39:37',NULL,'false',515,12,'Click here to enter a new Password'),(6501,'2008-05-22 10:39:37',NULL,'false',516,12,'if you have problems with the link, please copy and paste this to your browser:'),(6502,'2008-05-22 10:39:37',NULL,'false',517,12,'OpenMeetings Password Reset'),(6503,'2008-05-22 10:39:37',NULL,'false',518,12,'Please enter a valid Date, for example 24.12.2001 (dd.mm.yyyy)'),(6504,'2008-05-22 10:39:37',NULL,'false',519,12,'Please enter a valid EMail, for example name@mail.com'),(6505,'2008-05-22 10:39:37',NULL,'false',520,12,'Please enter a Float-Number, for example 1.00'),(6506,'2008-05-22 10:39:38',NULL,'false',521,12,'Please enter a Number (Integer), for example 100'),(6507,'2008-05-22 10:39:38',NULL,'false',522,12,'Please enter a valid Phone number, for example ++49 0123 123123'),(6508,'2008-05-22 10:39:38',NULL,'false',523,12,'Please enter a valid time, for example 12:23 (hh:mm)'),(6509,'2008-05-22 10:39:38',NULL,'false',524,12,'Passwort protected'),(6510,'2008-05-22 10:39:38',NULL,'false',525,12,'Password'),(6511,'2008-05-22 10:39:38',NULL,'false',526,12,'Validity period'),(6512,'2008-05-22 10:39:38',NULL,'false',527,12,'Endless'),(6513,'2008-05-22 10:39:38',NULL,'false',528,12,'Period'),(6514,'2008-05-22 10:39:38',NULL,'false',529,12,'One-Time'),(6515,'2008-05-22 10:39:38',NULL,'false',530,12,'Valid From:'),(6516,'2008-05-22 10:39:38',NULL,'false',531,12,'Valid to:'),(6517,'2008-05-22 10:39:38',NULL,'false',532,12,'Invitation To OpenMeetings'),(6518,'2008-05-22 10:39:38',NULL,'false',533,12,'Not Invitation availible for this Invitation-Code'),(6519,'2008-05-22 10:39:38',NULL,'false',534,12,'The Invitation was already used. This type of Invitation cannot be re-used.'),(6520,'2008-05-22 10:39:39',NULL,'false',535,12,'This Invitation-Code is not valid.'),(6521,'2008-05-22 10:39:39',NULL,'false',536,12,'Password:'),(6522,'2008-05-22 10:39:39',NULL,'false',537,12,'Check Password'),(6523,'2008-05-22 10:39:39',NULL,'false',538,12,'Invalid Password!'),(6524,'2008-05-22 10:39:39',NULL,'false',539,12,'Browser'),(6525,'2008-05-22 10:39:39',NULL,'false',540,12,'Syncronize Audio/Video'),(6526,'2008-05-22 10:39:39',NULL,'false',541,12,'Login was correct, but the Session you tried is not active or stored on the Server. You have to get a new SessionId and retry login.'),(6527,'2008-05-22 10:39:39',NULL,'false',542,12,'The SessionId is not loggedin or has no Admin rights. The SOAP Gateway needs an User with Admin-Rights to embed new Users.'),(6528,'2008-05-22 10:39:39',NULL,'false',543,12,'This Session has no Remoteuser-Data connected. Wether you did not call the SOAP-Gateway before accessing the Application or you are usnig a wrong Session-ID'),(6529,'2008-05-22 10:39:39',NULL,'false',544,12,'The recorder is currently Beta!'),(6589,'2008-05-22 10:39:43',NULL,'false',60,13,'OK'),(6717,'2008-05-22 10:39:49',NULL,'false',188,13,'id'),(6782,'2008-05-22 10:39:53',NULL,'false',253,13,'%'),(6783,'2008-05-22 10:39:53',NULL,'false',254,13,'/'),(6793,'2008-05-22 10:39:54',NULL,'false',264,13,'ID'),(6801,'2008-05-22 10:39:55',NULL,'false',272,13,'/'),(6811,'2008-05-22 10:39:56',NULL,'false',282,13,'http://code.google.com/p/openmeetings/'),(6812,'2008-05-22 10:39:56',NULL,'false',283,13,'http://groups.google.com/group/openmeetings-user'),(6829,'2008-05-22 10:39:57',NULL,'false',300,13,''),(6842,'2008-05-22 10:39:58',NULL,'false',313,13,'By Mail'),(6843,'2008-05-22 10:39:58',NULL,'false',314,13,'By Login'),(6846,'2008-05-22 10:39:58',NULL,'false',317,13,'Send Mail with reset Link'),(6847,'2008-05-22 10:39:58',NULL,'false',318,13,'No such email address was found. Make sure you enter the same email address you used to create your account.'),(6848,'2008-05-22 10:39:58',NULL,'false',319,13,'Please enter either a Mail or a Username'),(6849,'2008-05-22 10:39:58',NULL,'false',320,13,'There is no User connected to this Username'),(6850,'2008-05-22 10:39:58',NULL,'false',321,13,'The email containing a special link has been sent to your email address, please check your mailbox. If you still have not received a email, please adjust your email spam settings and resend confirmation email.'),(6853,'2008-05-22 10:39:58',NULL,'false',324,13,'Invalid Hash. No User found.'),(6862,'2008-05-22 10:39:59',NULL,'false',333,13,'OK'),(6867,'2008-05-22 10:39:59',NULL,'false',338,13,'Frontend Registration disabled.'),(6928,'2008-05-22 10:40:03',NULL,'false',399,13,'Joined:'),(6951,'2008-05-22 10:40:04',NULL,'false',422,13,'resume'),(6952,'2008-05-22 10:40:04',NULL,'false',423,13,'Close this window and resume recording'),(6963,'2008-05-22 10:40:05',NULL,'false',434,13,'By:'),(6996,'2008-05-22 10:40:07',NULL,'false',467,13,'CW'),(6997,'2008-05-22 10:40:07',NULL,'false',468,13,'Calendar week'),(7017,'2008-05-22 10:40:08',NULL,'false',488,13,'X'),(7061,'2008-05-22 10:40:11',NULL,'false',532,13,'Openmeetings'),(7069,'2008-05-22 10:40:11',NULL,'false',540,13,'Syncronize Audio/Video'),(7070,'2008-05-22 10:40:11',NULL,'false',541,13,'Login was correct, but the Session you tried is not active or stored on the Server. You have to get a new SessionId and retry login.'),(7071,'2008-05-22 10:40:11',NULL,'false',542,13,'The SessionId is not loggedin or has no Admin rights. The SOAP Gateway needs an User with Admin-Rights to embed new Users.'),(7072,'2008-05-22 10:40:11',NULL,'false',543,13,'This Session has no Remoteuser-Data connected. Wether you did not call the SOAP-Gateway before accessing the Application or you are usnig a wrong Session-ID'),(7073,'2008-05-22 10:40:11',NULL,'false',544,13,'The recorder is currently Beta!'),(7074,'2008-05-22 10:40:12',NULL,'false',1,14,'Konferensi'),(7075,'2008-05-22 10:40:12',NULL,'false',2,14,'Rapat'),(7076,'2008-05-22 10:40:12',NULL,'false',3,14,'Event'),(7077,'2008-05-22 10:40:12',NULL,'false',4,14,'Seting'),(7078,'2008-05-22 10:40:12',NULL,'false',5,14,'Profil'),(7079,'2008-05-22 10:40:12',NULL,'false',6,14,'Administrasi'),(7080,'2008-05-22 10:40:12',NULL,'false',7,14,'Stop'),(7081,'2008-05-22 10:40:12',NULL,'false',8,14,'Rekam'),(7082,'2008-05-22 10:40:12',NULL,'false',9,14,'File tidak tersedia'),(7083,'2008-05-22 10:40:12',NULL,'false',10,14,'Rekaman dr dosen'),(7084,'2008-05-22 10:40:12',NULL,'false',11,14,'Pengguna terkoneksi:'),(7085,'2008-05-22 10:40:12',NULL,'false',12,14,'Mulai Konferensi'),(7086,'2008-05-22 10:40:12',NULL,'false',13,14,'Nama Saya'),(7087,'2008-05-22 10:40:12',NULL,'false',14,14,'Video Konferensi'),(7088,'2008-05-22 10:40:12',NULL,'false',15,14,'Simpan File'),(7089,'2008-05-22 10:40:13',NULL,'false',16,14,'Panggil Ulang'),(7090,'2008-05-22 10:40:13',NULL,'false',17,14,'Ke File Utama'),(7091,'2008-05-22 10:40:13',NULL,'false',18,14,'Poling Baru'),(7092,'2008-05-22 10:40:13',NULL,'false',19,14,'Poling Baru untuk Konferensi.'),(7093,'2008-05-22 10:40:13',NULL,'false',20,14,'Pertanyaan:'),(7094,'2008-05-22 10:40:13',NULL,'false',21,14,'Model Poling:'),(7095,'2008-05-22 10:40:13',NULL,'false',22,14,'Buat'),(7096,'2008-05-22 10:40:13',NULL,'false',23,14,'Catatan: Setiap user terkoneksi akan menerima pesan dangan poling baru.'),(7097,'2008-05-22 10:40:13',NULL,'false',24,14,'Buat Poling'),(7098,'2008-05-22 10:40:13',NULL,'false',25,14,'Batal'),(7099,'2008-05-22 10:40:13',NULL,'false',26,14,'Ya/Tidak'),(7100,'2008-05-22 10:40:13',NULL,'false',27,14,'Angka dari 1-10'),(7101,'2008-05-22 10:40:13',NULL,'false',28,14,'Poling'),(7102,'2008-05-22 10:40:13',NULL,'false',29,14,'Hanya moderator yang bisa membuat pertanyaan'),(7103,'2008-05-22 10:40:13',NULL,'false',30,14,'Pilihan anda udah tercatat.'),(7104,'2008-05-22 10:40:13',NULL,'false',31,14,'Anda telah melakukan pilihan pada Poling ini.'),(7105,'2008-05-22 10:40:14',NULL,'false',32,14,'Pilih !'),(7106,'2008-05-22 10:40:14',NULL,'false',33,14,'Respon Anda:'),(7107,'2008-05-22 10:40:14',NULL,'false',34,14,'Ya'),(7108,'2008-05-22 10:40:14',NULL,'false',35,14,'Tidak'),(7109,'2008-05-22 10:40:14',NULL,'false',36,14,'Yang diinginkan:'),(7110,'2008-05-22 10:40:14',NULL,'false',37,14,'Hasil Poling'),(7111,'2008-05-22 10:40:14',NULL,'false',38,14,'Pertanyaan:'),(7112,'2008-05-22 10:40:14',NULL,'false',39,14,'Hasil:'),(7113,'2008-05-22 10:40:14',NULL,'false',40,14,'Jawaban:'),(7114,'2008-05-22 10:40:14',NULL,'false',41,14,'Belum ada poling yang dimulai.'),(7115,'2008-05-22 10:40:14',NULL,'false',42,14,'Pilih!'),(7116,'2008-05-22 10:40:14',NULL,'false',43,14,'Rapat (4 kursi maksimum)'),(7117,'2008-05-22 10:40:14',NULL,'false',44,14,'Konferensi (50 kursi maksimum)'),(7118,'2008-05-22 10:40:14',NULL,'false',45,14,'Tipe'),(7119,'2008-05-22 10:40:14',NULL,'false',46,14,'Kursi lainnya'),(7120,'2008-05-22 10:40:14',NULL,'false',47,14,'Sudah dipilih'),(7121,'2008-05-22 10:40:15',NULL,'false',48,14,'masuk'),(7122,'2008-05-22 10:40:15',NULL,'false',49,14,'Moderator meninggalkan rapat.'),(7123,'2008-05-22 10:40:15',NULL,'false',50,14,'Sistem informasi'),(7124,'2008-05-22 10:40:15',NULL,'false',51,14,'Pilih perangkat'),(7125,'2008-05-22 10:40:15',NULL,'false',52,14,'Pilih webcam:'),(7126,'2008-05-22 10:40:15',NULL,'false',53,14,'Pilih Mic:'),(7127,'2008-05-22 10:40:15',NULL,'false',54,14,'ok'),(7128,'2008-05-22 10:40:15',NULL,'false',55,14,'batal'),(7129,'2008-05-22 10:40:15',NULL,'false',56,14,'Anda harus konek kembali.'),(7130,'2008-05-22 10:40:15',NULL,'false',57,14,'Edit seting.'),(7131,'2008-05-22 10:40:15',NULL,'false',58,14,'Kursus:'),(7132,'2008-05-22 10:40:15',NULL,'false',59,14,'Bahasa:'),(7133,'2008-05-22 10:40:15',NULL,'false',60,14,'ok'),(7134,'2008-05-22 10:40:15',NULL,'false',61,14,'batal'),(7135,'2008-05-22 10:40:15',NULL,'false',62,14,'hapus whiteboard'),(7136,'2008-05-22 10:40:15',NULL,'false',63,14,'Anda ingin whitboard di bersihkan sebelum gambar baru ditambahkan?'),(7137,'2008-05-22 10:40:16',NULL,'false',64,14,'Jangan bertanya lagi'),(7138,'2008-05-22 10:40:16',NULL,'false',65,14,'Tidak'),(7139,'2008-05-22 10:40:16',NULL,'false',66,14,'Edit seting'),(7140,'2008-05-22 10:40:16',NULL,'false',67,14,'Diperlukan Konfirmasi sebelum membersihkan whiteboard.'),(7141,'2008-05-22 10:40:16',NULL,'false',68,14,'Info Pengguna'),(7142,'2008-05-22 10:40:16',NULL,'false',69,14,'bersihkan Area Gambar'),(7143,'2008-05-22 10:40:16',NULL,'false',70,14,'Batal'),(7144,'2008-05-22 10:40:16',NULL,'false',71,14,'Ulangi'),(7145,'2008-05-22 10:40:16',NULL,'false',72,14,'Pilih Objek'),(7146,'2008-05-22 10:40:16',NULL,'false',73,14,'Tulisan'),(7147,'2008-05-22 10:40:16',NULL,'false',74,14,'Gambar'),(7148,'2008-05-22 10:40:16',NULL,'false',75,14,'Gambar garis'),(7149,'2008-05-22 10:40:16',NULL,'false',76,14,'Gambar garis bawah'),(7150,'2008-05-22 10:40:16',NULL,'false',77,14,'Kotak'),(7151,'2008-05-22 10:40:16',NULL,'false',78,14,'Lonjong'),(7152,'2008-05-22 10:40:16',NULL,'false',79,14,'Panah'),(7153,'2008-05-22 10:40:16',NULL,'false',80,14,'Hapus item yg dipilih'),(7154,'2008-05-22 10:40:16',NULL,'false',81,14,'Tambahkan ke moderator'),(7155,'2008-05-22 10:40:17',NULL,'false',82,14,'Tambah'),(7156,'2008-05-22 10:40:17',NULL,'false',83,14,'batal'),(7157,'2008-05-22 10:40:17',NULL,'false',84,14,'Menjadi Moderator'),(7158,'2008-05-22 10:40:17',NULL,'false',85,14,'tutp'),(7159,'2008-05-22 10:40:17',NULL,'false',86,14,'cetak miring'),(7160,'2008-05-22 10:40:17',NULL,'false',87,14,'cetak tebal'),(7161,'2008-05-22 10:40:17',NULL,'false',88,14,'TUNGGU'),(7162,'2008-05-22 10:40:17',NULL,'false',89,14,'Peserta menginginkan masuk menjadi moderator:'),(7163,'2008-05-22 10:40:17',NULL,'false',90,14,'diterima'),(7164,'2008-05-22 10:40:17',NULL,'false',91,14,'ditolak'),(7165,'2008-05-22 10:40:17',NULL,'false',92,14,'batal'),(7166,'2008-05-22 10:40:17',NULL,'false',93,14,'Kirimkan permintaan ke beberapa peserta berikut'),(7167,'2008-05-22 10:40:17',NULL,'false',94,14,'Diterima'),(7168,'2008-05-22 10:40:17',NULL,'false',95,14,'Ditolak'),(7169,'2008-05-22 10:40:17',NULL,'false',96,14,'Ganti Moderator'),(7170,'2008-05-22 10:40:17',NULL,'false',97,14,'Anda bukan moderator dalam kursus ini!'),(7171,'2008-05-22 10:40:18',NULL,'false',98,14,'Moderator:'),(7172,'2008-05-22 10:40:18',NULL,'false',99,14,'Kelas penuh, coba lagi nanti.'),(7173,'2008-05-22 10:40:18',NULL,'false',100,14,'Bentuk Lonjong'),(7174,'2008-05-22 10:40:18',NULL,'false',101,14,'tutup'),(7175,'2008-05-22 10:40:18',NULL,'false',102,14,'entri data salah'),(7176,'2008-05-22 10:40:18',NULL,'false',103,14,'4 karakter atau lebih; hurup kapital semua!'),(7177,'2008-05-22 10:40:18',NULL,'false',104,14,'userpass harus lebih dari 4 karakter'),(7178,'2008-05-22 10:40:18',NULL,'false',105,14,'username sudah terpakai'),(7179,'2008-05-22 10:40:18',NULL,'false',106,14,'email sudah diregistrasi'),(7180,'2008-05-22 10:40:18',NULL,'false',107,14,'System error silahkan kontak Admin'),(7181,'2008-05-22 10:40:18',NULL,'false',108,14,'Login'),(7182,'2008-05-22 10:40:18',NULL,'false',109,14,'User:'),(7183,'2008-05-22 10:40:18',NULL,'false',110,14,'Pass:'),(7184,'2008-05-22 10:40:18',NULL,'false',111,14,'Bahasa'),(7185,'2008-05-22 10:40:18',NULL,'false',112,14,'Masuk'),(7186,'2008-05-22 10:40:18',NULL,'false',113,14,'Mendaftar'),(7187,'2008-05-22 10:40:19',NULL,'false',125,14,'User'),(7188,'2008-05-22 10:40:19',NULL,'false',126,14,'Group'),(7189,'2008-05-22 10:40:19',NULL,'false',127,14,'Organisasi'),(7190,'2008-05-22 10:40:19',NULL,'false',130,14,'organisasi'),(7191,'2008-05-22 10:40:19',NULL,'false',131,14,'masuk'),(7192,'2008-05-22 10:40:19',NULL,'false',132,14,'Login'),(7193,'2008-05-22 10:40:19',NULL,'false',133,14,'Password'),(7194,'2008-05-22 10:40:19',NULL,'false',134,14,'Ulangi Password'),(7195,'2008-05-22 10:40:19',NULL,'false',135,14,'Nama Depan'),(7196,'2008-05-22 10:40:19',NULL,'false',136,14,'Nama Belakang'),(7197,'2008-05-22 10:40:19',NULL,'false',137,14,'Email'),(7198,'2008-05-22 10:40:19',NULL,'false',138,14,'Ulang tahun'),(7199,'2008-05-22 10:40:19',NULL,'false',139,14,'Jalan/No'),(7200,'2008-05-22 10:40:19',NULL,'false',140,14,'Kodepos/Kota'),(7201,'2008-05-22 10:40:19',NULL,'false',141,14,'Negara'),(7202,'2008-05-22 10:40:20',NULL,'false',142,14,'Informasi alamat'),(7203,'2008-05-22 10:40:20',NULL,'false',143,14,'Data User'),(7204,'2008-05-22 10:40:20',NULL,'false',145,14,'Simpan'),(7205,'2008-05-22 10:40:20',NULL,'false',146,14,'ID USER'),(7206,'2008-05-22 10:40:20',NULL,'false',147,14,'login'),(7207,'2008-05-22 10:40:20',NULL,'false',148,14,'nama depan'),(7208,'2008-05-22 10:40:20',NULL,'false',164,14,'ID Organisasi'),(7209,'2008-05-22 10:40:20',NULL,'false',165,14,'nama'),(7210,'2008-05-22 10:40:20',NULL,'false',166,14,'user'),(7211,'2008-05-22 10:40:20',NULL,'false',167,14,'mod'),(7212,'2008-05-22 10:40:20',NULL,'false',168,14,'admin'),(7213,'2008-05-22 10:40:20',NULL,'false',169,14,'level user'),(7214,'2008-05-22 10:40:20',NULL,'false',170,14,'organisasi'),(7215,'2008-05-22 10:40:21',NULL,'false',171,14,'nama'),(7216,'2008-05-22 10:40:21',NULL,'false',172,14,'tambahkan organisasi'),(7217,'2008-05-22 10:40:21',NULL,'false',173,14,'tambahkan organisasi'),(7218,'2008-05-22 10:40:21',NULL,'false',174,14,'batal'),(7219,'2008-05-22 10:40:21',NULL,'false',178,14,'tambah user'),(7220,'2008-05-22 10:40:21',NULL,'false',179,14,'hapus user'),(7221,'2008-05-22 10:40:21',NULL,'false',180,14,'tambah user'),(7222,'2008-05-22 10:40:21',NULL,'false',195,14,'publik'),(7223,'2008-05-22 10:40:21',NULL,'false',196,14,'komentar'),(7224,'2008-05-22 10:40:21',NULL,'false',197,14,'simpan'),(7225,'2008-05-22 10:40:21',NULL,'false',198,14,'panggil'),(7226,'2008-05-22 10:40:21',NULL,'false',215,14,'Judul'),(7227,'2008-05-22 10:40:21',NULL,'false',216,14,'Penerima'),(7228,'2008-05-22 10:40:21',NULL,'false',217,14,'Pesan'),(7229,'2008-05-22 10:40:21',NULL,'false',218,14,'Kirim'),(7230,'2008-05-22 10:40:21',NULL,'false',220,14,'batal'),(7231,'2008-05-22 10:40:22',NULL,'false',221,14,'Data User'),(7232,'2008-05-22 10:40:22',NULL,'false',222,14,'Nama panggilan anda untuk konferensi ini'),(7233,'2008-05-22 10:40:22',NULL,'false',223,14,'Panggilan'),(7234,'2008-05-22 10:40:22',NULL,'false',224,14,'nama depan'),(7235,'2008-05-22 10:40:22',NULL,'false',225,14,'nama belakang'),(7236,'2008-05-22 10:40:22',NULL,'false',226,14,'email'),(7237,'2008-05-22 10:40:22',NULL,'false',227,14,'bahasa'),(7238,'2008-05-22 10:40:22',NULL,'false',228,14,'masuk'),(7239,'2008-05-22 10:40:22',NULL,'false',229,14,'Panggil'),(7240,'2008-05-22 10:40:22',NULL,'false',230,14,'Data sedang dipanggil, tunggu!'),(7241,'2008-05-22 10:40:22',NULL,'false',231,14,'Password salah'),(7242,'2008-05-22 10:40:22',NULL,'false',232,14,'Silahkan masukan dua password yang sama, minimal 4 karakter'),(7243,'2008-05-22 10:40:22',NULL,'false',233,14,'Email salah'),(7244,'2008-05-22 10:40:23',NULL,'false',234,14,'Alamat email yang anda masukan salah'),(7245,'2008-05-22 10:40:23',NULL,'false',235,14,'Registrasi Komplet'),(7246,'2008-05-22 10:40:23',NULL,'false',236,14,'Akun anda udah dibuat, silahkan login sekarang.'),(7247,'2008-05-22 10:40:23',NULL,'false',237,14,'Anda tidak dapat melakukan sharing layar anda, seseorang sedang melakukannya.'),(7248,'2008-05-22 10:40:23',NULL,'false',238,14,'Tidak diperbolekan melakukan Sharing'),(7249,'2008-05-22 10:40:23',NULL,'false',239,14,'Sharing layar anda'),(7250,'2008-05-22 10:40:23',NULL,'false',240,14,'Bandwidth kurang: Anda tidak dapat melakukan sinkronasi. Jika peringatan ini terjadi terus menerus, silahkan meminta moderator untuk menurunkan tingkat kualitas.'),(7251,'2008-05-22 10:40:23',NULL,'false',241,14,'Layar dari:'),(7252,'2008-05-22 10:40:23',NULL,'false',244,14,'Chat'),(7253,'2008-05-22 10:40:23',NULL,'false',248,14,'Ambil dokumen pdf'),(7254,'2008-05-22 10:40:23',NULL,'false',256,14,'Ke halaman sebelumnya'),(7255,'2008-05-22 10:40:23',NULL,'false',277,14,'Berita'),(7256,'2008-05-22 10:40:24',NULL,'false',278,14,'Jalan singkat'),(7257,'2008-05-22 10:40:24',NULL,'false',279,14,'ke Konferensi'),(7258,'2008-05-22 10:40:24',NULL,'false',289,14,'Konten'),(7259,'2008-05-22 10:40:24',NULL,'false',290,14,'Home Page saya'),(7260,'2008-05-22 10:40:24',NULL,'false',294,14,'Rapat Tertutup'),(7261,'2008-05-22 10:40:24',NULL,'false',295,14,'Acara Umum'),(7262,'2008-05-22 10:40:24',NULL,'false',296,14,'Acara Khusus'),(7263,'2008-05-22 10:40:24',NULL,'false',297,14,'Konten Publik'),(7264,'2008-05-22 10:40:24',NULL,'false',301,14,'Moderasi'),(7265,'2008-05-22 10:40:24',NULL,'false',302,14,'Tambahkan ke moderasi'),(7266,'2008-05-22 10:40:24',NULL,'false',303,14,'Poling'),(7267,'2008-05-22 10:40:24',NULL,'false',304,14,'Pilih file'),(7268,'2008-05-22 10:40:24',NULL,'false',305,14,'Seting'),(7269,'2008-05-22 10:40:24',NULL,'false',306,14,'Seting Kamera dan Mic'),(7270,'2008-05-22 10:40:24',NULL,'false',307,14,'Seting Whiteboard'),(7271,'2008-05-22 10:40:25',NULL,'false',308,14,'Keluar'),(7272,'2008-05-22 10:40:25',NULL,'false',309,14,'Kembali ke ruangan'),(7273,'2008-05-22 10:40:25',NULL,'false',310,14,'Keluar'),(7274,'2008-05-22 10:40:25',NULL,'false',312,14,'Ubah password'),(7275,'2008-05-22 10:40:25',NULL,'false',313,14,'Lewat Email'),(7276,'2008-05-22 10:40:25',NULL,'false',314,14,'Lewat Login'),(7277,'2008-05-22 10:40:25',NULL,'false',315,14,'Email Anda'),(7278,'2008-05-22 10:40:25',NULL,'false',114,14,'User:'),(7279,'2008-05-22 10:40:25',NULL,'false',115,14,'Pass:'),(7280,'2008-05-22 10:40:25',NULL,'false',116,14,'Ulangi Pass:'),(7281,'2008-05-22 10:40:25',NULL,'false',117,14,'Nama Depan:'),(7282,'2008-05-22 10:40:25',NULL,'false',118,14,'Nama Belakang:'),(7283,'2008-05-22 10:40:25',NULL,'false',119,14,'Email:'),(7284,'2008-05-22 10:40:25',NULL,'false',120,14,'Negara:'),(7285,'2008-05-22 10:40:25',NULL,'false',121,14,'Daftar'),(7286,'2008-05-22 10:40:25',NULL,'false',122,14,'Batal'),(7287,'2008-05-22 10:40:26',NULL,'false',123,14,'Bukan anggota?'),(7288,'2008-05-22 10:40:26',NULL,'false',124,14,'Halaman Utama'),(7289,'2008-05-22 10:40:26',NULL,'false',128,14,'Ruang-Rapat'),(7290,'2008-05-22 10:40:26',NULL,'false',129,14,'publik'),(7291,'2008-05-22 10:40:26',NULL,'false',144,14,'simpan'),(7292,'2008-05-22 10:40:26',NULL,'false',149,14,'nama belakang'),(7293,'2008-05-22 10:40:26',NULL,'false',150,14,'selanjutnya'),(7294,'2008-05-22 10:40:26',NULL,'false',151,14,'sebelumnya'),(7295,'2008-05-22 10:40:26',NULL,'false',152,14,'hapus rekot'),(7296,'2008-05-22 10:40:26',NULL,'false',153,14,'batal'),(7297,'2008-05-22 10:40:26',NULL,'false',154,14,'hapus'),(7298,'2008-05-22 10:40:26',NULL,'false',155,14,'rekot baru'),(7299,'2008-05-22 10:40:26',NULL,'false',156,14,'panggil ulang'),(7300,'2008-05-22 10:40:26',NULL,'false',157,14,'hapus rekot'),(7301,'2008-05-22 10:40:26',NULL,'false',158,14,'status'),(7302,'2008-05-22 10:40:27',NULL,'false',159,14,'abaikan'),(7303,'2008-05-22 10:40:27',NULL,'false',160,14,'aktifkan'),(7304,'2008-05-22 10:40:27',NULL,'false',161,14,'organisasi'),(7305,'2008-05-22 10:40:27',NULL,'false',162,14,'kalender'),(7306,'2008-05-22 10:40:27',NULL,'false',163,14,'tutup'),(7307,'2008-05-22 10:40:27',NULL,'false',175,14,'tambah'),(7308,'2008-05-22 10:40:27',NULL,'false',176,14,'hapus organisasi'),(7309,'2008-05-22 10:40:27',NULL,'false',177,14,'user'),(7310,'2008-05-22 10:40:27',NULL,'false',181,14,'cari user'),(7311,'2008-05-22 10:40:27',NULL,'false',182,14,'cari'),(7312,'2008-05-22 10:40:27',NULL,'false',183,14,'user'),(7313,'2008-05-22 10:40:27',NULL,'false',184,14,'organisasi'),(7314,'2008-05-22 10:40:27',NULL,'false',185,14,'masuk'),(7315,'2008-05-22 10:40:27',NULL,'false',186,14,'ruang konferensi'),(7316,'2008-05-22 10:40:28',NULL,'false',187,14,'Ruang Konferensi'),(7317,'2008-05-22 10:40:28',NULL,'false',188,14,'id'),(7318,'2008-05-22 10:40:28',NULL,'false',189,14,'Nama'),(7319,'2008-05-22 10:40:28',NULL,'false',190,14,'publik'),(7320,'2008-05-22 10:40:28',NULL,'false',191,14,'organisasi'),(7321,'2008-05-22 10:40:28',NULL,'false',192,14,'Ruang Rapat'),(7322,'2008-05-22 10:40:28',NULL,'false',193,14,'nama'),(7323,'2008-05-22 10:40:28',NULL,'false',194,14,'tipe'),(7324,'2008-05-22 10:40:28',NULL,'false',199,14,'simpan sebagai'),(7325,'2008-05-22 10:40:28',NULL,'false',200,14,'nama file'),(7326,'2008-05-22 10:40:28',NULL,'false',201,14,'nama file'),(7327,'2008-05-22 10:40:28',NULL,'false',202,14,'batal'),(7328,'2008-05-22 10:40:28',NULL,'false',203,14,'simpan'),(7329,'2008-05-22 10:40:28',NULL,'false',204,14,'salah'),(7330,'2008-05-22 10:40:28',NULL,'false',205,14,'panggil'),(7331,'2008-05-22 10:40:29',NULL,'false',206,14,'objek terpanggil'),(7332,'2008-05-22 10:40:29',NULL,'false',207,14,'sinkronasi klien, harap menunggu:'),(7333,'2008-05-22 10:40:29',NULL,'false',208,14,'Panggil data gambar'),(7334,'2008-05-22 10:40:29',NULL,'false',209,14,'sinkronasi klien, harap menunggu:'),(7335,'2008-05-22 10:40:29',NULL,'false',210,14,'bersihkan area gambar'),(7336,'2008-05-22 10:40:29',NULL,'false',211,14,'area gambar di bersihkan, semua data akan hilang'),(7337,'2008-05-22 10:40:29',NULL,'false',212,14,'Konfirmasi sebelum panggil file'),(7338,'2008-05-22 10:40:29',NULL,'false',213,14,'Kirim undangan'),(7339,'2008-05-22 10:40:29',NULL,'false',214,14,'Kirim undangan'),(7340,'2008-05-22 10:40:29',NULL,'false',242,14,'Gambar'),(7341,'2008-05-22 10:40:29',NULL,'false',243,14,'Dokumen'),(7342,'2008-05-22 10:40:29',NULL,'false',245,14,'File'),(7343,'2008-05-22 10:40:29',NULL,'false',246,14,'Anggota'),(7344,'2008-05-22 10:40:29',NULL,'false',247,14,'Ambil dokumen asli'),(7345,'2008-05-22 10:40:29',NULL,'false',249,14,'Panggil presentasi ke dalam whiteboard'),(7346,'2008-05-22 10:40:29',NULL,'false',250,14,'Konfigurasi'),(7347,'2008-05-22 10:40:30',NULL,'false',251,14,'Drag Objek ini'),(7348,'2008-05-22 10:40:30',NULL,'false',252,14,'Atur ulang Objek ini'),(7349,'2008-05-22 10:40:30',NULL,'false',253,14,'%'),(7350,'2008-05-22 10:40:30',NULL,'false',254,14,'dari'),(7351,'2008-05-22 10:40:30',NULL,'false',255,14,'Ke halaman utama'),(7352,'2008-05-22 10:40:30',NULL,'false',257,14,'Ke halaman selanjutnya'),(7353,'2008-05-22 10:40:30',NULL,'false',258,14,'Ke halaman terakhir'),(7354,'2008-05-22 10:40:30',NULL,'false',259,14,'Kecilkan --'),(7355,'2008-05-22 10:40:30',NULL,'false',260,14,'Besarkan ++'),(7356,'2008-05-22 10:40:30',NULL,'false',261,14,'Tuan.'),(7357,'2008-05-22 10:40:30',NULL,'false',262,14,'Nyonya.'),(7358,'2008-05-22 10:40:30',NULL,'false',263,14,'Konfigurasi'),(7359,'2008-05-22 10:40:30',NULL,'false',264,14,'ID'),(7360,'2008-05-22 10:40:30',NULL,'false',265,14,'Kunci'),(7361,'2008-05-22 10:40:30',NULL,'false',266,14,'Konfigurasi'),(7362,'2008-05-22 10:40:31',NULL,'false',267,14,'Kunci'),(7363,'2008-05-22 10:40:31',NULL,'false',268,14,'update terakir'),(7364,'2008-05-22 10:40:31',NULL,'false',269,14,'diupdate oleh'),(7365,'2008-05-22 10:40:31',NULL,'false',270,14,'komentar'),(7366,'2008-05-22 10:40:31',NULL,'false',271,14,'kunci'),(7367,'2008-05-22 10:40:31',NULL,'false',272,14,'dari'),(7368,'2008-05-22 10:40:31',NULL,'false',273,14,'User'),(7369,'2008-05-22 10:40:31',NULL,'false',274,14,'hapus user dari organisasi'),(7370,'2008-05-22 10:40:31',NULL,'false',275,14,'hapus'),(7371,'2008-05-22 10:40:31',NULL,'false',276,14,'User ini udah teregistrasi dalam organisasi ini.'),(7372,'2008-05-22 10:40:31',NULL,'false',280,14,'ke Auditorium'),(7373,'2008-05-22 10:40:31',NULL,'false',281,14,'Support dan Bantuan'),(7374,'2008-05-22 10:40:31',NULL,'false',282,14,'http://mayapada.com/'),(7375,'2008-05-22 10:40:31',NULL,'false',283,14,'http://mayapada.com/'),(7376,'2008-05-22 10:40:31',NULL,'false',284,14,'laporkan bug!'),(7377,'2008-05-22 10:40:32',NULL,'false',285,14,'Selebihnya'),(7378,'2008-05-22 10:40:32',NULL,'false',286,14,'Website (mayapada.com)'),(7379,'2008-05-22 10:40:32',NULL,'false',287,14,'Mailing List (mayapada.com)'),(7380,'2008-05-22 10:40:32',NULL,'false',288,14,'Ingat saya'),(7381,'2008-05-22 10:40:32',NULL,'false',293,14,'Rapat Umum'),(7382,'2008-05-22 10:40:32',NULL,'false',298,14,'Konten Khusus'),(7383,'2008-05-22 10:40:32',NULL,'false',299,14,'Konten Personal'),(7384,'2008-05-22 10:40:32',NULL,'false',300,14,''),(7385,'2008-05-22 10:40:32',NULL,'false',311,14,'Lupa password?'),(7386,'2008-05-22 10:40:32',NULL,'false',317,14,'Kirim email dengan alamat ubah password'),(7387,'2008-05-22 10:40:32',NULL,'false',318,14,'Email tidak ditemukan. Pastikan email tersebut anda gunakan saat membuat akun.'),(7388,'2008-05-22 10:40:32',NULL,'false',319,14,'Silahkan masukan alamat email yang lain atau Username'),(7389,'2008-05-22 10:40:32',NULL,'false',320,14,'Tidak ada User terkoneksi dengan Username ini'),(7390,'2008-05-22 10:40:32',NULL,'false',321,14,'Email yang berisi informasi alamat baru telah dikirim ke email anda, silahkan cek email anda. Jika anda belum mendapatkan email, pastikan pada baigan seting spaming pada konfigurasi email anda dan kirimkan email lagi.'),(7391,'2008-05-22 10:40:32',NULL,'false',322,14,'Salah'),(7392,'2008-05-22 10:40:33',NULL,'false',324,14,'Hash tidak valid. User tidak ditemukan.'),(7393,'2008-05-22 10:40:33',NULL,'false',342,14,'Alamat tidak dapat disimpan'),(7394,'2008-05-22 10:40:33',NULL,'false',343,14,'User telah ditambahkan tetapi anda harus memasukan kedalam salah satu organisasi, jika tidak akan mengakibatkan gagal login.'),(7395,'2008-05-22 10:40:33',NULL,'false',344,14,'Rekot baru'),(7396,'2008-05-22 10:40:33',NULL,'false',345,14,'Tidak ditemukan Kolom dengan ID kolom ini.'),(7397,'2008-05-22 10:40:33',NULL,'false',346,14,'Tidak ditemukan Label untuk kolom tersebut.'),(7398,'2008-05-22 10:40:33',NULL,'false',363,14,'hapus pilihan bahasa'),(7399,'2008-05-22 10:40:33',NULL,'false',364,14,'Tambah pilihan bahasa'),(7400,'2008-05-22 10:40:33',NULL,'false',365,14,'Nama'),(7401,'2008-05-22 10:40:33',NULL,'false',366,14,'Tambah pilihan bahasa'),(7402,'2008-05-22 10:40:33',NULL,'false',367,14,'Buat Arsip'),(7403,'2008-05-22 10:40:33',NULL,'false',368,14,'awal'),(7404,'2008-05-22 10:40:33',NULL,'false',369,14,'sebelumnya'),(7405,'2008-05-22 10:40:34',NULL,'false',370,14,'selanjutnya'),(7406,'2008-05-22 10:40:34',NULL,'false',371,14,'akhir'),(7407,'2008-05-22 10:40:34',NULL,'false',372,14,'user yang berbicara'),(7408,'2008-05-22 10:40:34',NULL,'false',373,14,'mode suara nyala/mati'),(7409,'2008-05-22 10:40:34',NULL,'false',374,14,'Sistem'),(7410,'2008-05-22 10:40:34',NULL,'false',375,14,'Setingan Anda'),(7411,'2008-05-22 10:40:34',NULL,'false',377,14,'Edit profil anda'),(7412,'2008-05-22 10:40:34',NULL,'false',378,14,'Pesan baru:'),(7413,'2008-05-22 10:40:34',NULL,'false',379,14,'Kirim Gambar baru'),(7414,'2008-05-22 10:40:34',NULL,'false',380,14,'Expor - Data User'),(7415,'2008-05-22 10:40:34',NULL,'false',381,14,'Semua organisasi harus sudah tersedia!'),(7416,'2008-05-22 10:40:34',NULL,'false',382,14,'mulai expor'),(7417,'2008-05-22 10:40:34',NULL,'false',384,14,'mulai expor'),(7418,'2008-05-22 10:40:35',NULL,'false',385,14,'Ambil - Data User'),(7419,'2008-05-22 10:40:35',NULL,'false',386,14,'Pilih users.xml'),(7420,'2008-05-22 10:40:35',NULL,'false',387,14,'ambil'),(7421,'2008-05-22 10:40:35',NULL,'false',388,14,'Expor dalam XML - File ini dapat di gunakan untuk : - Kontribusi kedalam project - Kirim ke sistem lain - Arsip - Opsi pilihan - Simpan ke dalam direktori bahasa - direktori untuk instalasi berikutnya'),(7422,'2008-05-22 10:40:35',NULL,'false',389,14,'Pilih file bahasa yang akan di ambil. Pilih bahasa yang benar dari form pilihan! Apapun nama filenya, yang dipilih yang akan diambil kedalam pilihan bahasa ini!'),(7423,'2008-05-22 10:40:35',NULL,'false',390,14,'Ambil - pilih file'),(7424,'2008-05-22 10:40:35',NULL,'false',391,14,'Simpan sebagai'),(7425,'2008-05-22 10:40:35',NULL,'false',392,14,'Nama:'),(7426,'2008-05-22 10:40:35',NULL,'false',393,14,'komentar:'),(7427,'2008-05-22 10:40:35',NULL,'false',401,14,'Users dalam ruangan ini:'),(7428,'2008-05-22 10:40:35',NULL,'false',402,14,'panggil ulang'),(7429,'2008-05-22 10:40:35',NULL,'false',403,14,'Ruangan ini penuh, silahkan mencoba lagi dalam beberapa menit.'),(7430,'2008-05-22 10:40:35',NULL,'false',404,14,'Klik pada Judul ruangan untuk melihat detilnya'),(7431,'2008-05-22 10:40:36',NULL,'false',405,14,'Chat dengan user dalam ruangan ini:'),(7432,'2008-05-22 10:40:36',NULL,'false',406,14,'Ruangan:'),(7433,'2008-05-22 10:40:36',NULL,'false',407,14,'Users dalam ruangan ini::'),(7434,'2008-05-22 10:40:36',NULL,'false',408,14,'mulai sejak:'),(7435,'2008-05-22 10:40:36',NULL,'false',414,14,'Play / Pause'),(7436,'2008-05-22 10:40:36',NULL,'false',446,14,'Emoticons'),(7437,'2008-05-22 10:40:36',NULL,'false',376,14,'Hola,'),(7438,'2008-05-22 10:40:36',NULL,'false',409,14,'Putar Rekaman'),(7439,'2008-05-22 10:40:36',NULL,'false',410,14,'Durasi:'),(7440,'2008-05-22 10:40:36',NULL,'false',411,14,'Tanggal:'),(7441,'2008-05-22 10:40:36',NULL,'false',412,14,'Modus Rekam! Anda tidak dapat melakukan perubahan. Ini adalah file hasil rekaman!'),(7442,'2008-05-22 10:40:36',NULL,'false',413,14,'Putar hasil rekam'),(7443,'2008-05-22 10:40:36',NULL,'false',415,14,'Mulai Rekam'),(7444,'2008-05-22 10:40:37',NULL,'false',416,14,'Stop Rekam'),(7445,'2008-05-22 10:40:37',NULL,'false',417,14,'Merekam:'),(7446,'2008-05-22 10:40:37',NULL,'false',316,14,'Login Anda'),(7447,'2008-05-22 10:40:37',NULL,'false',323,14,'Pesan'),(7448,'2008-05-22 10:40:37',NULL,'false',325,14,'Isi Ulang Password Anda'),(7449,'2008-05-22 10:40:37',NULL,'false',326,14,'Login'),(7450,'2008-05-22 10:40:37',NULL,'false',327,14,'ubah Password'),(7451,'2008-05-22 10:40:37',NULL,'false',328,14,'Password baru'),(7452,'2008-05-22 10:40:37',NULL,'false',329,14,'Tulis lagi Password anda'),(7453,'2008-05-22 10:40:37',NULL,'false',330,14,'Pasword berbeda, silahkan ulangi lagi.'),(7454,'2008-05-22 10:40:37',NULL,'false',331,14,'4 karakter atau lebih, huruf kapital bermasalah!'),(7455,'2008-05-22 10:40:37',NULL,'false',332,14,'Password sudah di seting. Anda dapat login sekarang.'),(7456,'2008-05-22 10:40:38',NULL,'false',333,14,'OK'),(7457,'2008-05-22 10:40:38',NULL,'false',334,14,'Kesalahan belum terlacak. Silahkan laporkan ke Team Servis.'),(7458,'2008-05-22 10:40:38',NULL,'false',335,14,'Username tidak ditemukan'),(7459,'2008-05-22 10:40:38',NULL,'false',336,14,'Password tidak valid'),(7460,'2008-05-22 10:40:38',NULL,'false',337,14,'Sukses keluar dari sistem'),(7461,'2008-05-22 10:40:38',NULL,'false',338,14,'Halaman depan registrasi dimatikan.'),(7462,'2008-05-22 10:40:38',NULL,'false',339,14,'EMail tidak valid'),(7463,'2008-05-22 10:40:38',NULL,'false',340,14,'Duplikasi nama file, silahkan menggunakan nama lain'),(7464,'2008-05-22 10:40:38',NULL,'false',341,14,'nama file terlalu pendek'),(7465,'2008-05-22 10:40:38',NULL,'false',347,14,'Dibutuhkan Autorisasi sebagai Admin'),(7466,'2008-05-22 10:40:38',NULL,'false',348,14,'Editor Bahasa'),(7467,'2008-05-22 10:40:38',NULL,'false',349,14,'Bahasa'),(7468,'2008-05-22 10:40:38',NULL,'false',350,14,'ID Label'),(7469,'2008-05-22 10:40:39',NULL,'false',351,14,'Nama Label'),(7470,'2008-05-22 10:40:39',NULL,'false',352,14,'Nilai'),(7471,'2008-05-22 10:40:39',NULL,'false',353,14,'Nilai Kolom'),(7472,'2008-05-22 10:40:39',NULL,'false',354,14,'Nama Label'),(7473,'2008-05-22 10:40:39',NULL,'false',355,14,'Nilai Label'),(7474,'2008-05-22 10:40:39',NULL,'false',356,14,'ID Label'),(7475,'2008-05-22 10:40:39',NULL,'false',357,14,'Anda hanya bisa hapus label bukan kolom! Anda tidak dapat menghapus kolom, mungkin ada label didalam bahasa yang lain.'),(7476,'2008-05-22 10:40:39',NULL,'false',358,14,'ID Label tidak valid. Kolom FieldLanguagesvalues_Id tidak dapat ditemukan dalam database.'),(7477,'2008-05-22 10:40:39',NULL,'false',359,14,'Anda tidak dapat menghapus kolom ini. Anda hanya dapat menghapus label bukan kolom. Tidak ada label yang dipanggil sekarang, Mungkin belum dipiliah salah satu kolom atau tidak ada definisi label untuk kolom yang dimaksud pada pilihan bahasa ini.'),(7478,'2008-05-22 10:40:39',NULL,'false',360,14,'expor'),(7479,'2008-05-22 10:40:39',NULL,'false',361,14,'Anda harus keluar dahulu untuk melihat perubahan.'),(7480,'2008-05-22 10:40:39',NULL,'false',362,14,'Tambah pilihan bahasa'),(7481,'2008-05-22 10:40:39',NULL,'false',383,14,'Berdasarkan organisasi'),(7482,'2008-05-22 10:40:39',NULL,'false',394,14,'simpan'),(7483,'2008-05-22 10:40:39',NULL,'false',395,14,'Proses rekam'),(7484,'2008-05-22 10:40:40',NULL,'false',396,14,'Proses rekam Tampilan'),(7485,'2008-05-22 10:40:40',NULL,'false',397,14,'Proses rekam dari Ruangan umum atau khusus'),(7486,'2008-05-22 10:40:40',NULL,'false',398,14,'Users :'),(7487,'2008-05-22 10:40:40',NULL,'false',399,14,'Terkoneksi:'),(7488,'2008-05-22 10:40:40',NULL,'false',400,14,''),(7489,'2008-05-22 10:40:40',NULL,'false',443,14,'Chat'),(7490,'2008-05-22 10:40:40',NULL,'false',445,14,'Emoticons'),(7491,'2008-05-22 10:40:40',NULL,'false',467,14,'CW'),(7492,'2008-05-22 10:40:40',NULL,'false',472,14,'April'),(7493,'2008-05-22 10:40:40',NULL,'false',477,14,'September'),(7494,'2008-05-22 10:40:40',NULL,'false',479,14,'November'),(7495,'2008-05-22 10:40:40',NULL,'false',484,14,'X | Y'),(7496,'2008-05-22 10:40:40',NULL,'false',488,14,'X'),(7497,'2008-05-22 10:40:41',NULL,'false',491,14,'X | Y'),(7498,'2008-05-22 10:40:41',NULL,'false',495,14,'X |Y'),(7499,'2008-05-22 10:40:41',NULL,'false',508,14,'Login:'),(7500,'2008-05-22 10:40:41',NULL,'false',509,14,'Pass:'),(7501,'2008-05-22 10:40:41',NULL,'false',525,14,'Password'),(7502,'2008-05-22 10:40:41',NULL,'false',536,14,'Password:'),(7503,'2008-05-22 10:40:41',NULL,'false',219,14,'Batal'),(7504,'2008-05-22 10:40:41',NULL,'false',291,14,'Jadwal Rapat'),(7505,'2008-05-22 10:40:41',NULL,'false',292,14,'Jadwal Acara'),(7506,'2008-05-22 10:40:41',NULL,'false',418,14,'Seseorang sedang merekam sekarang :'),(7507,'2008-05-22 10:40:41',NULL,'false',419,14,'Sedang Rekam! Oleh:'),(7508,'2008-05-22 10:40:41',NULL,'false',420,14,'Batal'),(7509,'2008-05-22 10:40:41',NULL,'false',421,14,'Proses rekam dibatalkan dan tidak disimpan.'),(7510,'2008-05-22 10:40:41',NULL,'false',422,14,'lanjut'),(7511,'2008-05-22 10:40:42',NULL,'false',423,14,'Tutup jendela ini dan lanjut rekam'),(7512,'2008-05-22 10:40:42',NULL,'false',425,14,'Pilih Warna'),(7513,'2008-05-22 10:40:42',NULL,'false',426,14,'Aktipkan / Matikan warnagaris'),(7514,'2008-05-22 10:40:42',NULL,'false',424,14,'Ubah warnagaris'),(7515,'2008-05-22 10:40:42',NULL,'false',428,14,'Aktipkan / Matikan isianwarna'),(7516,'2008-05-22 10:40:42',NULL,'false',427,14,'Ubah isianwarna'),(7517,'2008-05-22 10:40:42',NULL,'false',429,14,'Ubah besaran garis'),(7518,'2008-05-22 10:40:42',NULL,'false',430,14,'tutup'),(7519,'2008-05-22 10:40:42',NULL,'false',431,14,'ubah ukuran huruf'),(7520,'2008-05-22 10:40:42',NULL,'false',432,14,'Hapus Rekaman'),(7521,'2008-05-22 10:40:42',NULL,'false',433,14,'Tamu'),(7522,'2008-05-22 10:40:42',NULL,'false',434,14,'Oleh:'),(7523,'2008-05-22 10:40:43',NULL,'false',435,14,'Nama'),(7524,'2008-05-22 10:40:43',NULL,'false',436,14,'Ruang'),(7525,'2008-05-22 10:40:43',NULL,'false',437,14,'Tanggal'),(7526,'2008-05-22 10:40:43',NULL,'false',438,14,'batal'),(7527,'2008-05-22 10:40:43',NULL,'false',439,14,'mulai'),(7528,'2008-05-22 10:40:43',NULL,'false',440,14,'Nama'),(7529,'2008-05-22 10:40:43',NULL,'false',441,14,'Tanggal'),(7530,'2008-05-22 10:40:43',NULL,'false',442,14,'Hapus Log chat di Server'),(7531,'2008-05-22 10:40:43',NULL,'false',444,14,'kirim pesan'),(7532,'2008-05-22 10:40:43',NULL,'false',447,14,'Pilih Perangkat'),(7533,'2008-05-22 10:40:43',NULL,'false',448,14,'Audio dan Video'),(7534,'2008-05-22 10:40:43',NULL,'false',449,14,'Hanya Audio'),(7535,'2008-05-22 10:40:43',NULL,'false',450,14,'Hanya Video'),(7536,'2008-05-22 10:40:44',NULL,'false',451,14,'Tidak ada Audio/Video (gambar saja)'),(7537,'2008-05-22 10:40:44',NULL,'false',452,14,'Tidak ada Audio/Video dari PC anda, hanya akan menampilkan gambar anda dari profile. Kemungkinan anda mengalami gangguan koneksi internet atau koneksi internet anda lambat.'),(7538,'2008-05-22 10:40:44',NULL,'false',453,14,'Sn'),(7539,'2008-05-22 10:40:44',NULL,'false',454,14,'Sl'),(7540,'2008-05-22 10:40:44',NULL,'false',455,14,'Rb'),(7541,'2008-05-22 10:40:44',NULL,'false',456,14,'Km'),(7542,'2008-05-22 10:40:44',NULL,'false',457,14,'Jm'),(7543,'2008-05-22 10:40:44',NULL,'false',458,14,'Sb'),(7544,'2008-05-22 10:40:44',NULL,'false',459,14,'Mg'),(7545,'2008-05-22 10:40:44',NULL,'false',460,14,'Senin'),(7546,'2008-05-22 10:40:44',NULL,'false',461,14,'Selasa'),(7547,'2008-05-22 10:40:44',NULL,'false',463,14,'Kamis'),(7548,'2008-05-22 10:40:44',NULL,'false',468,14,'Kelendar mingguan'),(7549,'2008-05-22 10:40:44',NULL,'false',471,14,'Maret'),(7550,'2008-05-22 10:40:45',NULL,'false',473,14,'Mei'),(7551,'2008-05-22 10:40:45',NULL,'false',474,14,'Juni'),(7552,'2008-05-22 10:40:45',NULL,'false',475,14,'Juli'),(7553,'2008-05-22 10:40:45',NULL,'false',476,14,'Agustus'),(7554,'2008-05-22 10:40:45',NULL,'false',478,14,'Oktober'),(7555,'2008-05-22 10:40:45',NULL,'false',480,14,'Desember'),(7556,'2008-05-22 10:40:45',NULL,'false',481,14,'Kalendar'),(7557,'2008-05-22 10:40:45',NULL,'false',482,14,'Peserta'),(7558,'2008-05-22 10:40:45',NULL,'false',483,14,'Tampilkan Setingan Layout'),(7559,'2008-05-22 10:40:45',NULL,'false',485,14,'Lebar | Tinggi'),(7560,'2008-05-22 10:40:45',NULL,'false',486,14,'Jendela Video'),(7561,'2008-05-22 10:40:46',NULL,'false',489,14,'Jendela Whiteboard'),(7562,'2008-05-22 10:40:46',NULL,'false',490,14,'Fungsikan'),(7563,'2008-05-22 10:40:46',NULL,'false',494,14,'Fungsikan'),(7564,'2008-05-22 10:40:46',NULL,'false',500,14,'Undangan - OpenMeetings'),(7565,'2008-05-22 10:40:46',NULL,'false',501,14,'Pesan dari peserta:'),(7566,'2008-05-22 10:40:46',NULL,'false',502,14,'Pesan:'),(7567,'2008-05-22 10:40:46',NULL,'false',503,14,'Klik link berikut untuk bergabung dalam rapat :'),(7568,'2008-05-22 10:40:46',NULL,'false',505,14,'Jika anda mengalami kesulitan, silahkan copy dan paste link berikut ke browser :'),(7569,'2008-05-22 10:40:46',NULL,'false',511,14,'Tim - OpenMeetings'),(7570,'2008-05-22 10:40:46',NULL,'false',518,14,'Silahkan isi tanggal dengan benar, contoh 24-12-2001 (dd-mm-yyyy)'),(7571,'2008-05-22 10:40:46',NULL,'false',519,14,'Silahkan isi alamat email dengan benar, contoh nama@alamat.com'),(7572,'2008-05-22 10:40:46',NULL,'false',520,14,'Silahkan masukan angka pecahan, contoh 1,05'),(7573,'2008-05-22 10:40:46',NULL,'false',522,14,'Silahkan masukan nomor telepon, contoh +62 274 486883'),(7574,'2008-05-22 10:40:47',NULL,'false',527,14,'Terakhir'),(7575,'2008-05-22 10:40:47',NULL,'false',528,14,'Periode'),(7576,'2008-05-22 10:40:47',NULL,'false',530,14,'Valid dari :'),(7577,'2008-05-22 10:40:47',NULL,'false',531,14,'Valid sampai dengan:'),(7578,'2008-05-22 10:40:47',NULL,'false',533,14,'Tidak ada Undangan untu Kode undangan ini!'),(7579,'2008-05-22 10:40:47',NULL,'false',535,14,'Kode - Undangan tidak valid.'),(7580,'2008-05-22 10:40:47',NULL,'false',537,14,'Periksa Password'),(7581,'2008-05-22 10:40:47',NULL,'false',462,14,'Rabu'),(7582,'2008-05-22 10:40:47',NULL,'false',464,14,'Jumat'),(7583,'2008-05-22 10:40:47',NULL,'false',465,14,'Sabtu'),(7584,'2008-05-22 10:40:47',NULL,'false',466,14,'Minggu'),(7585,'2008-05-22 10:40:47',NULL,'false',469,14,'Januari'),(7586,'2008-05-22 10:40:48',NULL,'false',470,14,'Pebruari'),(7587,'2008-05-22 10:40:48',NULL,'false',487,14,'Jendela Moderation'),(7588,'2008-05-22 10:40:48',NULL,'false',492,14,'Lebar | Tinggi'),(7589,'2008-05-22 10:40:48',NULL,'false',493,14,'Jendela Files,Chat,Partizipants'),(7590,'2008-05-22 10:40:48',NULL,'false',496,14,'Lebar | Tinggi'),(7591,'2008-05-22 10:40:48',NULL,'false',497,14,'Moderator meninggalkan Ruang. Tidak ada moderator sekarang. Anda dapat menjadi moderator atau menunggu sebentar.'),(7592,'2008-05-22 10:40:48',NULL,'false',498,14,'Tidak ada moderator sekarang, tetapi ada beberapa peserta. Anda harus menjadi moderator atau tunggu.'),(7593,'2008-05-22 10:40:48',NULL,'false',499,14,'Komentar tentang OpenMeetings'),(7594,'2008-05-22 10:40:48',NULL,'false',504,14,'Klik disini untuk masuk ke rapat'),(7595,'2008-05-22 10:40:48',NULL,'false',506,14,'Daptar ke OpenMeetings'),(7596,'2008-05-22 10:40:48',NULL,'false',507,14,'Data anda:'),(7597,'2008-05-22 10:40:48',NULL,'false',510,14,'Email:'),(7598,'2008-05-22 10:40:48',NULL,'false',512,14,'Daftar ke OpenMeetings'),(7599,'2008-05-22 10:40:49',NULL,'false',513,14,'Seting ulang password -OpenMeetings'),(7600,'2008-05-22 10:40:49',NULL,'false',514,14,'Klik link berikut untuk menseting ulang password :'),(7601,'2008-05-22 10:40:49',NULL,'false',515,14,'Klik disini untuk isi password baru'),(7602,'2008-05-22 10:40:49',NULL,'false',516,14,'ika anda mengalami kesulitan dengan link, silahkan copy dan paste ke browser :'),(7603,'2008-05-22 10:40:49',NULL,'false',517,14,'Seting ulang password OpenMeetings'),(7604,'2008-05-22 10:40:49',NULL,'false',521,14,'Silahkan masukan angka, contoh 100'),(7605,'2008-05-22 10:40:49',NULL,'false',523,14,'Silahkan masukan format jam, contoh 12:24 (hh:mm)'),(7606,'2008-05-22 10:40:49',NULL,'false',524,14,'Terproteksi dengan Password'),(7607,'2008-05-22 10:40:49',NULL,'false',526,14,'Periode Valid'),(7608,'2008-05-22 10:40:49',NULL,'false',529,14,'Sekali waktu'),(7609,'2008-05-22 10:40:49',NULL,'false',532,14,'Undangan ke OpenMeetings'),(7610,'2008-05-22 10:40:49',NULL,'false',534,14,'Undangan sudah terpakai, tidak bisa dipergunakan lagi.'),(7611,'2008-05-22 10:40:49',NULL,'false',538,14,'Password salah!'),(7612,'2008-05-22 10:40:49',NULL,'false',539,14,'Browser'),(7613,'2008-05-22 10:40:50',NULL,'false',540,14,'Syncronize Audio/Video'),(7614,'2008-05-22 10:40:50',NULL,'false',541,14,'Login was correct, but the Session you tried is not active or stored on the Server. You have to get a new SessionId and retry login.'),(7615,'2008-05-22 10:40:50',NULL,'false',542,14,'The SessionId is not loggedin or has no Admin rights. The SOAP Gateway needs an User with Admin-Rights to embed new Users.'),(7616,'2008-05-22 10:40:50',NULL,'false',543,14,'This Session has no Remoteuser-Data connected. Wether you did not call the SOAP-Gateway before accessing the Application or you are usnig a wrong Session-ID'),(7617,'2008-05-22 10:40:50',NULL,'false',544,14,'The recorder is currently Beta!');
/*!40000 ALTER TABLE `fieldlanguagesvalues` ENABLE KEYS */;
UNLOCK TABLES;

--
-- Table structure for table `fieldvalues`
--

DROP TABLE IF EXISTS `fieldvalues`;
CREATE TABLE `fieldvalues` (
  `fieldvalues_id` bigint(20) NOT NULL,
  `name` varchar(255) default NULL,
  `starttime` datetime default NULL,
  `updatetime` datetime default NULL,
  `deleted` varchar(255) default NULL,
  PRIMARY KEY  (`fieldvalues_id`)
) ENGINE=InnoDB DEFAULT CHARSET=latin1;

--
-- Dumping data for table `fieldvalues`
--

LOCK TABLES `fieldvalues` WRITE;
/*!40000 ALTER TABLE `fieldvalues` DISABLE KEYS */;
INSERT INTO `fieldvalues` VALUES (1,'conference','2008-05-22 10:36:56',NULL,'false'),(2,'meeting','2008-05-22 10:36:56',NULL,'false'),(3,'classroom','2008-05-22 10:36:56',NULL,'false'),(4,'settings','2008-05-22 10:36:56',NULL,'false'),(5,'benutzer','2008-05-22 10:36:56',NULL,'false'),(6,'admin','2008-05-22 10:36:56',NULL,'false'),(7,'stop','2008-05-22 10:36:56',NULL,'false'),(8,'record','2008-05-22 10:36:56',NULL,'false'),(9,'nofile','2008-05-22 10:36:56',NULL,'false'),(10,'recordbyteacher','2008-05-22 10:36:56',NULL,'false'),(11,'connectedusers','2008-05-22 10:36:56',NULL,'false'),(12,'startconf','2008-05-22 10:36:56',NULL,'false'),(13,'myname','2008-05-22 10:36:56',NULL,'false'),(14,'videoconference','2008-05-22 10:36:56',NULL,'false'),(15,'import','2008-05-22 10:36:56',NULL,'false'),(16,'refreshfiles','2008-05-22 10:36:56',NULL,'false'),(17,'tomainfile','2008-05-22 10:36:56',NULL,'false'),(18,'newpoll','2008-05-22 10:36:56',NULL,'false'),(19,'newpollheader','2008-05-22 10:36:57',NULL,'false'),(20,'question','2008-05-22 10:36:57',NULL,'false'),(21,'polltype','2008-05-22 10:36:57',NULL,'false'),(22,'create','2008-05-22 10:36:57',NULL,'false'),(23,'infomessage','2008-05-22 10:36:57',NULL,'false'),(24,'creatpoll','2008-05-22 10:36:57',NULL,'false'),(25,'cancel','2008-05-22 10:36:57',NULL,'false'),(26,'yesno','2008-05-22 10:36:57',NULL,'false'),(27,'numeric','2008-05-22 10:36:57',NULL,'false'),(28,'poll','2008-05-22 10:36:57',NULL,'false'),(29,'moderation','2008-05-22 10:36:57',NULL,'false'),(30,'vote','2008-05-22 10:36:57',NULL,'false'),(31,'alreadyvoted','2008-05-22 10:36:57',NULL,'false'),(32,'voting','2008-05-22 10:36:57',NULL,'false'),(33,'answer','2008-05-22 10:36:57',NULL,'false'),(34,'yes','2008-05-22 10:36:57',NULL,'false'),(35,'no','2008-05-22 10:36:57',NULL,'false'),(36,'questionwant','2008-05-22 10:36:57',NULL,'false'),(37,'pollresults','2008-05-22 10:36:57',NULL,'false'),(38,'question','2008-05-22 10:36:57',NULL,'false'),(39,'results','2008-05-22 10:36:57',NULL,'false'),(40,'answers','2008-05-22 10:36:57',NULL,'false'),(41,'nopoll','2008-05-22 10:36:57',NULL,'false'),(42,'votings','2008-05-22 10:36:57',NULL,'false'),(43,'meeting','2008-05-22 10:36:57',NULL,'false'),(44,'conference','2008-05-22 10:36:57',NULL,'false'),(45,'type','2008-05-22 10:36:57',NULL,'false'),(46,'remainingseats','2008-05-22 10:36:57',NULL,'false'),(47,'alreadychosen','2008-05-22 10:36:57',NULL,'false'),(48,'enter','2008-05-22 10:36:57',NULL,'false'),(49,'modleave','2008-05-22 10:36:57',NULL,'false'),(50,'systemmessage','2008-05-22 10:36:57',NULL,'false'),(51,'chossedevice','2008-05-22 10:36:57',NULL,'false'),(52,'choosecam','2008-05-22 10:36:57',NULL,'false'),(53,'choosemic','2008-05-22 10:36:57',NULL,'false'),(54,'ok','2008-05-22 10:36:57',NULL,'false'),(55,'cancel2','2008-05-22 10:36:57',NULL,'false'),(56,'reconeectneeded','2008-05-22 10:36:57',NULL,'false'),(57,'editsetup','2008-05-22 10:36:57',NULL,'false'),(58,'course','2008-05-22 10:36:57',NULL,'false'),(59,'language','2008-05-22 10:36:57',NULL,'false'),(60,'ok2','2008-05-22 10:36:57',NULL,'false'),(61,'cancel3','2008-05-22 10:36:57',NULL,'false'),(62,'clearwhiteboard','2008-05-22 10:36:57',NULL,'false'),(63,'clearwhiteboardquestion','2008-05-22 10:36:57',NULL,'false'),(64,'dontaskagain','2008-05-22 10:36:57',NULL,'false'),(65,'no','2008-05-22 10:36:57',NULL,'false'),(66,'editsetup2','2008-05-22 10:36:58',NULL,'false'),(67,'needconfirmationwhiteboard','2008-05-22 10:36:58',NULL,'false'),(68,'userinfo','2008-05-22 10:36:58',NULL,'false'),(69,'cleardrawarea','2008-05-22 10:36:58',NULL,'false'),(70,'undo','2008-05-22 10:36:58',NULL,'false'),(71,'redo','2008-05-22 10:36:58',NULL,'false'),(72,'selectobject','2008-05-22 10:36:58',NULL,'false'),(73,'text','2008-05-22 10:36:58',NULL,'false'),(74,'paint','2008-05-22 10:36:58',NULL,'false'),(75,'drawline','2008-05-22 10:36:58',NULL,'false'),(76,'drawu','2008-05-22 10:36:58',NULL,'false'),(77,'rect','2008-05-22 10:36:58',NULL,'false'),(78,'ellipse','2008-05-22 10:36:58',NULL,'false'),(79,'arrow','2008-05-22 10:36:58',NULL,'false'),(80,'deletechosen','2008-05-22 10:36:58',NULL,'false'),(81,'appliymod','2008-05-22 10:36:58',NULL,'false'),(82,'apply','2008-05-22 10:36:58',NULL,'false'),(83,'cancel','2008-05-22 10:36:58',NULL,'false'),(84,'mod','2008-05-22 10:36:58',NULL,'false'),(85,'close','2008-05-22 10:36:58',NULL,'false'),(86,'italic','2008-05-22 10:36:58',NULL,'false'),(87,'bold','2008-05-22 10:36:58',NULL,'false'),(88,'waiting','2008-05-22 10:36:58',NULL,'false'),(89,'applyMessage','2008-05-22 10:36:58',NULL,'false'),(90,'accept','2008-05-22 10:36:58',NULL,'false'),(91,'reject','2008-05-22 10:36:58',NULL,'false'),(92,'cancel','2008-05-22 10:36:58',NULL,'false'),(93,'sendmodrequestmessage','2008-05-22 10:36:58',NULL,'false'),(94,'accept','2008-05-22 10:36:58',NULL,'false'),(95,'reject','2008-05-22 10:36:58',NULL,'false'),(96,'changemod','2008-05-22 10:36:58',NULL,'false'),(97,'nonmoderrormessage','2008-05-22 10:36:58',NULL,'false'),(98,'moderator','2008-05-22 10:36:58',NULL,'false'),(99,'roomfullmessage','2008-05-22 10:36:58',NULL,'false'),(100,'elllipse','2008-05-22 10:36:58',NULL,'false'),(101,'close','2008-05-22 10:36:58',NULL,'false'),(102,'AuthError','2008-05-22 10:36:58',NULL,'false'),(103,'min4username','2008-05-22 10:36:58',NULL,'false'),(104,'min4pass','2008-05-22 10:36:58',NULL,'false'),(105,'usernametaken','2008-05-22 10:36:58',NULL,'false'),(106,'emailtaken','2008-05-22 10:36:58',NULL,'false'),(107,'emailtaken','2008-05-22 10:36:58',NULL,'false'),(108,'Authlogin','2008-05-22 10:36:58',NULL,'false'),(109,'Authuser','2008-05-22 10:36:58',NULL,'false'),(110,'Authpass','2008-05-22 10:36:58',NULL,'false'),(111,'Authlang','2008-05-22 10:36:58',NULL,'false'),(112,'Authreg','2008-05-22 10:36:58',NULL,'false'),(113,'regformhead','2008-05-22 10:36:58',NULL,'false'),(114,'regformuser','2008-05-22 10:36:58',NULL,'false'),(115,'regformpass','2008-05-22 10:36:58',NULL,'false'),(116,'regformretype','2008-05-22 10:36:58',NULL,'false'),(117,'regformfirstname','2008-05-22 10:36:59',NULL,'false'),(118,'regformlastname','2008-05-22 10:36:59',NULL,'false'),(119,'regformmail','2008-05-22 10:36:59',NULL,'false'),(120,'regformstate','2008-05-22 10:36:59',NULL,'false'),(121,'regformbtn1','2008-05-22 10:36:59',NULL,'false'),(122,'regformbtn2','2008-05-22 10:36:59',NULL,'false'),(123,'Authbtn2','2008-05-22 10:36:59',NULL,'false'),(124,'dashboard','2008-05-22 10:36:59',NULL,'false'),(125,'useradmin','2008-05-22 10:36:59',NULL,'false'),(126,'groupadmin','2008-05-22 10:36:59',NULL,'false'),(127,'orgadmin','2008-05-22 10:36:59',NULL,'false'),(128,'headconf','2008-05-22 10:36:59',NULL,'false'),(129,'conf_pub','2008-05-22 10:36:59',NULL,'false'),(130,'head_org','2008-05-22 10:36:59',NULL,'false'),(131,'btn_enterroom','2008-05-22 10:36:59',NULL,'false'),(132,'useralterself_login','2008-05-22 10:36:59',NULL,'false'),(133,'useralterself_pass','2008-05-22 10:36:59',NULL,'false'),(134,'useralterself_passretype','2008-05-22 10:36:59',NULL,'false'),(135,'useralterself_firstname','2008-05-22 10:36:59',NULL,'false'),(136,'useralterself_lastname','2008-05-22 10:36:59',NULL,'false'),(137,'useralterself_email','2008-05-22 10:36:59',NULL,'false'),(138,'useralterself_birth','2008-05-22 10:36:59',NULL,'false'),(139,'useralterself_streetno','2008-05-22 10:36:59',NULL,'false'),(140,'useralterself_town','2008-05-22 10:36:59',NULL,'false'),(141,'useralterself_state','2008-05-22 10:36:59',NULL,'false'),(142,'useralterself_adresscomment','2008-05-22 10:36:59',NULL,'false'),(143,'useralterself_header','2008-05-22 10:36:59',NULL,'false'),(144,'savemenubar_savelabel','2008-05-22 10:36:59',NULL,'false'),(145,'savemenubar_savelabel','2008-05-22 10:36:59',NULL,'false'),(146,'admin_userlist_user_id','2008-05-22 10:36:59',NULL,'false'),(147,'admin_userlist_login','2008-05-22 10:36:59',NULL,'false'),(148,'admin_userlist_firstnam','2008-05-22 10:36:59',NULL,'false'),(149,'admin_userlist_lastname','2008-05-22 10:36:59',NULL,'false'),(150,'turnoverlist_next','2008-05-22 10:36:59',NULL,'false'),(151,'turnoverlist_pre','2008-05-22 10:36:59',NULL,'false'),(152,'savecontent_confirm','2008-05-22 10:37:00',NULL,'false'),(153,'savecontent_confirm_cancel_btn','2008-05-22 10:37:00',NULL,'false'),(154,'savecontent_confirm_confirm_btn','2008-05-22 10:37:00',NULL,'false'),(155,'savemenubar_addlabel','2008-05-22 10:37:00',NULL,'false'),(156,'savemenubar_reloadlabel','2008-05-22 10:37:00',NULL,'false'),(157,'savemenubar_deletelabel','2008-05-22 10:37:00',NULL,'false'),(158,'useralter_admin_status','2008-05-22 10:37:00',NULL,'false'),(159,'useralter_admin_statusItem','2008-05-22 10:37:00',NULL,'false'),(160,'useralter_admin_statusItem','2008-05-22 10:37:00',NULL,'false'),(161,'useralter_admin_organisation','2008-05-22 10:37:00',NULL,'false'),(162,'calendar_iconlabel','2008-05-22 10:37:00',NULL,'false'),(163,'savewindow_btn','2008-05-22 10:37:00',NULL,'false'),(164,'organisationtablelist_idrow','2008-05-22 10:37:00',NULL,'false'),(165,'organisationtablelist_namerow','2008-05-22 10:37:00',NULL,'false'),(166,'uservalue_levelid1','2008-05-22 10:37:00',NULL,'false'),(167,'uservalue_levelid2','2008-05-22 10:37:00',NULL,'false'),(168,'uservalue_levelid3','2008-05-22 10:37:00',NULL,'false'),(169,'uservalue_levellabel','2008-05-22 10:37:00',NULL,'false'),(170,'orgvalue_header','2008-05-22 10:37:00',NULL,'false'),(171,'orgvalue_orgname','2008-05-22 10:37:00',NULL,'false'),(172,'orgvalue_orgname','2008-05-22 10:37:00',NULL,'false'),(173,'orgvalue_orgname','2008-05-22 10:37:00',NULL,'false'),(174,'orgvalue_userwin','2008-05-22 10:37:01',NULL,'false'),(175,'orgvalue_userwin','2008-05-22 10:37:01',NULL,'false'),(176,'orgvalue_userwin','2008-05-22 10:37:01',NULL,'false'),(177,'orgvalue_userlist','2008-05-22 10:37:01',NULL,'false'),(178,'orgvalue_userlistadd','2008-05-22 10:37:01',NULL,'false'),(179,'orgvalue_userlistdelete','2008-05-22 10:37:01',NULL,'false'),(180,'orgvalue_userwinheader','2008-05-22 10:37:01',NULL,'false'),(181,'orgvalue_userwinsearchfield','2008-05-22 10:37:01',NULL,'false'),(182,'orgvalue_userwinsearchbtn','2008-05-22 10:37:01',NULL,'false'),(183,'orgvalue_userwinsearchresult','2008-05-22 10:37:01',NULL,'false'),(184,'loginwin_chooseorganisation','2008-05-22 10:37:01',NULL,'false'),(185,'loginwin_chooseorganisationbtn','2008-05-22 10:37:01',NULL,'false'),(186,'navi_roomadmin','2008-05-22 10:37:01',NULL,'false'),(187,'roomadmin_header','2008-05-22 10:37:01',NULL,'false'),(188,'roomadmin_header','2008-05-22 10:37:01',NULL,'false'),(189,'roomadmin_header','2008-05-22 10:37:01',NULL,'false'),(190,'roomadmin_header','2008-05-22 10:37:01',NULL,'false'),(191,'roomadmin_header','2008-05-22 10:37:01',NULL,'false'),(192,'roomadmin_header','2008-05-22 10:37:01',NULL,'false'),(193,'roomvalue_name','2008-05-22 10:37:01',NULL,'false'),(194,'roomvalue_type','2008-05-22 10:37:01',NULL,'false'),(195,'roomvalue_ispublic','2008-05-22 10:37:01',NULL,'false'),(196,'roomvalue_comment','2008-05-22 10:37:01',NULL,'false'),(197,'whiteboard_saveicon','2008-05-22 10:37:01',NULL,'false'),(198,'whiteboard_openicon','2008-05-22 10:37:01',NULL,'false'),(199,'whiteboard_saveaswinheader','2008-05-22 10:37:01',NULL,'false'),(200,'whiteboard_saveaswintext','2008-05-22 10:37:01',NULL,'false'),(201,'files','2008-05-22 10:37:01',NULL,'false'),(202,'whiteboard_saveaswinbtn1','2008-05-22 10:37:01',NULL,'false'),(203,'whiteboard_saveaswinbtn2','2008-05-22 10:37:01',NULL,'false'),(204,'rpcerrorwin_header','2008-05-22 10:37:01',NULL,'false'),(205,'loadwml_header','2008-05-22 10:37:01',NULL,'false'),(206,'loadwml_messsload','2008-05-22 10:37:01',NULL,'false'),(207,'loadwml_messsync','2008-05-22 10:37:01',NULL,'false'),(208,'loadimage_messload','2008-05-22 10:37:01',NULL,'false'),(209,'loadimage_messsync','2008-05-22 10:37:01',NULL,'false'),(210,'loadwml_confirmheader','2008-05-22 10:37:01',NULL,'false'),(211,'loadwml_confirmmess','2008-05-22 10:37:01',NULL,'false'),(212,'loadwml_confirmmess2','2008-05-22 10:37:01',NULL,'false'),(213,'send_invitation_btn','2008-05-22 10:37:01',NULL,'false'),(214,'send_invitationwin_header','2008-05-22 10:37:01',NULL,'false'),(215,'send_invitationwin_subject','2008-05-22 10:37:01',NULL,'false'),(216,'send_invitationwin_recipient','2008-05-22 10:37:01',NULL,'false'),(217,'send_invitationwin_message','2008-05-22 10:37:01',NULL,'false'),(218,'send_invitationwin_btn_confirm','2008-05-22 10:37:02',NULL,'false'),(219,'send_invitationwin_btn_cancel','2008-05-22 10:37:02',NULL,'false'),(220,'send_chat_text_btn','2008-05-22 10:37:02',NULL,'false'),(221,'invited_userwin_header','2008-05-22 10:37:02',NULL,'false'),(222,'invited_userwin_subject','2008-05-22 10:37:02',NULL,'false'),(223,'invited_userwin_login','2008-05-22 10:37:02',NULL,'false'),(224,'invited_userwin_firstname','2008-05-22 10:37:02',NULL,'false'),(225,'invited_userwin_lastname','2008-05-22 10:37:02',NULL,'false'),(226,'invited_userwin_mail','2008-05-22 10:37:02',NULL,'false'),(227,'invited_userwin_lang','2008-05-22 10:37:02',NULL,'false'),(228,'invited_userwin_enter','2008-05-22 10:37:02',NULL,'false'),(229,'invited_userwin_enter','2008-05-22 10:37:02',NULL,'false'),(230,'invited_userwin_enter','2008-05-22 10:37:02',NULL,'false'),(231,'user_registerFalsePWD','2008-05-22 10:37:02',NULL,'false'),(232,'user_registerFalsePWDHeader','2008-05-22 10:37:02',NULL,'false'),(233,'user_registerMailError','2008-05-22 10:37:02',NULL,'false'),(234,'user_registerMailErrorHeader','2008-05-22 10:37:02',NULL,'false'),(235,'user_registerSuccess','2008-05-22 10:37:02',NULL,'false'),(236,'user_registerSuccessHeader','2008-05-22 10:37:02',NULL,'false'),(237,'user_sharing_message','2008-05-22 10:37:02',NULL,'false'),(238,'user_sharing_messageHeader','2008-05-22 10:37:02',NULL,'false'),(239,'user_doStartScreenViewer','2008-05-22 10:37:02',NULL,'false'),(240,'screen_warnBandwidth','2008-05-22 10:37:02',NULL,'false'),(241,'screen_userlabel','2008-05-22 10:37:03',NULL,'false'),(242,'whiteboard_tab_paint','2008-05-22 10:37:03',NULL,'false'),(243,'whiteboard_tab_document','2008-05-22 10:37:03',NULL,'false'),(244,'tabbar_chaticon','2008-05-22 10:37:03',NULL,'false'),(245,'tabbar_filesicon','2008-05-22 10:37:03',NULL,'false'),(246,'tabbar_participantsicon','2008-05-22 10:37:03',NULL,'false'),(247,'swfpresentation_listsaveorig','2008-05-22 10:37:03',NULL,'false'),(248,'swfpresentation_listsavepdf','2008-05-22 10:37:03',NULL,'false'),(249,'swfpresentation_listloadswf','2008-05-22 10:37:03',NULL,'false'),(250,'navimain_config','2008-05-22 10:37:03',NULL,'false'),(251,'whiteboard_boundingbox_drag','2008-05-22 10:37:03',NULL,'false'),(252,'whiteboard_boundingbox_resize','2008-05-22 10:37:03',NULL,'false'),(253,'whiteboard_documenttoolbar_zoom','2008-05-22 10:37:03',NULL,'false'),(254,'whiteboard_documenttoolbar_slide','2008-05-22 10:37:03',NULL,'false'),(255,'whiteboard_documenttoolbar_firstslide','2008-05-22 10:37:03',NULL,'false'),(256,'whiteboard_documenttoolbar_preslide','2008-05-22 10:37:03',NULL,'false'),(257,'whiteboard_documenttoolbar_nextslide','2008-05-22 10:37:03',NULL,'false'),(258,'whiteboard_documenttoolbar_lastslide','2008-05-22 10:37:04',NULL,'false'),(259,'whiteboard_documenttoolbar_zoomminus','2008-05-22 10:37:04',NULL,'false'),(260,'whiteboard_documenttoolbar_zoomplus','2008-05-22 10:37:04',NULL,'false'),(261,'salutation_mr','2008-05-22 10:37:04',NULL,'false'),(262,'salutation_miss','2008-05-22 10:37:04',NULL,'false'),(263,'navimain_confadmin','2008-05-22 10:37:04',NULL,'false'),(264,'conftable_headerId','2008-05-22 10:37:04',NULL,'false'),(265,'conftable_headerkey','2008-05-22 10:37:04',NULL,'false'),(266,'confadminform_header','2008-05-22 10:37:04',NULL,'false'),(267,'confadminform_labelkey','2008-05-22 10:37:04',NULL,'false'),(268,'confadminform_labelupdated','2008-05-22 10:37:04',NULL,'false'),(269,'confadminform_labelupdatedby','2008-05-22 10:37:04',NULL,'false'),(270,'confadminform_labelcomment','2008-05-22 10:37:04',NULL,'false'),(271,'confadminform_labelkey','2008-05-22 10:37:04',NULL,'false'),(272,'turnoverlist_maxresults','2008-05-22 10:37:04',NULL,'false'),(273,'organisation_usersheader','2008-05-22 10:37:04',NULL,'false'),(274,'organisation_usersicondelete','2008-05-22 10:37:04',NULL,'false'),(275,'organisation_usersdeletedhead','2008-05-22 10:37:04',NULL,'false'),(276,'organisation_usersalreadadded','2008-05-22 10:37:04',NULL,'false'),(277,'dashboard_newsheader','2008-05-22 10:37:04',NULL,'false'),(278,'dashboard_quicklinksheader','2008-05-22 10:37:04',NULL,'false'),(279,'dashboard_quicklinkConf','2008-05-22 10:37:04',NULL,'false'),(280,'dashboard_quicklinkAudit','2008-05-22 10:37:04',NULL,'false'),(281,'dashboard_quicklinksupport','2008-05-22 10:37:04',NULL,'false'),(282,'dashboard_quickhomepageurl','2008-05-22 10:37:04',NULL,'false'),(283,'dashboard_quickmailinglisturl','2008-05-22 10:37:04',NULL,'false'),(284,'dashboard_reportbugs','2008-05-22 10:37:04',NULL,'false'),(285,'dashboard_rsslistitemlinktext','2008-05-22 10:37:04',NULL,'false'),(286,'dashboard_quicklinkhomepagelabel','2008-05-22 10:37:04',NULL,'false'),(287,'dashboard_quicklinkmailinglistlabel','2008-05-22 10:37:04',NULL,'false'),(288,'login_rememberuser','2008-05-22 10:37:04',NULL,'false'),(289,'main_navi','2008-05-22 10:37:04',NULL,'false'),(290,'subnavi','2008-05-22 10:37:04',NULL,'false'),(291,'subnavi','2008-05-22 10:37:04',NULL,'false'),(292,'subnavi','2008-05-22 10:37:04',NULL,'false'),(293,'subnavi','2008-05-22 10:37:04',NULL,'false'),(294,'subnavi','2008-05-22 10:37:04',NULL,'false'),(295,'subnavi','2008-05-22 10:37:04',NULL,'false'),(296,'subnavi','2008-05-22 10:37:04',NULL,'false'),(297,'subnavi','2008-05-22 10:37:04',NULL,'false'),(298,'subnavi','2008-05-22 10:37:04',NULL,'false'),(299,'subnavi','2008-05-22 10:37:04',NULL,'false'),(300,'subnavi','2008-05-22 10:37:04',NULL,'false'),(301,'conferencebar','2008-05-22 10:37:04',NULL,'false'),(302,'conferencebar','2008-05-22 10:37:04',NULL,'false'),(303,'conferencebar','2008-05-22 10:37:04',NULL,'false'),(304,'conferencebar','2008-05-22 10:37:04',NULL,'false'),(305,'conferencebar','2008-05-22 10:37:04',NULL,'false'),(306,'conferencebar','2008-05-22 10:37:04',NULL,'false'),(307,'conferencebar','2008-05-22 10:37:04',NULL,'false'),(308,'conferencebar','2008-05-22 10:37:04',NULL,'false'),(309,'conferencebar','2008-05-22 10:37:04',NULL,'false'),(310,'conferencebar','2008-05-22 10:37:04',NULL,'false'),(311,'loginwindow','2008-05-22 10:37:05',NULL,'false'),(312,'loginwindow','2008-05-22 10:37:05',NULL,'false'),(313,'loginwindow','2008-05-22 10:37:05',NULL,'false'),(314,'loginwindow','2008-05-22 10:37:05',NULL,'false'),(315,'loginwindow','2008-05-22 10:37:05',NULL,'false'),(316,'loginwindow','2008-05-22 10:37:05',NULL,'false'),(317,'loginwindow','2008-05-22 10:37:05',NULL,'false'),(318,'loginwindow','2008-05-22 10:37:05',NULL,'false'),(319,'loginwindow','2008-05-22 10:37:05',NULL,'false'),(320,'loginwindow','2008-05-22 10:37:05',NULL,'false'),(321,'loginwindow','2008-05-22 10:37:05',NULL,'false'),(322,'errortype','2008-05-22 10:37:05',NULL,'false'),(323,'errortype','2008-05-22 10:37:05',NULL,'false'),(324,'resetpass','2008-05-22 10:37:05',NULL,'false'),(325,'resetpass','2008-05-22 10:37:05',NULL,'false'),(326,'resetpass','2008-05-22 10:37:05',NULL,'false'),(327,'resetpass','2008-05-22 10:37:05',NULL,'false'),(328,'resetpass','2008-05-22 10:37:05',NULL,'false'),(329,'resetpass','2008-05-22 10:37:05',NULL,'false'),(330,'resetpass','2008-05-22 10:37:05',NULL,'false'),(331,'resetpass','2008-05-22 10:37:05',NULL,'false'),(332,'resetpass','2008-05-22 10:37:05',NULL,'false'),(333,'rpccallback','2008-05-22 10:37:05',NULL,'false'),(334,'rpcgeneralerror','2008-05-22 10:37:05',NULL,'false'),(335,'loginwindow','2008-05-22 10:37:05',NULL,'false'),(336,'loginwindow','2008-05-22 10:37:05',NULL,'false'),(337,'logout','2008-05-22 10:37:05',NULL,'false'),(338,'registration','2008-05-22 10:37:05',NULL,'false'),(339,'registration','2008-05-22 10:37:05',NULL,'false'),(340,'registration','2008-05-22 10:37:05',NULL,'false'),(341,'filebrowser','2008-05-22 10:37:05',NULL,'false'),(342,'filebrowser','2008-05-22 10:37:05',NULL,'false'),(343,'useradmin','2008-05-22 10:37:05',NULL,'false'),(344,'adminforms','2008-05-22 10:37:05',NULL,'false'),(345,'languageseditor','2008-05-22 10:37:05',NULL,'false'),(346,'languageseditor','2008-05-22 10:37:05',NULL,'false'),(347,'errormessage','2008-05-22 10:37:05',NULL,'false'),(348,'mainnavi','2008-05-22 10:37:05',NULL,'false'),(349,'languageseditor','2008-05-22 10:37:05',NULL,'false'),(350,'languageseditor','2008-05-22 10:37:05',NULL,'false'),(351,'languageseditor','2008-05-22 10:37:05',NULL,'false'),(352,'languageseditor','2008-05-22 10:37:05',NULL,'false'),(353,'languageseditor','2008-05-22 10:37:05',NULL,'false'),(354,'languageseditor','2008-05-22 10:37:05',NULL,'false'),(355,'languageseditor','2008-05-22 10:37:05',NULL,'false'),(356,'languageseditor','2008-05-22 10:37:05',NULL,'false'),(357,'languageseditor','2008-05-22 10:37:05',NULL,'false'),(358,'languageseditor','2008-05-22 10:37:05',NULL,'false'),(359,'languageseditor','2008-05-22 10:37:05',NULL,'false'),(360,'languageseditor','2008-05-22 10:37:05',NULL,'false'),(361,'languageseditor','2008-05-22 10:37:05',NULL,'false'),(362,'languageseditor','2008-05-22 10:37:06',NULL,'false'),(363,'languageseditor','2008-05-22 10:37:06',NULL,'false'),(364,'languageseditor','2008-05-22 10:37:06',NULL,'false'),(365,'languageseditor','2008-05-22 10:37:06',NULL,'false'),(366,'languageseditor','2008-05-22 10:37:06',NULL,'false'),(367,'languageseditor','2008-05-22 10:37:06',NULL,'false'),(368,'turnoverlist','2008-05-22 10:37:06',NULL,'false'),(369,'turnoverlist','2008-05-22 10:37:06',NULL,'false'),(370,'turnoverlist','2008-05-22 10:37:06',NULL,'false'),(371,'turnoverlist','2008-05-22 10:37:06',NULL,'false'),(372,'videobox','2008-05-22 10:37:06',NULL,'false'),(373,'videobox','2008-05-22 10:37:06',NULL,'false'),(374,'dashboard','2008-05-22 10:37:06',NULL,'false'),(375,'dashboard','2008-05-22 10:37:06',NULL,'false'),(376,'dashboard','2008-05-22 10:37:06',NULL,'false'),(377,'dashboard','2008-05-22 10:37:06',NULL,'false'),(378,'dashboard','2008-05-22 10:37:06',NULL,'false'),(379,'dashboard','2008-05-22 10:37:06',NULL,'false'),(380,'backuppanel','2008-05-22 10:37:06',NULL,'false'),(381,'backuppanel','2008-05-22 10:37:06',NULL,'false'),(382,'backuppanel','2008-05-22 10:37:06',NULL,'false'),(383,'backuppanel','2008-05-22 10:37:06',NULL,'false'),(384,'backuppanel','2008-05-22 10:37:06',NULL,'false'),(385,'backuppanel','2008-05-22 10:37:06',NULL,'false'),(386,'backuppanel','2008-05-22 10:37:06',NULL,'false'),(387,'languageseditor','2008-05-22 10:37:06',NULL,'false'),(388,'languageseditor','2008-05-22 10:37:06',NULL,'false'),(389,'languageseditor','2008-05-22 10:37:06',NULL,'false'),(390,'importwindow','2008-05-22 10:37:06',NULL,'false'),(391,'recordingsavewin','2008-05-22 10:37:06',NULL,'false'),(392,'recordingsavewin','2008-05-22 10:37:06',NULL,'false'),(393,'recordingsavewin','2008-05-22 10:37:06',NULL,'false'),(394,'recordingsavewin','2008-05-22 10:37:06',NULL,'false'),(395,'record','2008-05-22 10:37:06',NULL,'false'),(396,'recorder','2008-05-22 10:37:06',NULL,'false'),(397,'record','2008-05-22 10:37:06',NULL,'false'),(398,'roomslist','2008-05-22 10:37:06',NULL,'false'),(399,'roomslist','2008-05-22 10:37:06',NULL,'false'),(400,'roomslist','2008-05-22 10:37:06',NULL,'false'),(401,'roomslist','2008-05-22 10:37:06',NULL,'false'),(402,'roomslist','2008-05-22 10:37:06',NULL,'false'),(403,'roomslist','2008-05-22 10:37:06',NULL,'false'),(404,'roomsList','2008-05-22 10:37:06',NULL,'false'),(405,'roomslist','2008-05-22 10:37:06',NULL,'false'),(406,'roomslist','2008-05-22 10:37:06',NULL,'false'),(407,'roomslist','2008-05-22 10:37:06',NULL,'false'),(408,'roomslist','2008-05-22 10:37:06',NULL,'false'),(409,'record','2008-05-22 10:37:06',NULL,'false'),(410,'record','2008-05-22 10:37:06',NULL,'false'),(411,'record','2008-05-22 10:37:07',NULL,'false'),(412,'record','2008-05-22 10:37:07',NULL,'false'),(413,'record','2008-05-22 10:37:07',NULL,'false'),(414,'record','2008-05-22 10:37:07',NULL,'false'),(415,'record','2008-05-22 10:37:07',NULL,'false'),(416,'record','2008-05-22 10:37:07',NULL,'false'),(417,'record','2008-05-22 10:37:07',NULL,'false'),(418,'record_error_msg','2008-05-22 10:37:07',NULL,'false'),(419,'record_message','2008-05-22 10:37:07',NULL,'false'),(420,'record_cancel','2008-05-22 10:37:07',NULL,'false'),(421,'record_cancal_tooltip','2008-05-22 10:37:07',NULL,'false'),(422,'cancel_dialog_resume','2008-05-22 10:37:07',NULL,'false'),(423,'cancel_dialog_resume_tooltip','2008-05-22 10:37:07',NULL,'false'),(424,'painttools_ellipse_color','2008-05-22 10:37:07',NULL,'false'),(425,'colorpicker_head','2008-05-22 10:37:07',NULL,'false'),(426,'painttools_line_disable','2008-05-22 10:37:07',NULL,'false'),(427,'painttools_fill_disable','2008-05-22 10:37:07',NULL,'false'),(428,'painttools_line_disable','2008-05-22 10:37:07',NULL,'false'),(429,'change_width_arrow_down_slider','2008-05-22 10:37:07',NULL,'false'),(430,'close_small_popups','2008-05-22 10:37:07',NULL,'false'),(431,'paint_tool_letter','2008-05-22 10:37:07',NULL,'false'),(432,'recordingslist_delete','2008-05-22 10:37:07',NULL,'false'),(433,'recordingslist_recordedByGuest','2008-05-22 10:37:07',NULL,'false'),(434,'recordingslist_recordedby','2008-05-22 10:37:07',NULL,'false'),(435,'recordings_table_head_name','2008-05-22 10:37:07',NULL,'false'),(436,'recordings_table_head_room','2008-05-22 10:37:07',NULL,'false'),(437,'recordings_table_head_date','2008-05-22 10:37:07',NULL,'false'),(438,'record_start_cancel','2008-05-22 10:37:07',NULL,'false'),(439,'record_start_start','2008-05-22 10:37:07',NULL,'false'),(440,'filesbrowser_table_head_name','2008-05-22 10:37:07',NULL,'false'),(441,'filesbrowser_table_head_date','2008-05-22 10:37:07',NULL,'false'),(442,'chat_clear_history','2008-05-22 10:37:07',NULL,'false'),(443,'chat_overall_header','2008-05-22 10:37:07',NULL,'false'),(444,'chat_send_btn','2008-05-22 10:37:07',NULL,'false'),(445,'chat_emot_btn','2008-05-22 10:37:07',NULL,'false'),(446,'chat_emot_win','2008-05-22 10:37:07',NULL,'false'),(447,'choose_video_settings','2008-05-22 10:37:07',NULL,'false'),(448,'choose_video_settings_combo','2008-05-22 10:37:07',NULL,'false'),(449,'choose_video_settings_combo','2008-05-22 10:37:07',NULL,'false'),(450,'choose_video_settings_combo','2008-05-22 10:37:07',NULL,'false'),(451,'choose_video_settings_combo','2008-05-22 10:37:07',NULL,'false'),(452,'choose_video_settings_info_text','2008-05-22 10:37:07',NULL,'false'),(453,'calendar_dayname_monday','2008-05-22 10:37:07',NULL,'false'),(454,'calendar_dayname_tuesday','2008-05-22 10:37:08',NULL,'false'),(455,'calendar_dayname_wednesday','2008-05-22 10:37:08',NULL,'false'),(456,'calendar_dayname_thursday','2008-05-22 10:37:08',NULL,'false'),(457,'calendar_dayname_friday','2008-05-22 10:37:08',NULL,'false'),(458,'calendar_dayname_saturday','2008-05-22 10:37:08',NULL,'false'),(459,'calendar_dayname_sunday','2008-05-22 10:37:08',NULL,'false'),(460,'calendar_dayname_monday','2008-05-22 10:37:08',NULL,'false'),(461,'calendar_dayname_TuesdayLabel','2008-05-22 10:37:08',NULL,'false'),(462,'calendar_dayname_WednesdayLabel','2008-05-22 10:37:08',NULL,'false'),(463,'calendar_dayname_ThursdayLabel','2008-05-22 10:37:08',NULL,'false'),(464,'calendar_dayname_FridayLabel','2008-05-22 10:37:08',NULL,'false'),(465,'calendar_dayname_SaturdayLabel','2008-05-22 10:37:08',NULL,'false'),(466,'calendar_dayname_SundayLabel','2008-05-22 10:37:08',NULL,'false'),(467,'calendar_weeknumber_header','2008-05-22 10:37:08',NULL,'false'),(468,'calendar_weeknumber_headerTooltip','2008-05-22 10:37:08',NULL,'false'),(469,'calendar_monthnames','2008-05-22 10:37:08',NULL,'false'),(470,'calendar_monthnames','2008-05-22 10:37:08',NULL,'false'),(471,'calendar_monthnames','2008-05-22 10:37:08',NULL,'false'),(472,'calendar_monthnames','2008-05-22 10:37:08',NULL,'false'),(473,'calendar_monthnames','2008-05-22 10:37:08',NULL,'false'),(474,'calendar_monthnames','2008-05-22 10:37:08',NULL,'false'),(475,'calendar_monthnames','2008-05-22 10:37:08',NULL,'false'),(476,'calendar_monthnames','2008-05-22 10:37:08',NULL,'false'),(477,'calendar_monthnames','2008-05-22 10:37:08',NULL,'false'),(478,'calendar_monthnames','2008-05-22 10:37:08',NULL,'false'),(479,'calendar_monthnames','2008-05-22 10:37:08',NULL,'false'),(480,'calendar_monthnames','2008-05-22 10:37:08',NULL,'false'),(481,'calendarwin_header','2008-05-22 10:37:08',NULL,'false'),(482,'roomadmin_labelNumberOfParticipants','2008-05-22 10:37:08',NULL,'false'),(483,'roomValue_advancedSettings','2008-05-22 10:37:08',NULL,'false'),(484,'roomAdmin_layout_videoX','2008-05-22 10:37:08',NULL,'false'),(485,'roomAdmin_layout_videoY','2008-05-22 10:37:08',NULL,'false'),(486,'roomAdmin_layout','2008-05-22 10:37:08',NULL,'false'),(487,'roomAdmin_layout_mod','2008-05-22 10:37:08',NULL,'false'),(488,'roomAdmin_layout_mod_pos','2008-05-22 10:37:08',NULL,'false'),(489,'roomAdmin_layout_whiteboard','2008-05-22 10:37:08',NULL,'false'),(490,'roomAdmin_layout_whiteboard_show','2008-05-22 10:37:08',NULL,'false'),(491,'roomAdmin_layout_whiteboard_pos','2008-05-22 10:37:08',NULL,'false'),(492,'roomAdmin_layout_whiteboard','2008-05-22 10:37:08',NULL,'false'),(493,'roomAdmin_layout_files','2008-05-22 10:37:08',NULL,'false'),(494,'roomAdmin_layout_files_show','2008-05-22 10:37:08',NULL,'false'),(495,'roomAdmin_layout_files_pos','2008-05-22 10:37:08',NULL,'false'),(496,'roomAdmin_layout_files','2008-05-22 10:37:08',NULL,'false'),(497,'moderator_gone_message','2008-05-22 10:37:08',NULL,'false'),(498,'moderator_message_event_no_mod','2008-05-22 10:37:08',NULL,'false'),(499,'feedback_template_subject','2008-05-22 10:37:08',NULL,'false'),(500,'invitation_template_head','2008-05-22 10:37:08',NULL,'false'),(501,'invitation_text_from','2008-05-22 10:37:08',NULL,'false'),(502,'invitation_text_message','2008-05-22 10:37:08',NULL,'false'),(503,'invitation_text_click_text','2008-05-22 10:37:08',NULL,'false'),(504,'invitation_text_click_text_link','2008-05-22 10:37:08',NULL,'false'),(505,'invitation_text_click_text_help','2008-05-22 10:37:08',NULL,'false'),(506,'registering_mail_text_head','2008-05-22 10:37:08',NULL,'false'),(507,'registering_mail_text_head2','2008-05-22 10:37:08',NULL,'false'),(508,'registering_mail_text_username','2008-05-22 10:37:08',NULL,'false'),(509,'registering_mail_text_pass','2008-05-22 10:37:09',NULL,'false'),(510,'registering_mail_text_mail','2008-05-22 10:37:09',NULL,'false'),(511,'registering_mail_text_bye','2008-05-22 10:37:09',NULL,'false'),(512,'register_mail_subject','2008-05-22 10:37:09',NULL,'false'),(513,'reset_password_template_head','2008-05-22 10:37:09',NULL,'false'),(514,'reset_password_template_test_link','2008-05-22 10:37:09',NULL,'false'),(515,'reset_password_template_text2_link','2008-05-22 10:37:09',NULL,'false'),(516,'reset_password_template_text3_link','2008-05-22 10:37:09',NULL,'false'),(517,'reset_password_mail_subject','2008-05-22 10:37:09',NULL,'false'),(518,'dateRegExpError','2008-05-22 10:37:09',NULL,'false'),(519,'emailRegExpError','2008-05-22 10:37:09',NULL,'false'),(520,'floatRegExpError','2008-05-22 10:37:09',NULL,'false'),(521,'numberRegExpError','2008-05-22 10:37:09',NULL,'false'),(522,'phoneRegExpError','2008-05-22 10:37:09',NULL,'false'),(523,'timeRegExpError','2008-05-22 10:37:09',NULL,'false'),(524,'invitation_window','2008-05-22 10:37:09',NULL,'false'),(525,'invitation_window_passwordLabel','2008-05-22 10:37:09',NULL,'false'),(526,'invitation_window_validLabel','2008-05-22 10:37:09',NULL,'false'),(527,'invitation_window_valid','2008-05-22 10:37:09',NULL,'false'),(528,'invitation_window_valid','2008-05-22 10:37:09',NULL,'false'),(529,'invitation_window_valid','2008-05-22 10:37:09',NULL,'false'),(530,'invitation_window_validFromLabel','2008-05-22 10:37:09',NULL,'false'),(531,'invitation_window_validToLabel','2008-05-22 10:37:09',NULL,'false'),(532,'invitation_window_MailSubject','2008-05-22 10:37:09',NULL,'false'),(533,'invitation_error','2008-05-22 10:37:09',NULL,'false'),(534,'invitation_error','2008-05-22 10:37:09',NULL,'false'),(535,'invitation_error','2008-05-22 10:37:09',NULL,'false'),(536,'invitation_pass','2008-05-22 10:37:09',NULL,'false'),(537,'invitation_pass_btn','2008-05-22 10:37:09',NULL,'false'),(538,'invitation_pass_error','2008-05-22 10:37:09',NULL,'false'),(539,'Browser','2008-05-22 10:37:09',NULL,'false'),(540,'Browser','2008-05-22 10:37:09',NULL,'false'),(541,'errorCode_invalidSession','2008-05-22 10:37:09',NULL,'false'),(542,'errorcode_setUserObject','2008-05-22 10:37:09',NULL,'false'),(543,'errorcode_loginByRemoteUser','2008-05-22 10:37:09',NULL,'false'),(544,'debug_message_recording','2008-05-22 10:37:09',NULL,'false');
/*!40000 ALTER TABLE `fieldvalues` ENABLE KEYS */;
UNLOCK TABLES;

--
-- Table structure for table `iax_buddies`
--

DROP TABLE IF EXISTS `iax_buddies`;
CREATE TABLE `iax_buddies` (
  `name` varchar(30) NOT NULL,
  `accountcode` varchar(100) default NULL,
  `allow` varchar(100) default NULL,
  `amaflags` varchar(100) default NULL,
  `auth` varchar(100) NOT NULL,
  `callerid` varchar(100) default NULL,
  `context` varchar(100) NOT NULL,
  `dbsecret` varchar(100) default NULL,
  `defaultip` varchar(15) default NULL,
  `deny` varchar(95) default NULL,
  `disallow` varchar(100) default NULL,
  `email` varchar(255) NOT NULL,
  `host` varchar(31) NOT NULL,
  `inkeys` varchar(100) default NULL,
  `ipaddr` varchar(15) default NULL,
  `language` varchar(5) default NULL,
  `mailbox` varchar(50) default NULL,
  `md5secret` varchar(32) default NULL,
  `notransfer` varchar(10) default NULL,
  `openid` text,
  `outkeys` varchar(100) default NULL,
  `permit` varchar(95) default NULL,
  `port` int(11) default NULL,
  `qualify` varchar(4) default NULL,
  `regseconds` int(11) default NULL,
  `secret` varchar(50) default NULL,
  `username` varchar(30) default NULL,
  `type` varchar(6) NOT NULL,
  PRIMARY KEY  (`name`),
  UNIQUE KEY `username` (`username`)
) ENGINE=MyISAM DEFAULT CHARSET=latin1;

--
-- Dumping data for table `iax_buddies`
--

LOCK TABLES `iax_buddies` WRITE;
/*!40000 ALTER TABLE `iax_buddies` DISABLE KEYS */;
/*!40000 ALTER TABLE `iax_buddies` ENABLE KEYS */;
UNLOCK TABLES;

--
-- Table structure for table `invitations`
--

DROP TABLE IF EXISTS `invitations`;
CREATE TABLE `invitations` (
  `invitations_id` bigint(20) NOT NULL,
  `canBeUsedOnlyOneTime` bit(1) default NULL,
  `conferencedomain` varchar(255) default NULL,
  `deleted` varchar(255) default NULL,
  `hash` varchar(255) default NULL,
  `invitationWasUsed` bit(1) default NULL,
  `invitationpass` varchar(255) default NULL,
  `invitedBy` varchar(255) default NULL,
  `invitedEMail` varchar(255) default NULL,
  `invitedname` varchar(255) default NULL,
  `isPasswordProtected` bit(1) default NULL,
  `isValidByTime` bit(1) default NULL,
  `room` varchar(255) default NULL,
  `starttime` datetime default NULL,
  `updatetime` datetime default NULL,
  `validFrom` datetime default NULL,
  `validTo` datetime default NULL,
  `roomid` bigint(20) default NULL,
  PRIMARY KEY  (`invitations_id`),
  KEY `FKA0AF7BFAE38A86C2` (`roomid`),
  KEY `FKA0AF7BFA85B585AD` (`invitedBy`)
) ENGINE=MyISAM DEFAULT CHARSET=latin1;

--
-- Dumping data for table `invitations`
--

LOCK TABLES `invitations` WRITE;
/*!40000 ALTER TABLE `invitations` DISABLE KEYS */;
/*!40000 ALTER TABLE `invitations` ENABLE KEYS */;
UNLOCK TABLES;

--
-- Table structure for table `invited_conference_users`
--

DROP TABLE IF EXISTS `invited_conference_users`;
CREATE TABLE `invited_conference_users` (
  `confno` int(11) NOT NULL,
  `username` varchar(80) NOT NULL,
  PRIMARY KEY  (`confno`,`username`),
  KEY `FKA3F0866956638416` (`username`),
  KEY `FKA3F08669B05407C2` (`confno`)
) ENGINE=MyISAM DEFAULT CHARSET=latin1;

--
-- Dumping data for table `invited_conference_users`
--

LOCK TABLES `invited_conference_users` WRITE;
/*!40000 ALTER TABLE `invited_conference_users` DISABLE KEYS */;
/*!40000 ALTER TABLE `invited_conference_users` ENABLE KEYS */;
UNLOCK TABLES;

--
-- Table structure for table `meetme`
--

DROP TABLE IF EXISTS `meetme`;
CREATE TABLE `meetme` (
  `confno` int(11) NOT NULL auto_increment,
  `accessType` smallint(6) NOT NULL,
  `adminpin` int(11) default NULL,
  `agenda` varchar(255) default NULL,
  `end_date` bigint(20) default NULL,
  `max_users` int(11) NOT NULL,
  `members` int(11) NOT NULL,
  `name` varchar(255) default NULL,
  `owner` varchar(80) NOT NULL,
  `permanent` smallint(6) NOT NULL,
  `pin` int(11) default NULL,
  `recorded` smallint(6) NOT NULL,
  `start_date` bigint(20) default NULL,
  PRIMARY KEY  (`confno`)
) ENGINE=MyISAM AUTO_INCREMENT=72 DEFAULT CHARSET=latin1;

--
-- Dumping data for table `meetme`
--

LOCK TABLES `meetme` WRITE;
/*!40000 ALTER TABLE `meetme` DISABLE KEYS */;
/*!40000 ALTER TABLE `meetme` ENABLE KEYS */;
UNLOCK TABLES;

--
-- Table structure for table `naviglobal`
--

DROP TABLE IF EXISTS `naviglobal`;
CREATE TABLE `naviglobal` (
  `global_id` bigint(20) NOT NULL,
  `action` varchar(255) default NULL,
  `comment` varchar(255) default NULL,
  `icon` varchar(255) default NULL,
  `isleaf` bit(1) default NULL,
  `isopen` bit(1) default NULL,
  `starttime` datetime default NULL,
  `updatetime` datetime default NULL,
  `deleted` varchar(255) default NULL,
  `name` varchar(255) default NULL,
  `naviorder` int(11) default NULL,
  `level_id` bigint(20) default NULL,
  `fieldvalues_id` bigint(20) default NULL,
  PRIMARY KEY  (`global_id`)
) ENGINE=InnoDB DEFAULT CHARSET=latin1;

--
-- Dumping data for table `naviglobal`
--

LOCK TABLES `naviglobal` WRITE;
/*!40000 ALTER TABLE `naviglobal` DISABLE KEYS */;
INSERT INTO `naviglobal` VALUES (1,'home','','','\0','','2008-05-22 10:40:50',NULL,'false','home',1,1,124),(2,'content','','','\0','','2008-05-22 10:40:50',NULL,'true','content',2,1,289),(3,'record','','','\0','','2008-05-22 10:40:51',NULL,'false','record',3,1,395),(4,'meetings','','','\0','','2008-05-22 10:40:51',NULL,'false','meetings',4,1,2),(5,'events','','','\0','','2008-05-22 10:40:51',NULL,'false','events',5,1,3),(6,'admin','','','\0','','2008-05-22 10:40:52',NULL,'false','admin',6,2,6);
/*!40000 ALTER TABLE `naviglobal` ENABLE KEYS */;
UNLOCK TABLES;

--
-- Table structure for table `navimain`
--

DROP TABLE IF EXISTS `navimain`;
CREATE TABLE `navimain` (
  `main_id` bigint(20) NOT NULL,
  `action` varchar(255) default NULL,
  `level_id` bigint(20) default NULL,
  `global_id` bigint(20) default NULL,
  `comment` varchar(255) default NULL,
  `icon` varchar(255) default NULL,
  `isleaf` bit(1) default NULL,
  `isopen` bit(1) default NULL,
  `starttime` datetime default NULL,
  `updatetime` datetime default NULL,
  `deleted` varchar(255) default NULL,
  `name` varchar(255) default NULL,
  `naviorder` int(11) default NULL,
  `fieldvalues_id` bigint(20) default NULL,
  PRIMARY KEY  (`main_id`),
  KEY `FK7D543E5FA806EF6` (`global_id`),
  CONSTRAINT `FK7D543E5FA806EF6` FOREIGN KEY (`global_id`) REFERENCES `naviglobal` (`global_id`)
) ENGINE=InnoDB DEFAULT CHARSET=latin1;

--
-- Dumping data for table `navimain`
--

LOCK TABLES `navimain` WRITE;
/*!40000 ALTER TABLE `navimain` DISABLE KEYS */;
INSERT INTO `navimain` VALUES (1,'mainDashboard',1,1,'','','','','2008-05-22 10:40:50',NULL,'false','mainDashboard',1,290),(2,'myScheduledMeetings',1,1,'','','','','2008-05-22 10:40:50',NULL,'false','myScheduledMeetings',2,291),(3,'myScheduledEvents',1,1,'','','','','2008-05-22 10:40:50',NULL,'false','myScheduledEvents',3,292),(4,'publicContent',1,2,'','','','','2008-05-22 10:40:51',NULL,'false','publicContent',4,297),(5,'privateContent',1,2,'','','','','2008-05-22 10:40:51',NULL,'false','privateContent',5,298),(6,'personalContent',1,2,'','','','','2008-05-22 10:40:51',NULL,'false','personalContent',6,299),(7,'recordContent',1,3,'','','','','2008-05-22 10:40:51',NULL,'false','recordContent',7,395),(8,'recordingsViewer',1,3,'','','','','2008-05-22 10:40:51',NULL,'false','recordingsViewer',8,396),(9,'publicMeetings',1,4,'','','','','2008-05-22 10:40:51',NULL,'false','publicMeetings',9,293),(10,'privateMeetings',1,4,'','','','','2008-05-22 10:40:51',NULL,'false','privateMeetings',10,294),(11,'publicEvents',1,5,'','','','','2008-05-22 10:40:51',NULL,'false','publicEvents',11,295),(12,'privateEvents',1,5,'','','','','2008-05-22 10:40:52',NULL,'false','privateEvents',12,296),(13,'userAdmin',2,6,'','','','\0','2008-05-22 10:40:52',NULL,'false','userAdmin',13,125),(14,'orgAdmin',3,6,'','','','\0','2008-05-22 10:40:52',NULL,'false','orgAdmin',14,127),(15,'roomAdmin',3,6,'','','','\0','2008-05-22 10:40:52',NULL,'false','roomAdmin',15,186),(16,'confAdmin',3,6,'','','','\0','2008-05-22 10:40:52',NULL,'false','confAdmin',16,263),(17,'languagesEditor',3,6,'','','','\0','2008-05-22 10:40:52',NULL,'false','languagesEditor',17,348),(18,'backupContent',3,6,'','','','\0','2008-05-22 10:40:52',NULL,'false','backupContent',18,367);
/*!40000 ALTER TABLE `navimain` ENABLE KEYS */;
UNLOCK TABLES;

--
-- Table structure for table `navisub`
--

DROP TABLE IF EXISTS `navisub`;
CREATE TABLE `navisub` (
  `sub_id` bigint(20) NOT NULL,
  `main_id` bigint(20) default NULL,
  `level_id` bigint(20) default NULL,
  `action` varchar(255) default NULL,
  `comment` varchar(255) default NULL,
  `icon` varchar(255) default NULL,
  `isleaf` bit(1) default NULL,
  `isopen` bit(1) default NULL,
  `name` varchar(255) default NULL,
  `naviorder` int(11) default NULL,
  `starttime` datetime default NULL,
  `updatetime` datetime default NULL,
  `deleted` varchar(255) default NULL,
  `fieldvalues_id` bigint(20) default NULL,
  PRIMARY KEY  (`sub_id`),
  KEY `FK6723D8DA8B4D8636` (`main_id`),
  CONSTRAINT `FK6723D8DA8B4D8636` FOREIGN KEY (`main_id`) REFERENCES `navimain` (`main_id`)
) ENGINE=InnoDB DEFAULT CHARSET=latin1;

--
-- Dumping data for table `navisub`
--

LOCK TABLES `navisub` WRITE;
/*!40000 ALTER TABLE `navisub` DISABLE KEYS */;
/*!40000 ALTER TABLE `navisub` ENABLE KEYS */;
UNLOCK TABLES;

--
-- Table structure for table `organisation`
--

DROP TABLE IF EXISTS `organisation`;
CREATE TABLE `organisation` (
  `organisation_id` bigint(20) NOT NULL,
  `insertedby` bigint(20) default NULL,
  `name` varchar(255) default NULL,
  `updatedby` bigint(20) default NULL,
  `starttime` datetime default NULL,
  `updatetime` datetime default NULL,
  `deleted` varchar(255) default NULL,
  PRIMARY KEY  (`organisation_id`)
) ENGINE=InnoDB DEFAULT CHARSET=latin1;

--
-- Dumping data for table `organisation`
--

LOCK TABLES `organisation` WRITE;
/*!40000 ALTER TABLE `organisation` DISABLE KEYS */;
INSERT INTO `organisation` VALUES (1,1,'PSNC',NULL,'2008-05-22 10:40:59',NULL,'false');
/*!40000 ALTER TABLE `organisation` ENABLE KEYS */;
UNLOCK TABLES;

--
-- Table structure for table `organisation_users`
--

DROP TABLE IF EXISTS `organisation_users`;
CREATE TABLE `organisation_users` (
  `organisation_users_id` bigint(20) NOT NULL auto_increment,
  `comment` varchar(255) default NULL,
  `deleted` varchar(255) default NULL,
  `organisation_id` bigint(20) default NULL,
  `starttime` datetime default NULL,
  `updatetime` datetime default NULL,
  `user_id` bigint(20) default NULL,
  PRIMARY KEY  (`organisation_users_id`),
  KEY `FKA4E46663EE3F67AA` (`user_id`),
  KEY `FKA4E466638BFF5AE` (`organisation_id`)
) ENGINE=MyISAM AUTO_INCREMENT=20 DEFAULT CHARSET=latin1;

--
-- Dumping data for table `organisation_users`
--

LOCK TABLES `organisation_users` WRITE;
/*!40000 ALTER TABLE `organisation_users` DISABLE KEYS */;
INSERT INTO `organisation_users` VALUES (1,'','false',1,NULL,NULL,1),(2,'','false',1,NULL,NULL,2),(3,'','false',1,NULL,NULL,3),(4,'','false',1,NULL,NULL,4),(5,'','false',1,NULL,NULL,5),(6,'','false',1,NULL,NULL,6),(7,'','false',1,NULL,NULL,7),(8,'','false',1,NULL,NULL,8),(9,'','false',1,NULL,NULL,9),(10,'','false',1,NULL,NULL,10),(11,'','false',1,NULL,NULL,11),(12,'','false',1,NULL,NULL,12),(13,'','false',1,NULL,NULL,13),(14,'','false',1,NULL,NULL,14),(15,'','false',1,NULL,NULL,15),(16,'','false',1,NULL,NULL,16),(17,'','false',1,NULL,NULL,17),(18,'','false',1,NULL,NULL,18),(19,'','false',1,NULL,NULL,19);
/*!40000 ALTER TABLE `organisation_users` ENABLE KEYS */;
UNLOCK TABLES;

--
-- Table structure for table `past_banned_conference_users`
--

DROP TABLE IF EXISTS `past_banned_conference_users`;
CREATE TABLE `past_banned_conference_users` (
  `confno` int(11) NOT NULL,
  `username` varchar(80) NOT NULL,
  PRIMARY KEY  (`confno`,`username`),
  KEY `FKE77506F956638416` (`username`),
  KEY `FKE77506F960937851` (`confno`)
) ENGINE=MyISAM DEFAULT CHARSET=latin1;

--
-- Dumping data for table `past_banned_conference_users`
--

LOCK TABLES `past_banned_conference_users` WRITE;
/*!40000 ALTER TABLE `past_banned_conference_users` DISABLE KEYS */;
/*!40000 ALTER TABLE `past_banned_conference_users` ENABLE KEYS */;
UNLOCK TABLES;

--
-- Table structure for table `past_conferences`
--

DROP TABLE IF EXISTS `past_conferences`;
CREATE TABLE `past_conferences` (
  `confno` int(11) NOT NULL,
  `accessType` smallint(6) NOT NULL,
  `adminpin` int(11) default NULL,
  `agenda` varchar(255) default NULL,
  `end_date` bigint(20) default NULL,
  `max_users` int(11) NOT NULL,
  `name` varchar(255) default NULL,
  `owner` varchar(80) NOT NULL,
  `permanent` smallint(6) NOT NULL,
  `pin` int(11) default NULL,
  `recorded` smallint(6) NOT NULL,
  `recordings` varchar(255) default NULL,
  `start_date` bigint(20) default NULL,
  PRIMARY KEY  (`confno`)
) ENGINE=MyISAM DEFAULT CHARSET=latin1;

--
-- Dumping data for table `past_conferences`
--

LOCK TABLES `past_conferences` WRITE;
/*!40000 ALTER TABLE `past_conferences` DISABLE KEYS */;
/*!40000 ALTER TABLE `past_conferences` ENABLE KEYS */;
UNLOCK TABLES;

--
-- Table structure for table `past_invited_conference_users`
--

DROP TABLE IF EXISTS `past_invited_conference_users`;
CREATE TABLE `past_invited_conference_users` (
  `confno` int(11) NOT NULL,
  `username` varchar(80) NOT NULL,
  PRIMARY KEY  (`confno`,`username`),
  KEY `FK99E90DF656638416` (`username`),
  KEY `FK99E90DF660937851` (`confno`)
) ENGINE=MyISAM DEFAULT CHARSET=latin1;

--
-- Dumping data for table `past_invited_conference_users`
--

LOCK TABLES `past_invited_conference_users` WRITE;
/*!40000 ALTER TABLE `past_invited_conference_users` DISABLE KEYS */;
/*!40000 ALTER TABLE `past_invited_conference_users` ENABLE KEYS */;
UNLOCK TABLES;

--
-- Table structure for table `phones`
--

DROP TABLE IF EXISTS `phones`;
CREATE TABLE `phones` (
  `phone_id` bigint(20) NOT NULL,
  `comment` varchar(255) default NULL,
  `phonevalue` varchar(255) default NULL,
  `starttime` datetime default NULL,
  `updatetime` datetime default NULL,
  `deleted` varchar(255) default NULL,
  PRIMARY KEY  (`phone_id`)
) ENGINE=InnoDB DEFAULT CHARSET=latin1;

--
-- Dumping data for table `phones`
--

LOCK TABLES `phones` WRITE;
/*!40000 ALTER TABLE `phones` DISABLE KEYS */;
/*!40000 ALTER TABLE `phones` ENABLE KEYS */;
UNLOCK TABLES;

--
-- Table structure for table `queue_member_table`
--

DROP TABLE IF EXISTS `queue_member_table`;
CREATE TABLE `queue_member_table` (
  `queue_name` varchar(128) NOT NULL,
  `interface` varchar(128) NOT NULL,
  `penalty` bigint(20) default NULL,
  PRIMARY KEY  (`queue_name`,`interface`)
) ENGINE=MyISAM DEFAULT CHARSET=latin1;

--
-- Dumping data for table `queue_member_table`
--

LOCK TABLES `queue_member_table` WRITE;
/*!40000 ALTER TABLE `queue_member_table` DISABLE KEYS */;
/*!40000 ALTER TABLE `queue_member_table` ENABLE KEYS */;
UNLOCK TABLES;

--
-- Table structure for table `queue_table`
--

DROP TABLE IF EXISTS `queue_table`;
CREATE TABLE `queue_table` (
  `name` varchar(128) NOT NULL,
  `announce` varchar(128) default NULL,
  `announce_frequency` bigint(20) default NULL,
  `announce_holdtime` varchar(128) default NULL,
  `announce_round_seconds` bigint(20) default NULL,
  `context` varchar(128) default NULL,
  `eventmemberstatus` bit(1) default NULL,
  `eventwhencalled` bit(1) default NULL,
  `joinempty` varchar(128) default NULL,
  `leavewhenempty` varchar(128) default NULL,
  `maxlen` bigint(20) default NULL,
  `memberdelay` bigint(20) default NULL,
  `monitor_format` varchar(128) default NULL,
  `monitor_join` bit(1) default NULL,
  `musiconhold` varchar(128) default NULL,
  `queue_callswaiting` varchar(128) default NULL,
  `queue_holdtime` varchar(128) default NULL,
  `queue_lessthan` varchar(128) default NULL,
  `queue_minutes` varchar(128) default NULL,
  `queue_reporthold` varchar(128) default NULL,
  `queue_seconds` varchar(128) default NULL,
  `queue_thankyou` varchar(128) default NULL,
  `queue_thereare` varchar(128) default NULL,
  `queue_youarenext` varchar(128) default NULL,
  `reportholdtime` bit(1) default NULL,
  `retry` bigint(20) default NULL,
  `servicelevel` bigint(20) default NULL,
  `strategy` varchar(128) default NULL,
  `timeout` bigint(20) default NULL,
  `timeoutrestart` bit(1) default NULL,
  `weight` bigint(20) default NULL,
  `wrapuptime` bigint(20) default NULL,
  PRIMARY KEY  (`name`)
) ENGINE=MyISAM DEFAULT CHARSET=latin1;

--
-- Dumping data for table `queue_table`
--

LOCK TABLES `queue_table` WRITE;
/*!40000 ALTER TABLE `queue_table` DISABLE KEYS */;
/*!40000 ALTER TABLE `queue_table` ENABLE KEYS */;
UNLOCK TABLES;

--
-- Table structure for table `recording`
--

DROP TABLE IF EXISTS `recording`;
CREATE TABLE `recording` (
  `recording_id` bigint(20) NOT NULL,
  `comment` varchar(255) default NULL,
  `deleted` varchar(255) default NULL,
  `duration` bigint(20) default NULL,
  `name` varchar(255) default NULL,
  `recordedby` varchar(255) default NULL,
  `roomRecording` tinyblob,
  `rooms` varchar(255) default NULL,
  `starttime` datetime default NULL,
  `starttimeAsString` varchar(255) default NULL,
  `updatetime` datetime default NULL,
  `xmlString` varchar(255) default NULL,
  PRIMARY KEY  (`recording_id`),
  KEY `FK3B387DF1212C5E84` (`rooms`),
  KEY `FK3B387DF122D9C2A2` (`recordedby`)
) ENGINE=MyISAM DEFAULT CHARSET=latin1;

--
-- Dumping data for table `recording`
--

LOCK TABLES `recording` WRITE;
/*!40000 ALTER TABLE `recording` DISABLE KEYS */;
/*!40000 ALTER TABLE `recording` ENABLE KEYS */;
UNLOCK TABLES;

--
-- Table structure for table `rooms`
--

DROP TABLE IF EXISTS `rooms`;
CREATE TABLE `rooms` (
  `rooms_id` bigint(20) NOT NULL,
  `comment` varchar(255) default NULL,
  `name` varchar(255) default NULL,
  `roomtypes_id` bigint(20) default NULL,
  `starttime` datetime default NULL,
  `updatetime` datetime default NULL,
  `deleted` varchar(255) default NULL,
  `ispublic` bit(1) default NULL,
  `numberOfPartizipants` bigint(20) default NULL,
  `videopodwidth` int(11) default NULL,
  `videopodheight` int(11) default NULL,
  `videopodxposition` int(11) default NULL,
  `videopodyposition` int(11) default NULL,
  `moderationpanelxposition` int(11) default NULL,
  `showwhiteboard` bit(1) default NULL,
  `whiteboardpanelxposition` int(11) default NULL,
  `whiteboardpanelyposition` int(11) default NULL,
  `whiteboardpanelheight` int(11) default NULL,
  `whiteboardpanelwidth` int(11) default NULL,
  `showfilespanel` bit(1) default NULL,
  `filespanelxposition` int(11) default NULL,
  `filespanelyposition` int(11) default NULL,
  `filespanelheight` int(11) default NULL,
  `filespanelwidth` int(11) default NULL,
  PRIMARY KEY  (`rooms_id`),
  KEY `FK67A9AF8FD4F876E` (`roomtypes_id`),
  CONSTRAINT `FK67A9AF8FD4F876E` FOREIGN KEY (`roomtypes_id`) REFERENCES `roomtypes` (`roomtypes_id`)
) ENGINE=InnoDB DEFAULT CHARSET=latin1;

--
-- Dumping data for table `rooms`
--

LOCK TABLES `rooms` WRITE;
/*!40000 ALTER TABLE `rooms` DISABLE KEYS */;
/*!40000 ALTER TABLE `rooms` ENABLE KEYS */;
UNLOCK TABLES;

--
-- Table structure for table `rooms_organisation`
--

DROP TABLE IF EXISTS `rooms_organisation`;
CREATE TABLE `rooms_organisation` (
  `rooms_organisation_id` bigint(20) NOT NULL,
  `deleted` varchar(255) default NULL,
  `organisation` varchar(255) default NULL,
  `room` varchar(255) default NULL,
  `starttime` datetime default NULL,
  `updatetime` datetime default NULL,
  `organisation_id` bigint(20) default NULL,
  `rooms_id` bigint(20) default NULL,
  PRIMARY KEY  (`rooms_organisation_id`),
  KEY `FKC6DD62C1106B174E` (`rooms_id`),
  KEY `FKC6DD62C18BFF5AE` (`organisation_id`)
) ENGINE=MyISAM DEFAULT CHARSET=latin1;

--
-- Dumping data for table `rooms_organisation`
--

LOCK TABLES `rooms_organisation` WRITE;
/*!40000 ALTER TABLE `rooms_organisation` DISABLE KEYS */;
/*!40000 ALTER TABLE `rooms_organisation` ENABLE KEYS */;
UNLOCK TABLES;

--
-- Table structure for table `roomtypes`
--

DROP TABLE IF EXISTS `roomtypes`;
CREATE TABLE `roomtypes` (
  `roomtypes_id` bigint(20) NOT NULL,
  `name` varchar(255) default NULL,
  `starttime` datetime default NULL,
  `updatetime` datetime default NULL,
  `deleted` varchar(255) default NULL,
  PRIMARY KEY  (`roomtypes_id`)
) ENGINE=InnoDB DEFAULT CHARSET=latin1;

--
-- Dumping data for table `roomtypes`
--

LOCK TABLES `roomtypes` WRITE;
/*!40000 ALTER TABLE `roomtypes` DISABLE KEYS */;
INSERT INTO `roomtypes` VALUES (1,'conference','2008-05-22 10:40:59',NULL,'false'),(2,'audience','2008-05-22 10:40:59',NULL,'false');
/*!40000 ALTER TABLE `roomtypes` ENABLE KEYS */;
UNLOCK TABLES;

--
-- Table structure for table `salutations`
--

DROP TABLE IF EXISTS `salutations`;
CREATE TABLE `salutations` (
  `salutations_id` bigint(20) NOT NULL,
  `name` varchar(255) default NULL,
  `starttime` datetime default NULL,
  `updatetime` datetime default NULL,
  `deleted` varchar(255) default NULL,
  `fieldvalues_id` bigint(20) default NULL,
  PRIMARY KEY  (`salutations_id`)
) ENGINE=InnoDB DEFAULT CHARSET=latin1;

--
-- Dumping data for table `salutations`
--

LOCK TABLES `salutations` WRITE;
/*!40000 ALTER TABLE `salutations` DISABLE KEYS */;
INSERT INTO `salutations` VALUES (1,'Mister','2008-05-22 10:40:56',NULL,'false',261),(2,'Miss','2008-05-22 10:40:56',NULL,'false',262);
/*!40000 ALTER TABLE `salutations` ENABLE KEYS */;
UNLOCK TABLES;

--
-- Table structure for table `sessiondata`
--

DROP TABLE IF EXISTS `sessiondata`;
CREATE TABLE `sessiondata` (
  `id` bigint(20) NOT NULL,
  `refresh_time` datetime default NULL,
  `session_id` varchar(255) default NULL,
  `starttermin_time` datetime default NULL,
  `user_id` bigint(20) default NULL,
  `sessionXml` text,
  PRIMARY KEY  (`id`)
) ENGINE=InnoDB DEFAULT CHARSET=latin1;

--
-- Dumping data for table `sessiondata`
--

LOCK TABLES `sessiondata` WRITE;
/*!40000 ALTER TABLE `sessiondata` DISABLE KEYS */;
INSERT INTO `sessiondata` VALUES (1,'2008-06-03 13:50:33','d3931e01fa3b91626f1a98f10005c8a0','2008-06-03 13:50:33',NULL,NULL),(2,'2008-06-03 13:53:40','e4ffeea7cd67fdade728e9f27cd7c251','2008-06-03 13:53:27',17,NULL),(3,'2008-06-03 13:58:53','2dbf57d36eb94c6d0bdf7a7209064462','2008-06-03 13:58:12',19,NULL),(4,'2008-06-03 13:59:38','2b6b4163a86eb4d188c424746aa85bb5','2008-06-03 13:59:38',NULL,NULL),(5,'2008-06-03 14:01:35','4f7456ed112e7e23f1bdad2667ef631d','2008-06-03 14:00:18',19,NULL);
/*!40000 ALTER TABLE `sessiondata` ENABLE KEYS */;
UNLOCK TABLES;

--
-- Table structure for table `sip_conf`
--

DROP TABLE IF EXISTS `sip_conf`;
CREATE TABLE `sip_conf` (
  `name` varchar(80) NOT NULL,
  `accountcode` varchar(20) default NULL,
  `allow` varchar(100) default NULL,
  `amaflags` varchar(7) default NULL,
  `callerid` varchar(80) default NULL,
  `callgroup` varchar(10) default NULL,
  `cancallforward` varchar(3) default NULL,
  `canreinvite` varchar(3) default NULL,
  `context` varchar(80) default NULL,
  `defaultip` varchar(15) default NULL,
  `deny` varchar(95) default NULL,
  `disallow` varchar(100) default NULL,
  `dtmfmode` varchar(7) default NULL,
  `email` varchar(255) NOT NULL,
  `fromdomain` varchar(80) default NULL,
  `fromuser` varchar(80) default NULL,
  `fullcontact` varchar(100) NOT NULL,
  `host` varchar(31) NOT NULL,
  `insecure` varchar(4) default NULL,
  `ipaddr` varchar(15) NOT NULL,
  `language` varchar(2) default NULL,
  `mailbox` varchar(50) default NULL,
  `mask` varchar(95) default NULL,
  `md5secret` varchar(80) default NULL,
  `musiconhold` varchar(100) default NULL,
  `nat` varchar(5) NOT NULL,
  `openid` text,
  `permit` varchar(95) default NULL,
  `pickupgroup` varchar(10) default NULL,
  `port` varchar(5) NOT NULL,
  `qualify` varchar(3) default NULL,
  `regexten` varchar(80) NOT NULL,
  `regseconds` smallint(6) NOT NULL,
  `restrictcid` varchar(1) default NULL,
  `rtpholdtimeout` varchar(3) default NULL,
  `rtptimeout` varchar(3) default NULL,
  `secret` varchar(80) default NULL,
  `type` varchar(255) NOT NULL,
  `username` varchar(80) NOT NULL,
  PRIMARY KEY  (`name`),
  UNIQUE KEY `username` (`username`)
) ENGINE=MyISAM DEFAULT CHARSET=latin1;

--
-- Dumping data for table `sip_conf`
--

LOCK TABLES `sip_conf` WRITE;
/*!40000 ALTER TABLE `sip_conf` DISABLE KEYS */;
/*!40000 ALTER TABLE `sip_conf` ENABLE KEYS */;
UNLOCK TABLES;

--
-- Table structure for table `states`
--

DROP TABLE IF EXISTS `states`;
CREATE TABLE `states` (
  `state_id` bigint(20) NOT NULL,
  `name` varchar(255) default NULL,
  `starttime` datetime default NULL,
  `updatetime` datetime default NULL,
  `deleted` varchar(255) default NULL,
  PRIMARY KEY  (`state_id`)
) ENGINE=InnoDB DEFAULT CHARSET=latin1;

--
-- Dumping data for table `states`
--

LOCK TABLES `states` WRITE;
/*!40000 ALTER TABLE `states` DISABLE KEYS */;
INSERT INTO `states` VALUES (1,'Afghanistan','2008-05-22 10:36:53',NULL,'false'),(2,'land Islands','2008-05-22 10:36:53',NULL,'false'),(3,'Albania','2008-05-22 10:36:53',NULL,'false'),(4,'Algeria','2008-05-22 10:36:53',NULL,'false'),(5,'American Samoa','2008-05-22 10:36:53',NULL,'false'),(6,'Andorra','2008-05-22 10:36:53',NULL,'false'),(7,'Angola','2008-05-22 10:36:53',NULL,'false'),(8,'Anguilla','2008-05-22 10:36:53',NULL,'false'),(9,'Antigua and Barbuda','2008-05-22 10:36:53',NULL,'false'),(10,'Argentina','2008-05-22 10:36:53',NULL,'false'),(11,'Armenia','2008-05-22 10:36:53',NULL,'false'),(12,'Aruba','2008-05-22 10:36:53',NULL,'false'),(13,'Australia','2008-05-22 10:36:53',NULL,'false'),(14,'Austria','2008-05-22 10:36:53',NULL,'false'),(15,'Azerbaijan','2008-05-22 10:36:53',NULL,'false'),(16,'Bahamas','2008-05-22 10:36:53',NULL,'false'),(17,'Bahrain','2008-05-22 10:36:53',NULL,'false'),(18,'Bangladesh','2008-05-22 10:36:53',NULL,'false'),(19,'Barbados','2008-05-22 10:36:53',NULL,'false'),(20,'Belarus','2008-05-22 10:36:53',NULL,'false'),(21,'Belgium','2008-05-22 10:36:53',NULL,'false'),(22,'Belize','2008-05-22 10:36:53',NULL,'false'),(23,'Benin','2008-05-22 10:36:53',NULL,'false'),(24,'Bermuda','2008-05-22 10:36:53',NULL,'false'),(25,'Bhutan','2008-05-22 10:36:53',NULL,'false'),(26,'Bolivia','2008-05-22 10:36:53',NULL,'false'),(27,'Bosnia and Herzegovina','2008-05-22 10:36:53',NULL,'false'),(28,'Botswana','2008-05-22 10:36:53',NULL,'false'),(29,'Brazil','2008-05-22 10:36:53',NULL,'false'),(30,'British Virgin Islands','2008-05-22 10:36:53',NULL,'false'),(31,'Brunei Darussalam','2008-05-22 10:36:53',NULL,'false'),(32,'Bulgaria','2008-05-22 10:36:53',NULL,'false'),(33,'Burkina Faso','2008-05-22 10:36:53',NULL,'false'),(34,'Burundi','2008-05-22 10:36:53',NULL,'false'),(35,'Cambodia','2008-05-22 10:36:53',NULL,'false'),(36,'Cameroon','2008-05-22 10:36:53',NULL,'false'),(37,'Canada','2008-05-22 10:36:53',NULL,'false'),(38,'Cape Verde','2008-05-22 10:36:53',NULL,'false'),(39,'Cayman Islands','2008-05-22 10:36:53',NULL,'false'),(40,'Central African Republic','2008-05-22 10:36:53',NULL,'false'),(41,'Chad','2008-05-22 10:36:54',NULL,'false'),(42,'Channel Islands','2008-05-22 10:36:54',NULL,'false'),(43,'Chile','2008-05-22 10:36:54',NULL,'false'),(44,'China','2008-05-22 10:36:54',NULL,'false'),(45,'Hong Kong Special Administrative Region of China','2008-05-22 10:36:54',NULL,'false'),(46,'Macao Special Administrative Region of China','2008-05-22 10:36:54',NULL,'false'),(47,'Colombia','2008-05-22 10:36:54',NULL,'false'),(48,'Comoros','2008-05-22 10:36:54',NULL,'false'),(49,'Congo','2008-05-22 10:36:54',NULL,'false'),(50,'Cook Islands','2008-05-22 10:36:54',NULL,'false'),(51,'Costa Rica','2008-05-22 10:36:54',NULL,'false'),(52,'Cte d\'Ivoire','2008-05-22 10:36:54',NULL,'false'),(53,'Croatia','2008-05-22 10:36:54',NULL,'false'),(54,'Cuba','2008-05-22 10:36:54',NULL,'false'),(55,'Cyprus','2008-05-22 10:36:54',NULL,'false'),(56,'Czech Republic','2008-05-22 10:36:54',NULL,'false'),(57,'Democratic People\'s Republic of Korea','2008-05-22 10:36:54',NULL,'false'),(58,'Democratic Republic of the Congo','2008-05-22 10:36:54',NULL,'false'),(59,'Denmark','2008-05-22 10:36:54',NULL,'false'),(60,'Djibouti','2008-05-22 10:36:54',NULL,'false'),(61,'Dominica','2008-05-22 10:36:54',NULL,'false'),(62,'Dominican Republic','2008-05-22 10:36:54',NULL,'false'),(63,'Ecuador','2008-05-22 10:36:54',NULL,'false'),(64,'Egypt','2008-05-22 10:36:54',NULL,'false'),(65,'El Salvador','2008-05-22 10:36:54',NULL,'false'),(66,'Equatorial Guinea','2008-05-22 10:36:54',NULL,'false'),(67,'Eritrea','2008-05-22 10:36:54',NULL,'false'),(68,'Estonia','2008-05-22 10:36:54',NULL,'false'),(69,'Ethiopia','2008-05-22 10:36:54',NULL,'false'),(70,'Faeroe Islands','2008-05-22 10:36:54',NULL,'false'),(71,'Falkland Islands (Malvinas)','2008-05-22 10:36:54',NULL,'false'),(72,'Fiji','2008-05-22 10:36:54',NULL,'false'),(73,'Finland','2008-05-22 10:36:54',NULL,'false'),(74,'France','2008-05-22 10:36:54',NULL,'false'),(75,'French Guiana','2008-05-22 10:36:54',NULL,'false'),(76,'French Polynesia','2008-05-22 10:36:54',NULL,'false'),(77,'Gabon','2008-05-22 10:36:54',NULL,'false'),(78,'Gambia','2008-05-22 10:36:54',NULL,'false'),(79,'Georgia','2008-05-22 10:36:54',NULL,'false'),(80,'Germany','2008-05-22 10:36:54',NULL,'false'),(81,'Ghana','2008-05-22 10:36:54',NULL,'false'),(82,'Gibraltar','2008-05-22 10:36:54',NULL,'false'),(83,'Greece','2008-05-22 10:36:54',NULL,'false'),(84,'Greenland','2008-05-22 10:36:54',NULL,'false'),(85,'Grenada','2008-05-22 10:36:54',NULL,'false'),(86,'Guadeloupe','2008-05-22 10:36:54',NULL,'false'),(87,'Guam','2008-05-22 10:36:54',NULL,'false'),(88,'Guatemala','2008-05-22 10:36:54',NULL,'false'),(89,'Guernsey','2008-05-22 10:36:54',NULL,'false'),(90,'Guinea','2008-05-22 10:36:54',NULL,'false'),(91,'Guinea-Bissau','2008-05-22 10:36:54',NULL,'false'),(92,'Guyana','2008-05-22 10:36:54',NULL,'false'),(93,'Haiti','2008-05-22 10:36:54',NULL,'false'),(94,'Holy See','2008-05-22 10:36:54',NULL,'false'),(95,'Honduras','2008-05-22 10:36:54',NULL,'false'),(96,'Hungary','2008-05-22 10:36:54',NULL,'false'),(97,'Iceland','2008-05-22 10:36:54',NULL,'false'),(98,'India','2008-05-22 10:36:54',NULL,'false'),(99,'Indonesia','2008-05-22 10:36:54',NULL,'false'),(100,'Iran, Islamic Republic of','2008-05-22 10:36:54',NULL,'false'),(101,'Iraq','2008-05-22 10:36:54',NULL,'false'),(102,'Ireland','2008-05-22 10:36:54',NULL,'false'),(103,'Isle of Man','2008-05-22 10:36:54',NULL,'false'),(104,'Israel','2008-05-22 10:36:54',NULL,'false'),(105,'Italy','2008-05-22 10:36:54',NULL,'false'),(106,'Jamaica','2008-05-22 10:36:54',NULL,'false'),(107,'Japan','2008-05-22 10:36:54',NULL,'false'),(108,'Jersey','2008-05-22 10:36:54',NULL,'false'),(109,'Jordan','2008-05-22 10:36:54',NULL,'false'),(110,'Kazakhstan','2008-05-22 10:36:54',NULL,'false'),(111,'Kenya','2008-05-22 10:36:54',NULL,'false'),(112,'Kiribati','2008-05-22 10:36:54',NULL,'false'),(113,'Kuwait','2008-05-22 10:36:55',NULL,'false'),(114,'Kyrgyzstan','2008-05-22 10:36:55',NULL,'false'),(115,'Lao People\'s Democratic Republic','2008-05-22 10:36:55',NULL,'false'),(116,'Latvia','2008-05-22 10:36:55',NULL,'false'),(117,'Lebanon','2008-05-22 10:36:55',NULL,'false'),(118,'Lesotho','2008-05-22 10:36:55',NULL,'false'),(119,'Liberia','2008-05-22 10:36:55',NULL,'false'),(120,'Libyan Arab Jamahiriya','2008-05-22 10:36:55',NULL,'false'),(121,'Liechtenstein','2008-05-22 10:36:55',NULL,'false'),(122,'Lithuania','2008-05-22 10:36:55',NULL,'false'),(123,'Luxembourg','2008-05-22 10:36:55',NULL,'false'),(124,'Madagascar','2008-05-22 10:36:55',NULL,'false'),(125,'Malawi','2008-05-22 10:36:55',NULL,'false'),(126,'Malaysia','2008-05-22 10:36:55',NULL,'false'),(127,'Maldives','2008-05-22 10:36:55',NULL,'false'),(128,'Mali','2008-05-22 10:36:55',NULL,'false'),(129,'Malta','2008-05-22 10:36:55',NULL,'false'),(130,'Marshall Islands','2008-05-22 10:36:55',NULL,'false'),(131,'Martinique','2008-05-22 10:36:55',NULL,'false'),(132,'Mauritania','2008-05-22 10:36:55',NULL,'false'),(133,'Mauritius','2008-05-22 10:36:55',NULL,'false'),(134,'Mayotte','2008-05-22 10:36:55',NULL,'false'),(135,'Mexico','2008-05-22 10:36:55',NULL,'false'),(136,'Micronesia, Federated States of','2008-05-22 10:36:55',NULL,'false'),(137,'Monaco','2008-05-22 10:36:55',NULL,'false'),(138,'Mongolia','2008-05-22 10:36:55',NULL,'false'),(139,'Montenegro','2008-05-22 10:36:55',NULL,'false'),(140,'Montserrat','2008-05-22 10:36:55',NULL,'false'),(141,'Morocco','2008-05-22 10:36:55',NULL,'false'),(142,'Mozambique','2008-05-22 10:36:55',NULL,'false'),(143,'Myanmar','2008-05-22 10:36:55',NULL,'false'),(144,'Namibia','2008-05-22 10:36:55',NULL,'false'),(145,'Nauru','2008-05-22 10:36:55',NULL,'false'),(146,'Nepal','2008-05-22 10:36:55',NULL,'false'),(147,'Netherlands','2008-05-22 10:36:55',NULL,'false'),(148,'Netherlands Antilles','2008-05-22 10:36:55',NULL,'false'),(149,'New Caledonia','2008-05-22 10:36:55',NULL,'false'),(150,'New Zealand','2008-05-22 10:36:55',NULL,'false'),(151,'Nicaragua','2008-05-22 10:36:55',NULL,'false'),(152,'Niger','2008-05-22 10:36:55',NULL,'false'),(153,'Nigeria','2008-05-22 10:36:55',NULL,'false'),(154,'Niue','2008-05-22 10:36:55',NULL,'false'),(155,'Norfolk Island','2008-05-22 10:36:55',NULL,'false'),(156,'Northern Mariana Islands','2008-05-22 10:36:55',NULL,'false'),(157,'Norway','2008-05-22 10:36:55',NULL,'false'),(158,'Occupied Palestinian Territory','2008-05-22 10:36:55',NULL,'false'),(159,'Oman','2008-05-22 10:36:55',NULL,'false'),(160,'Pakistan','2008-05-22 10:36:55',NULL,'false'),(161,'Palau','2008-05-22 10:36:55',NULL,'false'),(162,'Panama','2008-05-22 10:36:55',NULL,'false'),(163,'Papua New Guinea','2008-05-22 10:36:55',NULL,'false'),(164,'Paraguay','2008-05-22 10:36:55',NULL,'false'),(165,'Peru','2008-05-22 10:36:55',NULL,'false'),(166,'Philippines','2008-05-22 10:36:55',NULL,'false'),(167,'Pitcairn','2008-05-22 10:36:55',NULL,'false'),(168,'Poland','2008-05-22 10:36:55',NULL,'false'),(169,'Portugal','2008-05-22 10:36:55',NULL,'false'),(170,'Puerto Rico','2008-05-22 10:36:55',NULL,'false'),(171,'Qatar','2008-05-22 10:36:55',NULL,'false'),(172,'Republic of Korea','2008-05-22 10:36:55',NULL,'false'),(173,'Republic of Moldova','2008-05-22 10:36:55',NULL,'false'),(174,'Runion','2008-05-22 10:36:55',NULL,'false'),(175,'Romania','2008-05-22 10:36:55',NULL,'false'),(176,'Russian Federation','2008-05-22 10:36:55',NULL,'false'),(177,'Rwanda','2008-05-22 10:36:55',NULL,'false'),(178,'Saint Helena','2008-05-22 10:36:55',NULL,'false'),(179,'Saint Kitts and Nevis','2008-05-22 10:36:55',NULL,'false'),(180,'Saint Lucia','2008-05-22 10:36:55',NULL,'false'),(181,'Saint Pierre and Miquelon','2008-05-22 10:36:55',NULL,'false'),(182,'Saint Vincent and the Grenadines','2008-05-22 10:36:55',NULL,'false'),(183,'Samoa','2008-05-22 10:36:55',NULL,'false'),(184,'San Marino','2008-05-22 10:36:55',NULL,'false'),(185,'Sao Tome and Principe','2008-05-22 10:36:55',NULL,'false'),(186,'Saudi Arabia','2008-05-22 10:36:55',NULL,'false'),(187,'Senegal','2008-05-22 10:36:55',NULL,'false'),(188,'Serbia','2008-05-22 10:36:55',NULL,'false'),(189,'Seychelles','2008-05-22 10:36:55',NULL,'false'),(190,'Sierra Leone','2008-05-22 10:36:55',NULL,'false'),(191,'Singapore','2008-05-22 10:36:55',NULL,'false'),(192,'Slovakia','2008-05-22 10:36:55',NULL,'false'),(193,'Slovenia','2008-05-22 10:36:55',NULL,'false'),(194,'Solomon Islands','2008-05-22 10:36:55',NULL,'false'),(195,'Somalia','2008-05-22 10:36:55',NULL,'false'),(196,'South Africa','2008-05-22 10:36:55',NULL,'false'),(197,'Spain','2008-05-22 10:36:55',NULL,'false'),(198,'Sri Lanka','2008-05-22 10:36:55',NULL,'false'),(199,'Sudan','2008-05-22 10:36:55',NULL,'false'),(200,'Suriname','2008-05-22 10:36:55',NULL,'false'),(201,'Svalbard and Jan Mayen Islands','2008-05-22 10:36:55',NULL,'false'),(202,'Swaziland','2008-05-22 10:36:55',NULL,'false'),(203,'Sweden','2008-05-22 10:36:55',NULL,'false'),(204,'Switzerland','2008-05-22 10:36:55',NULL,'false'),(205,'Syrian Arab Republic','2008-05-22 10:36:55',NULL,'false'),(206,'Taiwan, Republic of China','2008-05-22 10:36:56',NULL,'false'),(207,'Tajikistan','2008-05-22 10:36:56',NULL,'false'),(208,'Thailand','2008-05-22 10:36:56',NULL,'false'),(209,'The former Yugoslav Republic of Macedonia','2008-05-22 10:36:56',NULL,'false'),(210,'Timor-Leste','2008-05-22 10:36:56',NULL,'false'),(211,'Togo','2008-05-22 10:36:56',NULL,'false'),(212,'Tokelau','2008-05-22 10:36:56',NULL,'false'),(213,'Tonga','2008-05-22 10:36:56',NULL,'false'),(214,'Trinidad and Tobago','2008-05-22 10:36:56',NULL,'false'),(215,'Tunisia','2008-05-22 10:36:56',NULL,'false'),(216,'Turkey','2008-05-22 10:36:56',NULL,'false'),(217,'Turkmenistan','2008-05-22 10:36:56',NULL,'false'),(218,'Turks and Caicos Islands','2008-05-22 10:36:56',NULL,'false'),(219,'Tuvalu','2008-05-22 10:36:56',NULL,'false'),(220,'Uganda','2008-05-22 10:36:56',NULL,'false'),(221,'Ukraine','2008-05-22 10:36:56',NULL,'false'),(222,'United Arab Emirates','2008-05-22 10:36:56',NULL,'false'),(223,'United Kingdom of Great Britain and Northern Ireland','2008-05-22 10:36:56',NULL,'false'),(224,'United Republic of Tanzania','2008-05-22 10:36:56',NULL,'false'),(225,'United States of America','2008-05-22 10:36:56',NULL,'false'),(226,'United States Virgin Islands','2008-05-22 10:36:56',NULL,'false'),(227,'Uruguay','2008-05-22 10:36:56',NULL,'false'),(228,'Uzbekistan','2008-05-22 10:36:56',NULL,'false'),(229,'Vanuatu','2008-05-22 10:36:56',NULL,'false'),(230,'Venezuela (Bolivarian Republic of)','2008-05-22 10:36:56',NULL,'false'),(231,'Viet Nam','2008-05-22 10:36:56',NULL,'false'),(232,'Wallis and Futuna Islands','2008-05-22 10:36:56',NULL,'false'),(233,'Western Sahara','2008-05-22 10:36:56',NULL,'false'),(234,'Yemen','2008-05-22 10:36:56',NULL,'false'),(235,'Zambia','2008-05-22 10:36:56',NULL,'false'),(236,'Zimbabwe','2008-05-22 10:36:56',NULL,'false');
/*!40000 ALTER TABLE `states` ENABLE KEYS */;
UNLOCK TABLES;

--
-- Table structure for table `userdata`
--

DROP TABLE IF EXISTS `userdata`;
CREATE TABLE `userdata` (
  `data_id` bigint(20) NOT NULL,
  `comment` varchar(255) default NULL,
  `data` varchar(255) default NULL,
  `data_key` varchar(255) default NULL,
  `starttime` datetime default NULL,
  `updatetime` datetime default NULL,
  `deleted` varchar(255) default NULL,
  `user_id` bigint(20) default NULL,
  PRIMARY KEY  (`data_id`)
) ENGINE=InnoDB DEFAULT CHARSET=latin1;

--
-- Dumping data for table `userdata`
--

LOCK TABLES `userdata` WRITE;
/*!40000 ALTER TABLE `userdata` DISABLE KEYS */;
/*!40000 ALTER TABLE `userdata` ENABLE KEYS */;
UNLOCK TABLES;

--
-- Table structure for table `usergroups`
--

DROP TABLE IF EXISTS `usergroups`;
CREATE TABLE `usergroups` (
  `usergroup_id` bigint(20) NOT NULL,
  `level_id` bigint(20) default NULL,
  `name` varchar(255) default NULL,
  `starttime` datetime default NULL,
  `updatetime` datetime default NULL,
  `deleted` varchar(255) default NULL,
  `comment` varchar(255) default NULL,
  `description` varchar(255) default NULL,
  `user_id` bigint(20) default NULL,
  PRIMARY KEY  (`usergroup_id`)
) ENGINE=InnoDB DEFAULT CHARSET=latin1;

--
-- Dumping data for table `usergroups`
--

LOCK TABLES `usergroups` WRITE;
/*!40000 ALTER TABLE `usergroups` DISABLE KEYS */;
/*!40000 ALTER TABLE `usergroups` ENABLE KEYS */;
UNLOCK TABLES;

--
-- Table structure for table `userlevel`
--

DROP TABLE IF EXISTS `userlevel`;
CREATE TABLE `userlevel` (
  `level_id` bigint(20) NOT NULL,
  `description` varchar(255) default NULL,
  `starttime` datetime default NULL,
  `updatetime` datetime default NULL,
  `deleted` varchar(255) default NULL,
  `statuscode` int(11) default NULL,
  PRIMARY KEY  (`level_id`)
) ENGINE=InnoDB DEFAULT CHARSET=latin1;

--
-- Dumping data for table `userlevel`
--

LOCK TABLES `userlevel` WRITE;
/*!40000 ALTER TABLE `userlevel` DISABLE KEYS */;
INSERT INTO `userlevel` VALUES (1,'User','2008-05-22 10:40:50',NULL,'false',1),(2,'Moderator','2008-05-22 10:40:50',NULL,'false',2),(3,'Admin','2008-05-22 10:40:50',NULL,'false',3);
/*!40000 ALTER TABLE `userlevel` ENABLE KEYS */;
UNLOCK TABLES;

--
-- Table structure for table `users`
--

DROP TABLE IF EXISTS `users`;
CREATE TABLE `users` (
  `user_id` bigint(20) NOT NULL auto_increment,
  `age` datetime default NULL,
  `availible` int(11) default NULL,
  `deleted` varchar(255) default NULL,
  `firstname` varchar(255) default NULL,
  `language_id` bigint(20) default NULL,
  `lastlogin` datetime default NULL,
  `lastname` varchar(255) default NULL,
  `lasttrans` bigint(20) default NULL,
  `level_id` bigint(20) default NULL,
  `login` varchar(255) NOT NULL,
  `password` varchar(255) default NULL,
  `pictureuri` varchar(255) default NULL,
  `regdate` datetime default NULL,
  `resethash` varchar(255) default NULL,
  `starttime` datetime default NULL,
  `status` int(11) default NULL,
  `title_id` int(11) default NULL,
  `updatetime` datetime default NULL,
  `adresses_id` bigint(20) default NULL,
  PRIMARY KEY  (`user_id`),
  KEY `FK6A68E0857E78C0E` (`adresses_id`)
) ENGINE=MyISAM AUTO_INCREMENT=20 DEFAULT CHARSET=latin1;

--
-- Dumping data for table `users`
--

LOCK TABLES `users` WRITE;
/*!40000 ALTER TABLE `users` DISABLE KEYS */;
/*!40000 ALTER TABLE `users` ENABLE KEYS */;
UNLOCK TABLES;

--
-- Table structure for table `users_usergroups`
--

DROP TABLE IF EXISTS `users_usergroups`;
CREATE TABLE `users_usergroups` (
  `users_usergroups_id` bigint(20) NOT NULL,
  `comment` varchar(255) default NULL,
  `starttime` datetime default NULL,
  `updatetime` datetime default NULL,
  `deleted` varchar(255) default NULL,
  `user_id` bigint(20) default NULL,
  `usergroup_id` bigint(20) default NULL,
  PRIMARY KEY  (`users_usergroups_id`)
) ENGINE=InnoDB DEFAULT CHARSET=latin1;

--
-- Dumping data for table `users_usergroups`
--

LOCK TABLES `users_usergroups` WRITE;
/*!40000 ALTER TABLE `users_usergroups` DISABLE KEYS */;
/*!40000 ALTER TABLE `users_usergroups` ENABLE KEYS */;
UNLOCK TABLES;

--
-- Table structure for table `voicemail_users`
--

DROP TABLE IF EXISTS `voicemail_users`;
CREATE TABLE `voicemail_users` (
  `id` bigint(20) NOT NULL auto_increment,
  `context` varchar(50) NOT NULL,
  `customer_id` bigint(20) NOT NULL,
  `email` varchar(50) NOT NULL,
  `fullname` varchar(50) NOT NULL,
  `mailbox` bigint(20) NOT NULL,
  `pager` varchar(50) NOT NULL,
  `password` varchar(4) NOT NULL,
  `stamp` datetime NOT NULL,
  PRIMARY KEY  (`id`)
) ENGINE=MyISAM DEFAULT CHARSET=latin1;

--
-- Dumping data for table `voicemail_users`
--

LOCK TABLES `voicemail_users` WRITE;
/*!40000 ALTER TABLE `voicemail_users` DISABLE KEYS */;
/*!40000 ALTER TABLE `voicemail_users` ENABLE KEYS */;
UNLOCK TABLES;
/*!40103 SET TIME_ZONE=@OLD_TIME_ZONE */;

/*!40101 SET SQL_MODE=@OLD_SQL_MODE */;
/*!40014 SET FOREIGN_KEY_CHECKS=@OLD_FOREIGN_KEY_CHECKS */;
/*!40014 SET UNIQUE_CHECKS=@OLD_UNIQUE_CHECKS */;
/*!40101 SET CHARACTER_SET_CLIENT=@OLD_CHARACTER_SET_CLIENT */;
/*!40101 SET CHARACTER_SET_RESULTS=@OLD_CHARACTER_SET_RESULTS */;
/*!40101 SET COLLATION_CONNECTION=@OLD_COLLATION_CONNECTION */;
/*!40111 SET SQL_NOTES=@OLD_SQL_NOTES */;

-- Dump completed on 2008-06-03 13:41:27
